Partition Merge report for dcj11_helloworld
Fri Jun 26 22:24:45 2026
Quartus Prime Version 18.1.0 Build 625 09/12/2018 SJ Standard Edition


---------------------
; Table of Contents ;
---------------------
  1. Legal Notice
  2. Partition Merge Summary
  3. Partition Merge Netlist Types Used
  4. Connections to In-System Debugging Instance "auto_signaltap_0"
  5. Partition Merge Partition Statistics
  6. Partition Merge Partition Pin Processing
  7. Partition Merge Resource Usage Summary
  8. Partition Merge RAM Summary
  9. Partition Merge Messages



----------------
; Legal Notice ;
----------------
Copyright (C) 2018  Intel Corporation. All rights reserved.
Your use of Intel Corporation's design tools, logic functions 
and other software and tools, and its AMPP partner logic 
functions, and any output files from any of the foregoing 
(including device programming or simulation files), and any 
associated documentation or information are expressly subject 
to the terms and conditions of the Intel Program License 
Subscription Agreement, the Intel Quartus Prime License Agreement,
the Intel FPGA IP License Agreement, or other applicable license
agreement, including, without limitation, that your use is for
the sole purpose of programming logic devices manufactured by
Intel and sold by Intel or its authorized distributors.  Please
refer to the applicable agreement for further details.



+--------------------------------------------------------------------------------------+
; Partition Merge Summary                                                              ;
+------------------------------------+-------------------------------------------------+
; Partition Merge Status             ; Successful - Fri Jun 26 22:24:45 2026           ;
; Quartus Prime Version              ; 18.1.0 Build 625 09/12/2018 SJ Standard Edition ;
; Revision Name                      ; dcj11_helloworld                                ;
; Top-level Entity Name              ; top                                             ;
; Family                             ; Cyclone IV E                                    ;
; Total logic elements               ; 3,036                                           ;
;     Total combinational functions  ; 2,038                                           ;
;     Dedicated logic registers      ; 2,105                                           ;
; Total registers                    ; 2105                                            ;
; Total pins                         ; 97                                              ;
; Total virtual pins                 ; 0                                               ;
; Total memory bits                  ; 287,232                                         ;
; Embedded Multiplier 9-bit elements ; 0                                               ;
; Total PLLs                         ; 0                                               ;
+------------------------------------+-------------------------------------------------+


+-------------------------------------------------------------------------------------------------------------------------------+
; Partition Merge Netlist Types Used                                                                                            ;
+--------------------------------+----------------+-------------------+------------------------+--------------------------------+
; Partition Name                 ; Partition Type ; Netlist Type Used ; Netlist Type Requested ; Partition Contents             ;
+--------------------------------+----------------+-------------------+------------------------+--------------------------------+
; Top                            ; User-created   ; Source File       ; Post-Fit               ;                                ;
; sld_hub:auto_hub               ; Auto-generated ; Post-Synthesis    ; Post-Synthesis         ; sld_hub:auto_hub               ;
; sld_signaltap:auto_signaltap_0 ; Auto-generated ; Post-Synthesis    ; Post-Synthesis         ; sld_signaltap:auto_signaltap_0 ;
; hard_block:auto_generated_inst ; Auto-generated ; Source File       ; Source File            ; hard_block:auto_generated_inst ;
+--------------------------------+----------------+-------------------+------------------------+--------------------------------+


+---------------------------------------------------------------------------------------------------------------------------------------------------------------------------------------------------+
; Connections to In-System Debugging Instance "auto_signaltap_0"                                                                                                                                    ;
+----------------------+--------------+-----------+--------------------------------+-------------------+----------------------------------------------------------------------------------+---------+
; Name                 ; Type         ; Status    ; Partition Name                 ; Netlist Type Used ; Actual Connection                                                                ; Details ;
+----------------------+--------------+-----------+--------------------------------+-------------------+----------------------------------------------------------------------------------+---------+
; auto_signaltap_0|gnd ; post-fitting ; connected ; sld_signaltap:auto_signaltap_0 ; post-synthesis    ; sld_signaltap:auto_signaltap_0|~GND                                              ; N/A     ;
; auto_signaltap_0|gnd ; post-fitting ; connected ; sld_signaltap:auto_signaltap_0 ; post-synthesis    ; sld_signaltap:auto_signaltap_0|~GND                                              ; N/A     ;
; auto_signaltap_0|gnd ; post-fitting ; connected ; sld_signaltap:auto_signaltap_0 ; post-synthesis    ; sld_signaltap:auto_signaltap_0|~GND                                              ; N/A     ;
; auto_signaltap_0|gnd ; post-fitting ; connected ; sld_signaltap:auto_signaltap_0 ; post-synthesis    ; sld_signaltap:auto_signaltap_0|~GND                                              ; N/A     ;
; auto_signaltap_0|gnd ; post-fitting ; connected ; sld_signaltap:auto_signaltap_0 ; post-synthesis    ; sld_signaltap:auto_signaltap_0|~GND                                              ; N/A     ;
; auto_signaltap_0|gnd ; post-fitting ; connected ; sld_signaltap:auto_signaltap_0 ; post-synthesis    ; sld_signaltap:auto_signaltap_0|~GND                                              ; N/A     ;
; auto_signaltap_0|gnd ; post-fitting ; connected ; sld_signaltap:auto_signaltap_0 ; post-synthesis    ; sld_signaltap:auto_signaltap_0|~GND                                              ; N/A     ;
; auto_signaltap_0|gnd ; post-fitting ; connected ; sld_signaltap:auto_signaltap_0 ; post-synthesis    ; sld_signaltap:auto_signaltap_0|~GND                                              ; N/A     ;
; auto_signaltap_0|gnd ; post-fitting ; connected ; sld_signaltap:auto_signaltap_0 ; post-synthesis    ; sld_signaltap:auto_signaltap_0|~GND                                              ; N/A     ;
; auto_signaltap_0|gnd ; post-fitting ; connected ; sld_signaltap:auto_signaltap_0 ; post-synthesis    ; sld_signaltap:auto_signaltap_0|~GND                                              ; N/A     ;
; auto_signaltap_0|gnd ; post-fitting ; connected ; sld_signaltap:auto_signaltap_0 ; post-synthesis    ; sld_signaltap:auto_signaltap_0|~GND                                              ; N/A     ;
; auto_signaltap_0|gnd ; post-fitting ; connected ; sld_signaltap:auto_signaltap_0 ; post-synthesis    ; sld_signaltap:auto_signaltap_0|~GND                                              ; N/A     ;
; auto_signaltap_0|gnd ; post-fitting ; connected ; sld_signaltap:auto_signaltap_0 ; post-synthesis    ; sld_signaltap:auto_signaltap_0|~GND                                              ; N/A     ;
; auto_signaltap_0|vcc ; post-fitting ; connected ; sld_signaltap:auto_signaltap_0 ; post-synthesis    ; sld_signaltap:auto_signaltap_0|~VCC                                              ; N/A     ;
; auto_signaltap_0|vcc ; post-fitting ; connected ; sld_signaltap:auto_signaltap_0 ; post-synthesis    ; sld_signaltap:auto_signaltap_0|~VCC                                              ; N/A     ;
; auto_signaltap_0|vcc ; post-fitting ; connected ; sld_signaltap:auto_signaltap_0 ; post-synthesis    ; sld_signaltap:auto_signaltap_0|~VCC                                              ; N/A     ;
; auto_signaltap_0|vcc ; post-fitting ; connected ; sld_signaltap:auto_signaltap_0 ; post-synthesis    ; sld_signaltap:auto_signaltap_0|~VCC                                              ; N/A     ;
; auto_signaltap_0|vcc ; post-fitting ; connected ; sld_signaltap:auto_signaltap_0 ; post-synthesis    ; sld_signaltap:auto_signaltap_0|~VCC                                              ; N/A     ;
; auto_signaltap_0|vcc ; post-fitting ; connected ; sld_signaltap:auto_signaltap_0 ; post-synthesis    ; sld_signaltap:auto_signaltap_0|~VCC                                              ; N/A     ;
; auto_signaltap_0|vcc ; post-fitting ; connected ; sld_signaltap:auto_signaltap_0 ; post-synthesis    ; sld_signaltap:auto_signaltap_0|~VCC                                              ; N/A     ;
; auto_signaltap_0|vcc ; post-fitting ; connected ; sld_signaltap:auto_signaltap_0 ; post-synthesis    ; sld_signaltap:auto_signaltap_0|~VCC                                              ; N/A     ;
; auto_signaltap_0|vcc ; post-fitting ; connected ; sld_signaltap:auto_signaltap_0 ; post-synthesis    ; sld_signaltap:auto_signaltap_0|~VCC                                              ; N/A     ;
; auto_signaltap_0|vcc ; post-fitting ; connected ; sld_signaltap:auto_signaltap_0 ; post-synthesis    ; sld_signaltap:auto_signaltap_0|~VCC                                              ; N/A     ;
; auto_signaltap_0|vcc ; post-fitting ; connected ; sld_signaltap:auto_signaltap_0 ; post-synthesis    ; sld_signaltap:auto_signaltap_0|~VCC                                              ; N/A     ;
; auto_signaltap_0|vcc ; post-fitting ; connected ; sld_signaltap:auto_signaltap_0 ; post-synthesis    ; sld_signaltap:auto_signaltap_0|~VCC                                              ; N/A     ;
; auto_signaltap_0|vcc ; post-fitting ; connected ; sld_signaltap:auto_signaltap_0 ; post-synthesis    ; sld_signaltap:auto_signaltap_0|~VCC                                              ; N/A     ;
; auto_signaltap_0|vcc ; post-fitting ; connected ; sld_signaltap:auto_signaltap_0 ; post-synthesis    ; sld_signaltap:auto_signaltap_0|~VCC                                              ; N/A     ;
; auto_signaltap_0|vcc ; post-fitting ; connected ; sld_signaltap:auto_signaltap_0 ; post-synthesis    ; sld_signaltap:auto_signaltap_0|~VCC                                              ; N/A     ;
; auto_signaltap_0|vcc ; post-fitting ; connected ; sld_signaltap:auto_signaltap_0 ; post-synthesis    ; sld_signaltap:auto_signaltap_0|~VCC                                              ; N/A     ;
; auto_signaltap_0|vcc ; post-fitting ; connected ; sld_signaltap:auto_signaltap_0 ; post-synthesis    ; sld_signaltap:auto_signaltap_0|~VCC                                              ; N/A     ;
; auto_signaltap_0|vcc ; post-fitting ; connected ; sld_signaltap:auto_signaltap_0 ; post-synthesis    ; sld_signaltap:auto_signaltap_0|~VCC                                              ; N/A     ;
; auto_signaltap_0|vcc ; post-fitting ; connected ; sld_signaltap:auto_signaltap_0 ; post-synthesis    ; sld_signaltap:auto_signaltap_0|~VCC                                              ; N/A     ;
; clk50                ; post-fitting ; connected ; Top                            ; post-synthesis    ; clk50                                                                            ; N/A     ;
; dcj_abort_n          ; post-fitting ; connected ; Top                            ; post-synthesis    ; dcj11_sram_2kb_hello_core:core|abort_active~_wirecell                            ; N/A     ;
; dcj_abort_n          ; post-fitting ; connected ; Top                            ; post-synthesis    ; dcj11_sram_2kb_hello_core:core|abort_active~_wirecell                            ; N/A     ;
; dcj_aio[0]           ; post-fitting ; connected ; Top                            ; post-synthesis    ; dcj_aio[0]                                                                       ; N/A     ;
; dcj_aio[0]           ; post-fitting ; connected ; Top                            ; post-synthesis    ; dcj_aio[0]                                                                       ; N/A     ;
; dcj_aio[1]           ; post-fitting ; connected ; Top                            ; post-synthesis    ; dcj_aio[1]                                                                       ; N/A     ;
; dcj_aio[1]           ; post-fitting ; connected ; Top                            ; post-synthesis    ; dcj_aio[1]                                                                       ; N/A     ;
; dcj_aio[2]           ; post-fitting ; connected ; Top                            ; post-synthesis    ; dcj_aio[2]                                                                       ; N/A     ;
; dcj_aio[2]           ; post-fitting ; connected ; Top                            ; post-synthesis    ; dcj_aio[2]                                                                       ; N/A     ;
; dcj_aio[3]           ; post-fitting ; connected ; Top                            ; post-synthesis    ; dcj_aio[3]                                                                       ; N/A     ;
; dcj_aio[3]           ; post-fitting ; connected ; Top                            ; post-synthesis    ; dcj_aio[3]                                                                       ; N/A     ;
; dcj_ale_n            ; post-fitting ; connected ; Top                            ; post-synthesis    ; dcj_ale_n                                                                        ; N/A     ;
; dcj_ale_n            ; post-fitting ; connected ; Top                            ; post-synthesis    ; dcj_ale_n                                                                        ; N/A     ;
; dcj_bs[0]            ; post-fitting ; connected ; Top                            ; post-synthesis    ; dcj_bs[0]                                                                        ; N/A     ;
; dcj_bs[0]            ; post-fitting ; connected ; Top                            ; post-synthesis    ; dcj_bs[0]                                                                        ; N/A     ;
; dcj_bs[1]            ; post-fitting ; connected ; Top                            ; post-synthesis    ; dcj_bs[1]                                                                        ; N/A     ;
; dcj_bs[1]            ; post-fitting ; connected ; Top                            ; post-synthesis    ; dcj_bs[1]                                                                        ; N/A     ;
; dcj_bufctl_n         ; post-fitting ; connected ; Top                            ; post-synthesis    ; dcj_bufctl_n                                                                     ; N/A     ;
; dcj_bufctl_n         ; post-fitting ; connected ; Top                            ; post-synthesis    ; dcj_bufctl_n                                                                     ; N/A     ;
; dcj_clk2             ; post-fitting ; connected ; Top                            ; post-synthesis    ; dcj_clk2                                                                         ; N/A     ;
; dcj_clk2             ; post-fitting ; connected ; Top                            ; post-synthesis    ; dcj_clk2                                                                         ; N/A     ;
; dcj_cont_n           ; post-fitting ; connected ; Top                            ; post-synthesis    ; dcj11_sram_2kb_hello_core:core|cont_wait                                         ; N/A     ;
; dcj_cont_n           ; post-fitting ; connected ; Top                            ; post-synthesis    ; dcj11_sram_2kb_hello_core:core|cont_wait                                         ; N/A     ;
; dcj_dal[0]           ; post-fitting ; connected ; Top                            ; post-synthesis    ; dcj_dal[0]                                                                       ; N/A     ;
; dcj_dal[0]           ; post-fitting ; connected ; Top                            ; post-synthesis    ; dcj_dal[0]                                                                       ; N/A     ;
; dcj_dal[10]          ; post-fitting ; connected ; Top                            ; post-synthesis    ; dcj_dal[10]                                                                      ; N/A     ;
; dcj_dal[10]          ; post-fitting ; connected ; Top                            ; post-synthesis    ; dcj_dal[10]                                                                      ; N/A     ;
; dcj_dal[11]          ; post-fitting ; connected ; Top                            ; post-synthesis    ; dcj_dal[11]                                                                      ; N/A     ;
; dcj_dal[11]          ; post-fitting ; connected ; Top                            ; post-synthesis    ; dcj_dal[11]                                                                      ; N/A     ;
; dcj_dal[12]          ; post-fitting ; connected ; Top                            ; post-synthesis    ; dcj_dal[12]                                                                      ; N/A     ;
; dcj_dal[12]          ; post-fitting ; connected ; Top                            ; post-synthesis    ; dcj_dal[12]                                                                      ; N/A     ;
; dcj_dal[13]          ; post-fitting ; connected ; Top                            ; post-synthesis    ; dcj_dal[13]                                                                      ; N/A     ;
; dcj_dal[13]          ; post-fitting ; connected ; Top                            ; post-synthesis    ; dcj_dal[13]                                                                      ; N/A     ;
; dcj_dal[14]          ; post-fitting ; connected ; Top                            ; post-synthesis    ; dcj_dal[14]                                                                      ; N/A     ;
; dcj_dal[14]          ; post-fitting ; connected ; Top                            ; post-synthesis    ; dcj_dal[14]                                                                      ; N/A     ;
; dcj_dal[15]          ; post-fitting ; connected ; Top                            ; post-synthesis    ; dcj_dal[15]                                                                      ; N/A     ;
; dcj_dal[15]          ; post-fitting ; connected ; Top                            ; post-synthesis    ; dcj_dal[15]                                                                      ; N/A     ;
; dcj_dal[1]           ; post-fitting ; connected ; Top                            ; post-synthesis    ; dcj_dal[1]                                                                       ; N/A     ;
; dcj_dal[1]           ; post-fitting ; connected ; Top                            ; post-synthesis    ; dcj_dal[1]                                                                       ; N/A     ;
; dcj_dal[2]           ; post-fitting ; connected ; Top                            ; post-synthesis    ; dcj_dal[2]                                                                       ; N/A     ;
; dcj_dal[2]           ; post-fitting ; connected ; Top                            ; post-synthesis    ; dcj_dal[2]                                                                       ; N/A     ;
; dcj_dal[3]           ; post-fitting ; connected ; Top                            ; post-synthesis    ; dcj_dal[3]                                                                       ; N/A     ;
; dcj_dal[3]           ; post-fitting ; connected ; Top                            ; post-synthesis    ; dcj_dal[3]                                                                       ; N/A     ;
; dcj_dal[4]           ; post-fitting ; connected ; Top                            ; post-synthesis    ; dcj_dal[4]                                                                       ; N/A     ;
; dcj_dal[4]           ; post-fitting ; connected ; Top                            ; post-synthesis    ; dcj_dal[4]                                                                       ; N/A     ;
; dcj_dal[5]           ; post-fitting ; connected ; Top                            ; post-synthesis    ; dcj_dal[5]                                                                       ; N/A     ;
; dcj_dal[5]           ; post-fitting ; connected ; Top                            ; post-synthesis    ; dcj_dal[5]                                                                       ; N/A     ;
; dcj_dal[6]           ; post-fitting ; connected ; Top                            ; post-synthesis    ; dcj_dal[6]                                                                       ; N/A     ;
; dcj_dal[6]           ; post-fitting ; connected ; Top                            ; post-synthesis    ; dcj_dal[6]                                                                       ; N/A     ;
; dcj_dal[7]           ; post-fitting ; connected ; Top                            ; post-synthesis    ; dcj_dal[7]                                                                       ; N/A     ;
; dcj_dal[7]           ; post-fitting ; connected ; Top                            ; post-synthesis    ; dcj_dal[7]                                                                       ; N/A     ;
; dcj_dal[8]           ; post-fitting ; connected ; Top                            ; post-synthesis    ; dcj_dal[8]                                                                       ; N/A     ;
; dcj_dal[8]           ; post-fitting ; connected ; Top                            ; post-synthesis    ; dcj_dal[8]                                                                       ; N/A     ;
; dcj_dal[9]           ; post-fitting ; connected ; Top                            ; post-synthesis    ; dcj_dal[9]                                                                       ; N/A     ;
; dcj_dal[9]           ; post-fitting ; connected ; Top                            ; post-synthesis    ; dcj_dal[9]                                                                       ; N/A     ;
; dcj_sctl_n           ; post-fitting ; connected ; Top                            ; post-synthesis    ; dcj_sctl_n                                                                       ; N/A     ;
; dcj_sctl_n           ; post-fitting ; connected ; Top                            ; post-synthesis    ; dcj_sctl_n                                                                       ; N/A     ;
; dcj_strb_n           ; post-fitting ; connected ; Top                            ; post-synthesis    ; dcj_strb_n                                                                       ; N/A     ;
; dcj_strb_n           ; post-fitting ; connected ; Top                            ; post-synthesis    ; dcj_strb_n                                                                       ; N/A     ;
; sram_addr[0]         ; post-fitting ; connected ; Top                            ; post-synthesis    ; dcj11_sram_2kb_hello_core:core|sram_dual_x8_bus16:sram_ip|sram_addr[0]           ; N/A     ;
; sram_addr[0]         ; post-fitting ; connected ; Top                            ; post-synthesis    ; dcj11_sram_2kb_hello_core:core|sram_dual_x8_bus16:sram_ip|sram_addr[0]           ; N/A     ;
; sram_addr[10]        ; post-fitting ; connected ; Top                            ; post-synthesis    ; dcj11_sram_2kb_hello_core:core|sram_dual_x8_bus16:sram_ip|sram_addr[10]          ; N/A     ;
; sram_addr[10]        ; post-fitting ; connected ; Top                            ; post-synthesis    ; dcj11_sram_2kb_hello_core:core|sram_dual_x8_bus16:sram_ip|sram_addr[10]          ; N/A     ;
; sram_addr[11]        ; post-fitting ; connected ; Top                            ; post-synthesis    ; dcj11_sram_2kb_hello_core:core|sram_dual_x8_bus16:sram_ip|sram_addr[11]          ; N/A     ;
; sram_addr[11]        ; post-fitting ; connected ; Top                            ; post-synthesis    ; dcj11_sram_2kb_hello_core:core|sram_dual_x8_bus16:sram_ip|sram_addr[11]          ; N/A     ;
; sram_addr[12]        ; post-fitting ; connected ; Top                            ; post-synthesis    ; dcj11_sram_2kb_hello_core:core|sram_dual_x8_bus16:sram_ip|sram_addr[12]          ; N/A     ;
; sram_addr[12]        ; post-fitting ; connected ; Top                            ; post-synthesis    ; dcj11_sram_2kb_hello_core:core|sram_dual_x8_bus16:sram_ip|sram_addr[12]          ; N/A     ;
; sram_addr[13]        ; post-fitting ; connected ; Top                            ; post-synthesis    ; dcj11_sram_2kb_hello_core:core|sram_dual_x8_bus16:sram_ip|sram_addr[13]          ; N/A     ;
; sram_addr[13]        ; post-fitting ; connected ; Top                            ; post-synthesis    ; dcj11_sram_2kb_hello_core:core|sram_dual_x8_bus16:sram_ip|sram_addr[13]          ; N/A     ;
; sram_addr[14]        ; post-fitting ; connected ; Top                            ; post-synthesis    ; dcj11_sram_2kb_hello_core:core|sram_dual_x8_bus16:sram_ip|sram_addr[14]          ; N/A     ;
; sram_addr[14]        ; post-fitting ; connected ; Top                            ; post-synthesis    ; dcj11_sram_2kb_hello_core:core|sram_dual_x8_bus16:sram_ip|sram_addr[14]          ; N/A     ;
; sram_addr[15]        ; post-fitting ; connected ; Top                            ; post-synthesis    ; dcj11_sram_2kb_hello_core:core|sram_dual_x8_bus16:sram_ip|sram_addr[15]          ; N/A     ;
; sram_addr[15]        ; post-fitting ; connected ; Top                            ; post-synthesis    ; dcj11_sram_2kb_hello_core:core|sram_dual_x8_bus16:sram_ip|sram_addr[15]          ; N/A     ;
; sram_addr[16]        ; post-fitting ; connected ; Top                            ; post-synthesis    ; dcj11_sram_2kb_hello_core:core|sram_dual_x8_bus16:sram_ip|sram_addr[16]          ; N/A     ;
; sram_addr[16]        ; post-fitting ; connected ; Top                            ; post-synthesis    ; dcj11_sram_2kb_hello_core:core|sram_dual_x8_bus16:sram_ip|sram_addr[16]          ; N/A     ;
; sram_addr[17]        ; post-fitting ; connected ; Top                            ; post-synthesis    ; dcj11_sram_2kb_hello_core:core|sram_dual_x8_bus16:sram_ip|sram_addr[17]          ; N/A     ;
; sram_addr[17]        ; post-fitting ; connected ; Top                            ; post-synthesis    ; dcj11_sram_2kb_hello_core:core|sram_dual_x8_bus16:sram_ip|sram_addr[17]          ; N/A     ;
; sram_addr[18]        ; post-fitting ; connected ; Top                            ; post-synthesis    ; dcj11_sram_2kb_hello_core:core|sram_dual_x8_bus16:sram_ip|sram_addr[18]          ; N/A     ;
; sram_addr[18]        ; post-fitting ; connected ; Top                            ; post-synthesis    ; dcj11_sram_2kb_hello_core:core|sram_dual_x8_bus16:sram_ip|sram_addr[18]          ; N/A     ;
; sram_addr[19]        ; post-fitting ; connected ; Top                            ; post-synthesis    ; dcj11_sram_2kb_hello_core:core|sram_dual_x8_bus16:sram_ip|sram_addr[19]          ; N/A     ;
; sram_addr[19]        ; post-fitting ; connected ; Top                            ; post-synthesis    ; dcj11_sram_2kb_hello_core:core|sram_dual_x8_bus16:sram_ip|sram_addr[19]          ; N/A     ;
; sram_addr[1]         ; post-fitting ; connected ; Top                            ; post-synthesis    ; dcj11_sram_2kb_hello_core:core|sram_dual_x8_bus16:sram_ip|sram_addr[1]           ; N/A     ;
; sram_addr[1]         ; post-fitting ; connected ; Top                            ; post-synthesis    ; dcj11_sram_2kb_hello_core:core|sram_dual_x8_bus16:sram_ip|sram_addr[1]           ; N/A     ;
; sram_addr[20]        ; post-fitting ; connected ; Top                            ; post-synthesis    ; dcj11_sram_2kb_hello_core:core|sram_dual_x8_bus16:sram_ip|sram_addr[20]          ; N/A     ;
; sram_addr[20]        ; post-fitting ; connected ; Top                            ; post-synthesis    ; dcj11_sram_2kb_hello_core:core|sram_dual_x8_bus16:sram_ip|sram_addr[20]          ; N/A     ;
; sram_addr[2]         ; post-fitting ; connected ; Top                            ; post-synthesis    ; dcj11_sram_2kb_hello_core:core|sram_dual_x8_bus16:sram_ip|sram_addr[2]           ; N/A     ;
; sram_addr[2]         ; post-fitting ; connected ; Top                            ; post-synthesis    ; dcj11_sram_2kb_hello_core:core|sram_dual_x8_bus16:sram_ip|sram_addr[2]           ; N/A     ;
; sram_addr[3]         ; post-fitting ; connected ; Top                            ; post-synthesis    ; dcj11_sram_2kb_hello_core:core|sram_dual_x8_bus16:sram_ip|sram_addr[3]           ; N/A     ;
; sram_addr[3]         ; post-fitting ; connected ; Top                            ; post-synthesis    ; dcj11_sram_2kb_hello_core:core|sram_dual_x8_bus16:sram_ip|sram_addr[3]           ; N/A     ;
; sram_addr[4]         ; post-fitting ; connected ; Top                            ; post-synthesis    ; dcj11_sram_2kb_hello_core:core|sram_dual_x8_bus16:sram_ip|sram_addr[4]           ; N/A     ;
; sram_addr[4]         ; post-fitting ; connected ; Top                            ; post-synthesis    ; dcj11_sram_2kb_hello_core:core|sram_dual_x8_bus16:sram_ip|sram_addr[4]           ; N/A     ;
; sram_addr[5]         ; post-fitting ; connected ; Top                            ; post-synthesis    ; dcj11_sram_2kb_hello_core:core|sram_dual_x8_bus16:sram_ip|sram_addr[5]           ; N/A     ;
; sram_addr[5]         ; post-fitting ; connected ; Top                            ; post-synthesis    ; dcj11_sram_2kb_hello_core:core|sram_dual_x8_bus16:sram_ip|sram_addr[5]           ; N/A     ;
; sram_addr[6]         ; post-fitting ; connected ; Top                            ; post-synthesis    ; dcj11_sram_2kb_hello_core:core|sram_dual_x8_bus16:sram_ip|sram_addr[6]           ; N/A     ;
; sram_addr[6]         ; post-fitting ; connected ; Top                            ; post-synthesis    ; dcj11_sram_2kb_hello_core:core|sram_dual_x8_bus16:sram_ip|sram_addr[6]           ; N/A     ;
; sram_addr[7]         ; post-fitting ; connected ; Top                            ; post-synthesis    ; dcj11_sram_2kb_hello_core:core|sram_dual_x8_bus16:sram_ip|sram_addr[7]           ; N/A     ;
; sram_addr[7]         ; post-fitting ; connected ; Top                            ; post-synthesis    ; dcj11_sram_2kb_hello_core:core|sram_dual_x8_bus16:sram_ip|sram_addr[7]           ; N/A     ;
; sram_addr[8]         ; post-fitting ; connected ; Top                            ; post-synthesis    ; dcj11_sram_2kb_hello_core:core|sram_dual_x8_bus16:sram_ip|sram_addr[8]           ; N/A     ;
; sram_addr[8]         ; post-fitting ; connected ; Top                            ; post-synthesis    ; dcj11_sram_2kb_hello_core:core|sram_dual_x8_bus16:sram_ip|sram_addr[8]           ; N/A     ;
; sram_addr[9]         ; post-fitting ; connected ; Top                            ; post-synthesis    ; dcj11_sram_2kb_hello_core:core|sram_dual_x8_bus16:sram_ip|sram_addr[9]           ; N/A     ;
; sram_addr[9]         ; post-fitting ; connected ; Top                            ; post-synthesis    ; dcj11_sram_2kb_hello_core:core|sram_dual_x8_bus16:sram_ip|sram_addr[9]           ; N/A     ;
; sram_ce1_n           ; post-fitting ; connected ; Top                            ; post-synthesis    ; dcj11_sram_2kb_hello_core:core|sram_dual_x8_bus16:sram_ip|sram_ce1_n~_wirecell   ; N/A     ;
; sram_ce1_n           ; post-fitting ; connected ; Top                            ; post-synthesis    ; dcj11_sram_2kb_hello_core:core|sram_dual_x8_bus16:sram_ip|sram_ce1_n~_wirecell   ; N/A     ;
; sram_dq_hi[0]        ; post-fitting ; connected ; Top                            ; post-synthesis    ; sram_dq_hi[0]                                                                    ; N/A     ;
; sram_dq_hi[0]        ; post-fitting ; connected ; Top                            ; post-synthesis    ; sram_dq_hi[0]                                                                    ; N/A     ;
; sram_dq_hi[1]        ; post-fitting ; connected ; Top                            ; post-synthesis    ; sram_dq_hi[1]                                                                    ; N/A     ;
; sram_dq_hi[1]        ; post-fitting ; connected ; Top                            ; post-synthesis    ; sram_dq_hi[1]                                                                    ; N/A     ;
; sram_dq_hi[2]        ; post-fitting ; connected ; Top                            ; post-synthesis    ; sram_dq_hi[2]                                                                    ; N/A     ;
; sram_dq_hi[2]        ; post-fitting ; connected ; Top                            ; post-synthesis    ; sram_dq_hi[2]                                                                    ; N/A     ;
; sram_dq_hi[3]        ; post-fitting ; connected ; Top                            ; post-synthesis    ; sram_dq_hi[3]                                                                    ; N/A     ;
; sram_dq_hi[3]        ; post-fitting ; connected ; Top                            ; post-synthesis    ; sram_dq_hi[3]                                                                    ; N/A     ;
; sram_dq_hi[4]        ; post-fitting ; connected ; Top                            ; post-synthesis    ; sram_dq_hi[4]                                                                    ; N/A     ;
; sram_dq_hi[4]        ; post-fitting ; connected ; Top                            ; post-synthesis    ; sram_dq_hi[4]                                                                    ; N/A     ;
; sram_dq_hi[5]        ; post-fitting ; connected ; Top                            ; post-synthesis    ; sram_dq_hi[5]                                                                    ; N/A     ;
; sram_dq_hi[5]        ; post-fitting ; connected ; Top                            ; post-synthesis    ; sram_dq_hi[5]                                                                    ; N/A     ;
; sram_dq_hi[6]        ; post-fitting ; connected ; Top                            ; post-synthesis    ; sram_dq_hi[6]                                                                    ; N/A     ;
; sram_dq_hi[6]        ; post-fitting ; connected ; Top                            ; post-synthesis    ; sram_dq_hi[6]                                                                    ; N/A     ;
; sram_dq_hi[7]        ; post-fitting ; connected ; Top                            ; post-synthesis    ; sram_dq_hi[7]                                                                    ; N/A     ;
; sram_dq_hi[7]        ; post-fitting ; connected ; Top                            ; post-synthesis    ; sram_dq_hi[7]                                                                    ; N/A     ;
; sram_dq_lo[0]        ; post-fitting ; connected ; Top                            ; post-synthesis    ; sram_dq_lo[0]                                                                    ; N/A     ;
; sram_dq_lo[0]        ; post-fitting ; connected ; Top                            ; post-synthesis    ; sram_dq_lo[0]                                                                    ; N/A     ;
; sram_dq_lo[1]        ; post-fitting ; connected ; Top                            ; post-synthesis    ; sram_dq_lo[1]                                                                    ; N/A     ;
; sram_dq_lo[1]        ; post-fitting ; connected ; Top                            ; post-synthesis    ; sram_dq_lo[1]                                                                    ; N/A     ;
; sram_dq_lo[2]        ; post-fitting ; connected ; Top                            ; post-synthesis    ; sram_dq_lo[2]                                                                    ; N/A     ;
; sram_dq_lo[2]        ; post-fitting ; connected ; Top                            ; post-synthesis    ; sram_dq_lo[2]                                                                    ; N/A     ;
; sram_dq_lo[3]        ; post-fitting ; connected ; Top                            ; post-synthesis    ; sram_dq_lo[3]                                                                    ; N/A     ;
; sram_dq_lo[3]        ; post-fitting ; connected ; Top                            ; post-synthesis    ; sram_dq_lo[3]                                                                    ; N/A     ;
; sram_dq_lo[4]        ; post-fitting ; connected ; Top                            ; post-synthesis    ; sram_dq_lo[4]                                                                    ; N/A     ;
; sram_dq_lo[4]        ; post-fitting ; connected ; Top                            ; post-synthesis    ; sram_dq_lo[4]                                                                    ; N/A     ;
; sram_dq_lo[5]        ; post-fitting ; connected ; Top                            ; post-synthesis    ; sram_dq_lo[5]                                                                    ; N/A     ;
; sram_dq_lo[5]        ; post-fitting ; connected ; Top                            ; post-synthesis    ; sram_dq_lo[5]                                                                    ; N/A     ;
; sram_dq_lo[6]        ; post-fitting ; connected ; Top                            ; post-synthesis    ; sram_dq_lo[6]                                                                    ; N/A     ;
; sram_dq_lo[6]        ; post-fitting ; connected ; Top                            ; post-synthesis    ; sram_dq_lo[6]                                                                    ; N/A     ;
; sram_dq_lo[7]        ; post-fitting ; connected ; Top                            ; post-synthesis    ; sram_dq_lo[7]                                                                    ; N/A     ;
; sram_dq_lo[7]        ; post-fitting ; connected ; Top                            ; post-synthesis    ; sram_dq_lo[7]                                                                    ; N/A     ;
; sram_oe_n            ; post-fitting ; connected ; Top                            ; post-synthesis    ; dcj11_sram_2kb_hello_core:core|sram_dual_x8_bus16:sram_ip|sram_oe_n~_wirecell    ; N/A     ;
; sram_oe_n            ; post-fitting ; connected ; Top                            ; post-synthesis    ; dcj11_sram_2kb_hello_core:core|sram_dual_x8_bus16:sram_ip|sram_oe_n~_wirecell    ; N/A     ;
; sram_we_hi_n         ; post-fitting ; connected ; Top                            ; post-synthesis    ; dcj11_sram_2kb_hello_core:core|sram_dual_x8_bus16:sram_ip|sram_we_hi_n~_wirecell ; N/A     ;
; sram_we_hi_n         ; post-fitting ; connected ; Top                            ; post-synthesis    ; dcj11_sram_2kb_hello_core:core|sram_dual_x8_bus16:sram_ip|sram_we_hi_n~_wirecell ; N/A     ;
; sram_we_lo_n         ; post-fitting ; connected ; Top                            ; post-synthesis    ; dcj11_sram_2kb_hello_core:core|sram_dual_x8_bus16:sram_ip|sram_we_lo_n~_wirecell ; N/A     ;
; sram_we_lo_n         ; post-fitting ; connected ; Top                            ; post-synthesis    ; dcj11_sram_2kb_hello_core:core|sram_dual_x8_bus16:sram_ip|sram_we_lo_n~_wirecell ; N/A     ;
+----------------------+--------------+-----------+--------------------------------+-------------------+----------------------------------------------------------------------------------+---------+


+-----------------------------------------------------------------------------------------------------------------------------------------+
; Partition Merge Partition Statistics                                                                                                    ;
+---------------------------------------------+------+------------------+--------------------------------+--------------------------------+
; Statistic                                   ; Top  ; sld_hub:auto_hub ; sld_signaltap:auto_signaltap_0 ; hard_block:auto_generated_inst ;
+---------------------------------------------+------+------------------+--------------------------------+--------------------------------+
; Estimated Total logic elements              ; 1458 ; 153              ; 1431                           ; 0                              ;
;                                             ;      ;                  ;                                ;                                ;
; Total combinational functions               ; 1315 ; 126              ; 597                            ; 0                              ;
; Logic element usage by number of LUT inputs ;      ;                  ;                                ;                                ;
;     -- 4 input functions                    ; 580  ; 55               ; 281                            ; 0                              ;
;     -- 3 input functions                    ; 151  ; 37               ; 182                            ; 0                              ;
;     -- <=2 input functions                  ; 584  ; 34               ; 134                            ; 0                              ;
;                                             ;      ;                  ;                                ;                                ;
; Logic elements by mode                      ;      ;                  ;                                ;                                ;
;     -- normal mode                          ; 1044 ; 118              ; 508                            ; 0                              ;
;     -- arithmetic mode                      ; 271  ; 8                ; 89                             ; 0                              ;
;                                             ;      ;                  ;                                ;                                ;
; Total registers                             ; 804  ; 91               ; 1210                           ; 0                              ;
;     -- Dedicated logic registers            ; 804  ; 91               ; 1210                           ; 0                              ;
;     -- I/O registers                        ; 0    ; 0                ; 0                              ; 0                              ;
;                                             ;      ;                  ;                                ;                                ;
; Virtual pins                                ; 0    ; 0                ; 0                              ; 0                              ;
; I/O pins                                    ; 97   ; 0                ; 0                              ; 0                              ;
; Embedded Multiplier 9-bit elements          ; 0    ; 0                ; 0                              ; 0                              ;
; Total memory bits                           ; 512  ; 0                ; 286720                         ; 0                              ;
; Total RAM block bits                        ; 0    ; 0                ; 0                              ; 0                              ;
; JTAG                                        ; 1    ; 0                ; 0                              ; 0                              ;
;                                             ;      ;                  ;                                ;                                ;
; Connections                                 ;      ;                  ;                                ;                                ;
;     -- Input Connections                    ; 38   ; 134              ; 1738                           ; 0                              ;
;     -- Registered Input Connections         ; 0    ; 102              ; 1384                           ; 0                              ;
;     -- Output Connections                   ; 1655 ; 221              ; 34                             ; 0                              ;
;     -- Registered Output Connections        ; 42   ; 221              ; 0                              ; 0                              ;
;                                             ;      ;                  ;                                ;                                ;
; Internal Connections                        ;      ;                  ;                                ;                                ;
;     -- Total Connections                    ; 8777 ; 913              ; 7494                           ; 0                              ;
;     -- Registered Connections               ; 2851 ; 684              ; 5556                           ; 0                              ;
;                                             ;      ;                  ;                                ;                                ;
; External Connections                        ;      ;                  ;                                ;                                ;
;     -- Top                                  ; 74   ; 123              ; 1496                           ; 0                              ;
;     -- sld_hub:auto_hub                     ; 123  ; 20               ; 212                            ; 0                              ;
;     -- sld_signaltap:auto_signaltap_0       ; 1496 ; 212              ; 64                             ; 0                              ;
;     -- hard_block:auto_generated_inst       ; 0    ; 0                ; 0                              ; 0                              ;
;                                             ;      ;                  ;                                ;                                ;
; Partition Interface                         ;      ;                  ;                                ;                                ;
;     -- Input Ports                          ; 22   ; 45               ; 279                            ; 0                              ;
;     -- Output Ports                         ; 42   ; 62               ; 155                            ; 0                              ;
;     -- Bidir Ports                          ; 37   ; 0                ; 0                              ; 0                              ;
;                                             ;      ;                  ;                                ;                                ;
; Registered Ports                            ;      ;                  ;                                ;                                ;
;     -- Registered Input Ports               ; 0    ; 4                ; 146                            ; 0                              ;
;     -- Registered Output Ports              ; 0    ; 29               ; 141                            ; 0                              ;
;                                             ;      ;                  ;                                ;                                ;
; Port Connectivity                           ;      ;                  ;                                ;                                ;
;     -- Input Ports driven by GND            ; 0    ; 0                ; 13                             ; 0                              ;
;     -- Output Ports driven by GND           ; 0    ; 28               ; 2                              ; 0                              ;
;     -- Input Ports driven by VCC            ; 0    ; 0                ; 19                             ; 0                              ;
;     -- Output Ports driven by VCC           ; 0    ; 0                ; 1                              ; 0                              ;
;     -- Input Ports with no Source           ; 0    ; 25               ; 74                             ; 0                              ;
;     -- Output Ports with no Source          ; 0    ; 0                ; 0                              ; 0                              ;
;     -- Input Ports with no Fanout           ; 0    ; 30               ; 88                             ; 0                              ;
;     -- Output Ports with no Fanout          ; 0    ; 29               ; 143                            ; 0                              ;
+---------------------------------------------+------+------------------+--------------------------------+--------------------------------+
Note: Resource usage numbers presented for Partitions containing post-synthesis logic are estimates.  For Partitions containing post-fit logic, resource usage numbers are accurate based on previous placement information.  Actual Fitter results may vary depending on current Fitter Preservation Level assignments.


+-----------------------------------------------------------------------------------------------------------------------+
; Partition Merge Partition Pin Processing                                                                              ;
+-----------------------------------+-----------+---------------+----------+--------------------------------------------+
; Name                              ; Partition ; Type          ; Location ; Status                                     ;
+-----------------------------------+-----------+---------------+----------+--------------------------------------------+
; altera_reserved_tck               ; Top       ; Input Port    ; n/a      ;                                            ;
;     -- altera_reserved_tck        ; Top       ; Input Pad     ; Unplaced ; Synthesized                                ;
;     -- altera_reserved_tck~input  ; Top       ; Input Buffer  ; Unplaced ; Synthesized                                ;
;                                   ;           ;               ;          ;                                            ;
; altera_reserved_tdi               ; Top       ; Input Port    ; n/a      ;                                            ;
;     -- altera_reserved_tdi        ; Top       ; Input Pad     ; Unplaced ; Synthesized                                ;
;     -- altera_reserved_tdi~input  ; Top       ; Input Buffer  ; Unplaced ; Synthesized                                ;
;                                   ;           ;               ;          ;                                            ;
; altera_reserved_tdo               ; Top       ; Output Port   ; n/a      ;                                            ;
;     -- altera_reserved_tdo        ; Top       ; Output Pad    ; Unplaced ; Synthesized                                ;
;     -- altera_reserved_tdo~output ; Top       ; Output Buffer ; Unplaced ; Synthesized                                ;
;                                   ;           ;               ;          ;                                            ;
; altera_reserved_tms               ; Top       ; Input Port    ; n/a      ;                                            ;
;     -- altera_reserved_tms        ; Top       ; Input Pad     ; Unplaced ; Synthesized                                ;
;     -- altera_reserved_tms~input  ; Top       ; Input Buffer  ; Unplaced ; Synthesized                                ;
;                                   ;           ;               ;          ;                                            ;
; clk50                             ; Top       ; Input Port    ; n/a      ;                                            ;
;     -- clk50                      ; Top       ; Input Pad     ; Unplaced ; Synthesized                                ;
;     -- clk50~input                ; Top       ; Input Buffer  ; Unplaced ; Synthesized                                ;
;                                   ;           ;               ;          ;                                            ;
; dcj_abort_n                       ; Top       ; Output Port   ; n/a      ;                                            ;
;     -- dcj_abort_n                ; Top       ; Output Pad    ; Unplaced ; Synthesized                                ;
;     -- dcj_abort_n~output         ; Top       ; Output Buffer ; Unplaced ; Synthesized                                ;
;                                   ;           ;               ;          ;                                            ;
; dcj_aio[0]                        ; Top       ; Input Port    ; n/a      ;                                            ;
;     -- dcj_aio[0]                 ; Top       ; Input Pad     ; Unplaced ; Synthesized                                ;
;     -- dcj_aio[0]~input           ; Top       ; Input Buffer  ; Unplaced ; Synthesized                                ;
;                                   ;           ;               ;          ;                                            ;
; dcj_aio[1]                        ; Top       ; Input Port    ; n/a      ;                                            ;
;     -- dcj_aio[1]                 ; Top       ; Input Pad     ; Unplaced ; Synthesized                                ;
;     -- dcj_aio[1]~input           ; Top       ; Input Buffer  ; Unplaced ; Synthesized                                ;
;                                   ;           ;               ;          ;                                            ;
; dcj_aio[2]                        ; Top       ; Input Port    ; n/a      ;                                            ;
;     -- dcj_aio[2]                 ; Top       ; Input Pad     ; Unplaced ; Synthesized                                ;
;     -- dcj_aio[2]~input           ; Top       ; Input Buffer  ; Unplaced ; Synthesized                                ;
;                                   ;           ;               ;          ;                                            ;
; dcj_aio[3]                        ; Top       ; Input Port    ; n/a      ;                                            ;
;     -- dcj_aio[3]                 ; Top       ; Input Pad     ; Unplaced ; Synthesized                                ;
;     -- dcj_aio[3]~input           ; Top       ; Input Buffer  ; Unplaced ; Synthesized                                ;
;                                   ;           ;               ;          ;                                            ;
; dcj_ale_n                         ; Top       ; Input Port    ; n/a      ;                                            ;
;     -- dcj_ale_n                  ; Top       ; Input Pad     ; Unplaced ; Synthesized                                ;
;     -- dcj_ale_n~input            ; Top       ; Input Buffer  ; Unplaced ; Synthesized                                ;
;                                   ;           ;               ;          ;                                            ;
; dcj_bs[0]                         ; Top       ; Input Port    ; n/a      ;                                            ;
;     -- dcj_bs[0]                  ; Top       ; Input Pad     ; Unplaced ; Synthesized                                ;
;     -- dcj_bs[0]~input            ; Top       ; Input Buffer  ; Unplaced ; Synthesized                                ;
;                                   ;           ;               ;          ;                                            ;
; dcj_bs[1]                         ; Top       ; Input Port    ; n/a      ;                                            ;
;     -- dcj_bs[1]                  ; Top       ; Input Pad     ; Unplaced ; Synthesized                                ;
;     -- dcj_bs[1]~input            ; Top       ; Input Buffer  ; Unplaced ; Synthesized                                ;
;                                   ;           ;               ;          ;                                            ;
; dcj_bufctl_n                      ; Top       ; Input Port    ; n/a      ;                                            ;
;     -- dcj_bufctl_n               ; Top       ; Input Pad     ; Unplaced ; Synthesized                                ;
;     -- dcj_bufctl_n~input         ; Top       ; Input Buffer  ; Unplaced ; Synthesized                                ;
;                                   ;           ;               ;          ;                                            ;
; dcj_clk2                          ; Top       ; Input Port    ; n/a      ;                                            ;
;     -- dcj_clk2                   ; Top       ; Input Pad     ; Unplaced ; Synthesized                                ;
;     -- dcj_clk2~input             ; Top       ; Input Buffer  ; Unplaced ; Synthesized                                ;
;                                   ;           ;               ;          ;                                            ;
; dcj_cont_n                        ; Top       ; Output Port   ; n/a      ;                                            ;
;     -- dcj_cont_n                 ; Top       ; Output Pad    ; Unplaced ; Synthesized                                ;
;     -- dcj_cont_n~output          ; Top       ; Output Buffer ; Unplaced ; Synthesized                                ;
;                                   ;           ;               ;          ;                                            ;
; dcj_dal[0]                        ; Top       ; Bidir Port    ; n/a      ;                                            ;
;     -- dcj_dal[0]                 ; Top       ; Bidir Pad     ; Unplaced ; Synthesized                                ;
;     -- dcj_dal[0]~output          ; Top       ; Output Buffer ; Unplaced ; Preserved from Synthesis Netlist (WYSIWYG) ;
;                                   ;           ;               ;          ;                                            ;
; dcj_dal[10]                       ; Top       ; Bidir Port    ; n/a      ;                                            ;
;     -- dcj_dal[10]                ; Top       ; Bidir Pad     ; Unplaced ; Synthesized                                ;
;     -- dcj_dal[10]~output         ; Top       ; Output Buffer ; Unplaced ; Preserved from Synthesis Netlist (WYSIWYG) ;
;                                   ;           ;               ;          ;                                            ;
; dcj_dal[11]                       ; Top       ; Bidir Port    ; n/a      ;                                            ;
;     -- dcj_dal[11]                ; Top       ; Bidir Pad     ; Unplaced ; Synthesized                                ;
;     -- dcj_dal[11]~output         ; Top       ; Output Buffer ; Unplaced ; Preserved from Synthesis Netlist (WYSIWYG) ;
;                                   ;           ;               ;          ;                                            ;
; dcj_dal[12]                       ; Top       ; Bidir Port    ; n/a      ;                                            ;
;     -- dcj_dal[12]                ; Top       ; Bidir Pad     ; Unplaced ; Synthesized                                ;
;     -- dcj_dal[12]~output         ; Top       ; Output Buffer ; Unplaced ; Preserved from Synthesis Netlist (WYSIWYG) ;
;                                   ;           ;               ;          ;                                            ;
; dcj_dal[13]                       ; Top       ; Bidir Port    ; n/a      ;                                            ;
;     -- dcj_dal[13]                ; Top       ; Bidir Pad     ; Unplaced ; Synthesized                                ;
;     -- dcj_dal[13]~output         ; Top       ; Output Buffer ; Unplaced ; Preserved from Synthesis Netlist (WYSIWYG) ;
;                                   ;           ;               ;          ;                                            ;
; dcj_dal[14]                       ; Top       ; Bidir Port    ; n/a      ;                                            ;
;     -- dcj_dal[14]                ; Top       ; Bidir Pad     ; Unplaced ; Synthesized                                ;
;     -- dcj_dal[14]~output         ; Top       ; Output Buffer ; Unplaced ; Preserved from Synthesis Netlist (WYSIWYG) ;
;                                   ;           ;               ;          ;                                            ;
; dcj_dal[15]                       ; Top       ; Bidir Port    ; n/a      ;                                            ;
;     -- dcj_dal[15]                ; Top       ; Bidir Pad     ; Unplaced ; Synthesized                                ;
;     -- dcj_dal[15]~output         ; Top       ; Output Buffer ; Unplaced ; Preserved from Synthesis Netlist (WYSIWYG) ;
;                                   ;           ;               ;          ;                                            ;
; dcj_dal[1]                        ; Top       ; Bidir Port    ; n/a      ;                                            ;
;     -- dcj_dal[1]                 ; Top       ; Bidir Pad     ; Unplaced ; Synthesized                                ;
;     -- dcj_dal[1]~output          ; Top       ; Output Buffer ; Unplaced ; Preserved from Synthesis Netlist (WYSIWYG) ;
;                                   ;           ;               ;          ;                                            ;
; dcj_dal[2]                        ; Top       ; Bidir Port    ; n/a      ;                                            ;
;     -- dcj_dal[2]                 ; Top       ; Bidir Pad     ; Unplaced ; Synthesized                                ;
;     -- dcj_dal[2]~output          ; Top       ; Output Buffer ; Unplaced ; Preserved from Synthesis Netlist (WYSIWYG) ;
;                                   ;           ;               ;          ;                                            ;
; dcj_dal[3]                        ; Top       ; Bidir Port    ; n/a      ;                                            ;
;     -- dcj_dal[3]                 ; Top       ; Bidir Pad     ; Unplaced ; Synthesized                                ;
;     -- dcj_dal[3]~output          ; Top       ; Output Buffer ; Unplaced ; Preserved from Synthesis Netlist (WYSIWYG) ;
;                                   ;           ;               ;          ;                                            ;
; dcj_dal[4]                        ; Top       ; Bidir Port    ; n/a      ;                                            ;
;     -- dcj_dal[4]                 ; Top       ; Bidir Pad     ; Unplaced ; Synthesized                                ;
;     -- dcj_dal[4]~output          ; Top       ; Output Buffer ; Unplaced ; Preserved from Synthesis Netlist (WYSIWYG) ;
;                                   ;           ;               ;          ;                                            ;
; dcj_dal[5]                        ; Top       ; Bidir Port    ; n/a      ;                                            ;
;     -- dcj_dal[5]                 ; Top       ; Bidir Pad     ; Unplaced ; Synthesized                                ;
;     -- dcj_dal[5]~output          ; Top       ; Output Buffer ; Unplaced ; Preserved from Synthesis Netlist (WYSIWYG) ;
;                                   ;           ;               ;          ;                                            ;
; dcj_dal[6]                        ; Top       ; Bidir Port    ; n/a      ;                                            ;
;     -- dcj_dal[6]                 ; Top       ; Bidir Pad     ; Unplaced ; Synthesized                                ;
;     -- dcj_dal[6]~output          ; Top       ; Output Buffer ; Unplaced ; Preserved from Synthesis Netlist (WYSIWYG) ;
;                                   ;           ;               ;          ;                                            ;
; dcj_dal[7]                        ; Top       ; Bidir Port    ; n/a      ;                                            ;
;     -- dcj_dal[7]                 ; Top       ; Bidir Pad     ; Unplaced ; Synthesized                                ;
;     -- dcj_dal[7]~output          ; Top       ; Output Buffer ; Unplaced ; Preserved from Synthesis Netlist (WYSIWYG) ;
;                                   ;           ;               ;          ;                                            ;
; dcj_dal[8]                        ; Top       ; Bidir Port    ; n/a      ;                                            ;
;     -- dcj_dal[8]                 ; Top       ; Bidir Pad     ; Unplaced ; Synthesized                                ;
;     -- dcj_dal[8]~output          ; Top       ; Output Buffer ; Unplaced ; Preserved from Synthesis Netlist (WYSIWYG) ;
;                                   ;           ;               ;          ;                                            ;
; dcj_dal[9]                        ; Top       ; Bidir Port    ; n/a      ;                                            ;
;     -- dcj_dal[9]                 ; Top       ; Bidir Pad     ; Unplaced ; Synthesized                                ;
;     -- dcj_dal[9]~output          ; Top       ; Output Buffer ; Unplaced ; Preserved from Synthesis Netlist (WYSIWYG) ;
;                                   ;           ;               ;          ;                                            ;
; dcj_dal_hi[16]                    ; Top       ; Input Port    ; n/a      ;                                            ;
;     -- dcj_dal_hi[16]             ; Top       ; Input Pad     ; Unplaced ; Synthesized                                ;
;     -- dcj_dal_hi[16]~input       ; Top       ; Input Buffer  ; Unplaced ; Synthesized                                ;
;                                   ;           ;               ;          ;                                            ;
; dcj_dal_hi[17]                    ; Top       ; Input Port    ; n/a      ;                                            ;
;     -- dcj_dal_hi[17]             ; Top       ; Input Pad     ; Unplaced ; Synthesized                                ;
;     -- dcj_dal_hi[17]~input       ; Top       ; Input Buffer  ; Unplaced ; Synthesized                                ;
;                                   ;           ;               ;          ;                                            ;
; dcj_dal_hi[18]                    ; Top       ; Input Port    ; n/a      ;                                            ;
;     -- dcj_dal_hi[18]             ; Top       ; Input Pad     ; Unplaced ; Synthesized                                ;
;     -- dcj_dal_hi[18]~input       ; Top       ; Input Buffer  ; Unplaced ; Synthesized                                ;
;                                   ;           ;               ;          ;                                            ;
; dcj_dal_hi[19]                    ; Top       ; Input Port    ; n/a      ;                                            ;
;     -- dcj_dal_hi[19]             ; Top       ; Input Pad     ; Unplaced ; Synthesized                                ;
;     -- dcj_dal_hi[19]~input       ; Top       ; Input Buffer  ; Unplaced ; Synthesized                                ;
;                                   ;           ;               ;          ;                                            ;
; dcj_dal_hi[20]                    ; Top       ; Input Port    ; n/a      ;                                            ;
;     -- dcj_dal_hi[20]             ; Top       ; Input Pad     ; Unplaced ; Synthesized                                ;
;     -- dcj_dal_hi[20]~input       ; Top       ; Input Buffer  ; Unplaced ; Synthesized                                ;
;                                   ;           ;               ;          ;                                            ;
; dcj_dal_hi[21]                    ; Top       ; Input Port    ; n/a      ;                                            ;
;     -- dcj_dal_hi[21]             ; Top       ; Input Pad     ; Unplaced ; Synthesized                                ;
;     -- dcj_dal_hi[21]~input       ; Top       ; Input Buffer  ; Unplaced ; Synthesized                                ;
;                                   ;           ;               ;          ;                                            ;
; dcj_dv                            ; Top       ; Bidir Port    ; n/a      ;                                            ;
;     -- dcj_dv                     ; Top       ; Bidir Pad     ; Unplaced ; Synthesized                                ;
;     -- dcj_dv~output              ; Top       ; Output Buffer ; Unplaced ; Preserved from Synthesis Netlist (WYSIWYG) ;
;                                   ;           ;               ;          ;                                            ;
; dcj_event_n                       ; Top       ; Output Port   ; n/a      ;                                            ;
;     -- dcj_event_n                ; Top       ; Output Pad    ; Unplaced ; Synthesized                                ;
;     -- dcj_event_n~output         ; Top       ; Output Buffer ; Unplaced ; Synthesized                                ;
;                                   ;           ;               ;          ;                                            ;
; dcj_init_n                        ; Top       ; Bidir Port    ; n/a      ;                                            ;
;     -- dcj_init_n                 ; Top       ; Bidir Pad     ; Unplaced ; Synthesized                                ;
;     -- dcj_init_n~output          ; Top       ; Output Buffer ; Unplaced ; Preserved from Synthesis Netlist (WYSIWYG) ;
;                                   ;           ;               ;          ;                                            ;
; dcj_irq[0]                        ; Top       ; Output Port   ; n/a      ;                                            ;
;     -- dcj_irq[0]                 ; Top       ; Output Pad    ; Unplaced ; Synthesized                                ;
;     -- dcj_irq[0]~output          ; Top       ; Output Buffer ; Unplaced ; Synthesized                                ;
;                                   ;           ;               ;          ;                                            ;
; dcj_irq[1]                        ; Top       ; Output Port   ; n/a      ;                                            ;
;     -- dcj_irq[1]                 ; Top       ; Output Pad    ; Unplaced ; Synthesized                                ;
;     -- dcj_irq[1]~output          ; Top       ; Output Buffer ; Unplaced ; Synthesized                                ;
;                                   ;           ;               ;          ;                                            ;
; dcj_miss_n                        ; Top       ; Bidir Port    ; n/a      ;                                            ;
;     -- dcj_miss_n                 ; Top       ; Bidir Pad     ; Unplaced ; Synthesized                                ;
;     -- dcj_miss_n~output          ; Top       ; Output Buffer ; Unplaced ; Preserved from Synthesis Netlist (WYSIWYG) ;
;                                   ;           ;               ;          ;                                            ;
; dcj_sctl_n                        ; Top       ; Input Port    ; n/a      ;                                            ;
;     -- dcj_sctl_n                 ; Top       ; Input Pad     ; Unplaced ; Synthesized                                ;
;     -- dcj_sctl_n~input           ; Top       ; Input Buffer  ; Unplaced ; Synthesized                                ;
;                                   ;           ;               ;          ;                                            ;
; dcj_strb_n                        ; Top       ; Input Port    ; n/a      ;                                            ;
;     -- dcj_strb_n                 ; Top       ; Input Pad     ; Unplaced ; Synthesized                                ;
;     -- dcj_strb_n~input           ; Top       ; Input Buffer  ; Unplaced ; Synthesized                                ;
;                                   ;           ;               ;          ;                                            ;
; led_addr_en                       ; Top       ; Output Port   ; n/a      ;                                            ;
;     -- led_addr_en                ; Top       ; Output Pad    ; Unplaced ; Synthesized                                ;
;     -- led_addr_en~output         ; Top       ; Output Buffer ; Unplaced ; Synthesized                                ;
;                                   ;           ;               ;          ;                                            ;
; led_data_en                       ; Top       ; Output Port   ; n/a      ;                                            ;
;     -- led_data_en                ; Top       ; Output Pad    ; Unplaced ; Synthesized                                ;
;     -- led_data_en~output         ; Top       ; Output Buffer ; Unplaced ; Synthesized                                ;
;                                   ;           ;               ;          ;                                            ;
; led_err                           ; Top       ; Output Port   ; n/a      ;                                            ;
;     -- led_err                    ; Top       ; Output Pad    ; Unplaced ; Synthesized                                ;
;     -- led_err~output             ; Top       ; Output Buffer ; Unplaced ; Synthesized                                ;
;                                   ;           ;               ;          ;                                            ;
; led_fetch                         ; Top       ; Output Port   ; n/a      ;                                            ;
;     -- led_fetch                  ; Top       ; Output Pad    ; Unplaced ; Synthesized                                ;
;     -- led_fetch~output           ; Top       ; Output Buffer ; Unplaced ; Synthesized                                ;
;                                   ;           ;               ;          ;                                            ;
; led_halt                          ; Top       ; Output Port   ; n/a      ;                                            ;
;     -- led_halt                   ; Top       ; Output Pad    ; Unplaced ; Synthesized                                ;
;     -- led_halt~output            ; Top       ; Output Buffer ; Unplaced ; Synthesized                                ;
;                                   ;           ;               ;          ;                                            ;
; led_i2c_scl                       ; Top       ; Bidir Port    ; n/a      ;                                            ;
;     -- led_i2c_scl                ; Top       ; Bidir Pad     ; Unplaced ; Synthesized                                ;
;     -- led_i2c_scl~output         ; Top       ; Output Buffer ; Unplaced ; Preserved from Synthesis Netlist (WYSIWYG) ;
;                                   ;           ;               ;          ;                                            ;
; led_i2c_sda                       ; Top       ; Bidir Port    ; n/a      ;                                            ;
;     -- led_i2c_sda                ; Top       ; Bidir Pad     ; Unplaced ; Synthesized                                ;
;     -- led_i2c_sda~output         ; Top       ; Output Buffer ; Unplaced ; Preserved from Synthesis Netlist (WYSIWYG) ;
;                                   ;           ;               ;          ;                                            ;
; led_inack                         ; Top       ; Output Port   ; n/a      ;                                            ;
;     -- led_inack                  ; Top       ; Output Pad    ; Unplaced ; Synthesized                                ;
;     -- led_inack~output           ; Top       ; Output Buffer ; Unplaced ; Synthesized                                ;
;                                   ;           ;               ;          ;                                            ;
; led_io_space                      ; Top       ; Output Port   ; n/a      ;                                            ;
;     -- led_io_space               ; Top       ; Output Pad    ; Unplaced ; Synthesized                                ;
;     -- led_io_space~output        ; Top       ; Output Buffer ; Unplaced ; Synthesized                                ;
;                                   ;           ;               ;          ;                                            ;
; led_read                          ; Top       ; Output Port   ; n/a      ;                                            ;
;     -- led_read                   ; Top       ; Output Pad    ; Unplaced ; Synthesized                                ;
;     -- led_read~output            ; Top       ; Output Buffer ; Unplaced ; Synthesized                                ;
;                                   ;           ;               ;          ;                                            ;
; led_run                           ; Top       ; Output Port   ; n/a      ;                                            ;
;     -- led_run                    ; Top       ; Output Pad    ; Unplaced ; Synthesized                                ;
;     -- led_run~output             ; Top       ; Output Buffer ; Unplaced ; Synthesized                                ;
;                                   ;           ;               ;          ;                                            ;
; led_write                         ; Top       ; Output Port   ; n/a      ;                                            ;
;     -- led_write                  ; Top       ; Output Pad    ; Unplaced ; Synthesized                                ;
;     -- led_write~output           ; Top       ; Output Buffer ; Unplaced ; Synthesized                                ;
;                                   ;           ;               ;          ;                                            ;
; sram_addr[0]                      ; Top       ; Output Port   ; n/a      ;                                            ;
;     -- sram_addr[0]               ; Top       ; Output Pad    ; Unplaced ; Synthesized                                ;
;     -- sram_addr[0]~output        ; Top       ; Output Buffer ; Unplaced ; Synthesized                                ;
;                                   ;           ;               ;          ;                                            ;
; sram_addr[10]                     ; Top       ; Output Port   ; n/a      ;                                            ;
;     -- sram_addr[10]              ; Top       ; Output Pad    ; Unplaced ; Synthesized                                ;
;     -- sram_addr[10]~output       ; Top       ; Output Buffer ; Unplaced ; Synthesized                                ;
;                                   ;           ;               ;          ;                                            ;
; sram_addr[11]                     ; Top       ; Output Port   ; n/a      ;                                            ;
;     -- sram_addr[11]              ; Top       ; Output Pad    ; Unplaced ; Synthesized                                ;
;     -- sram_addr[11]~output       ; Top       ; Output Buffer ; Unplaced ; Synthesized                                ;
;                                   ;           ;               ;          ;                                            ;
; sram_addr[12]                     ; Top       ; Output Port   ; n/a      ;                                            ;
;     -- sram_addr[12]              ; Top       ; Output Pad    ; Unplaced ; Synthesized                                ;
;     -- sram_addr[12]~output       ; Top       ; Output Buffer ; Unplaced ; Synthesized                                ;
;                                   ;           ;               ;          ;                                            ;
; sram_addr[13]                     ; Top       ; Output Port   ; n/a      ;                                            ;
;     -- sram_addr[13]              ; Top       ; Output Pad    ; Unplaced ; Synthesized                                ;
;     -- sram_addr[13]~output       ; Top       ; Output Buffer ; Unplaced ; Synthesized                                ;
;                                   ;           ;               ;          ;                                            ;
; sram_addr[14]                     ; Top       ; Output Port   ; n/a      ;                                            ;
;     -- sram_addr[14]              ; Top       ; Output Pad    ; Unplaced ; Synthesized                                ;
;     -- sram_addr[14]~output       ; Top       ; Output Buffer ; Unplaced ; Synthesized                                ;
;                                   ;           ;               ;          ;                                            ;
; sram_addr[15]                     ; Top       ; Output Port   ; n/a      ;                                            ;
;     -- sram_addr[15]              ; Top       ; Output Pad    ; Unplaced ; Synthesized                                ;
;     -- sram_addr[15]~output       ; Top       ; Output Buffer ; Unplaced ; Synthesized                                ;
;                                   ;           ;               ;          ;                                            ;
; sram_addr[16]                     ; Top       ; Output Port   ; n/a      ;                                            ;
;     -- sram_addr[16]              ; Top       ; Output Pad    ; Unplaced ; Synthesized                                ;
;     -- sram_addr[16]~output       ; Top       ; Output Buffer ; Unplaced ; Synthesized                                ;
;                                   ;           ;               ;          ;                                            ;
; sram_addr[17]                     ; Top       ; Output Port   ; n/a      ;                                            ;
;     -- sram_addr[17]              ; Top       ; Output Pad    ; Unplaced ; Synthesized                                ;
;     -- sram_addr[17]~output       ; Top       ; Output Buffer ; Unplaced ; Synthesized                                ;
;                                   ;           ;               ;          ;                                            ;
; sram_addr[18]                     ; Top       ; Output Port   ; n/a      ;                                            ;
;     -- sram_addr[18]              ; Top       ; Output Pad    ; Unplaced ; Synthesized                                ;
;     -- sram_addr[18]~output       ; Top       ; Output Buffer ; Unplaced ; Synthesized                                ;
;                                   ;           ;               ;          ;                                            ;
; sram_addr[19]                     ; Top       ; Output Port   ; n/a      ;                                            ;
;     -- sram_addr[19]              ; Top       ; Output Pad    ; Unplaced ; Synthesized                                ;
;     -- sram_addr[19]~output       ; Top       ; Output Buffer ; Unplaced ; Synthesized                                ;
;                                   ;           ;               ;          ;                                            ;
; sram_addr[1]                      ; Top       ; Output Port   ; n/a      ;                                            ;
;     -- sram_addr[1]               ; Top       ; Output Pad    ; Unplaced ; Synthesized                                ;
;     -- sram_addr[1]~output        ; Top       ; Output Buffer ; Unplaced ; Synthesized                                ;
;                                   ;           ;               ;          ;                                            ;
; sram_addr[20]                     ; Top       ; Output Port   ; n/a      ;                                            ;
;     -- sram_addr[20]              ; Top       ; Output Pad    ; Unplaced ; Synthesized                                ;
;     -- sram_addr[20]~output       ; Top       ; Output Buffer ; Unplaced ; Synthesized                                ;
;                                   ;           ;               ;          ;                                            ;
; sram_addr[2]                      ; Top       ; Output Port   ; n/a      ;                                            ;
;     -- sram_addr[2]               ; Top       ; Output Pad    ; Unplaced ; Synthesized                                ;
;     -- sram_addr[2]~output        ; Top       ; Output Buffer ; Unplaced ; Synthesized                                ;
;                                   ;           ;               ;          ;                                            ;
; sram_addr[3]                      ; Top       ; Output Port   ; n/a      ;                                            ;
;     -- sram_addr[3]               ; Top       ; Output Pad    ; Unplaced ; Synthesized                                ;
;     -- sram_addr[3]~output        ; Top       ; Output Buffer ; Unplaced ; Synthesized                                ;
;                                   ;           ;               ;          ;                                            ;
; sram_addr[4]                      ; Top       ; Output Port   ; n/a      ;                                            ;
;     -- sram_addr[4]               ; Top       ; Output Pad    ; Unplaced ; Synthesized                                ;
;     -- sram_addr[4]~output        ; Top       ; Output Buffer ; Unplaced ; Synthesized                                ;
;                                   ;           ;               ;          ;                                            ;
; sram_addr[5]                      ; Top       ; Output Port   ; n/a      ;                                            ;
;     -- sram_addr[5]               ; Top       ; Output Pad    ; Unplaced ; Synthesized                                ;
;     -- sram_addr[5]~output        ; Top       ; Output Buffer ; Unplaced ; Synthesized                                ;
;                                   ;           ;               ;          ;                                            ;
; sram_addr[6]                      ; Top       ; Output Port   ; n/a      ;                                            ;
;     -- sram_addr[6]               ; Top       ; Output Pad    ; Unplaced ; Synthesized                                ;
;     -- sram_addr[6]~output        ; Top       ; Output Buffer ; Unplaced ; Synthesized                                ;
;                                   ;           ;               ;          ;                                            ;
; sram_addr[7]                      ; Top       ; Output Port   ; n/a      ;                                            ;
;     -- sram_addr[7]               ; Top       ; Output Pad    ; Unplaced ; Synthesized                                ;
;     -- sram_addr[7]~output        ; Top       ; Output Buffer ; Unplaced ; Synthesized                                ;
;                                   ;           ;               ;          ;                                            ;
; sram_addr[8]                      ; Top       ; Output Port   ; n/a      ;                                            ;
;     -- sram_addr[8]               ; Top       ; Output Pad    ; Unplaced ; Synthesized                                ;
;     -- sram_addr[8]~output        ; Top       ; Output Buffer ; Unplaced ; Synthesized                                ;
;                                   ;           ;               ;          ;                                            ;
; sram_addr[9]                      ; Top       ; Output Port   ; n/a      ;                                            ;
;     -- sram_addr[9]               ; Top       ; Output Pad    ; Unplaced ; Synthesized                                ;
;     -- sram_addr[9]~output        ; Top       ; Output Buffer ; Unplaced ; Synthesized                                ;
;                                   ;           ;               ;          ;                                            ;
; sram_ce1_n                        ; Top       ; Output Port   ; n/a      ;                                            ;
;     -- sram_ce1_n                 ; Top       ; Output Pad    ; Unplaced ; Synthesized                                ;
;     -- sram_ce1_n~output          ; Top       ; Output Buffer ; Unplaced ; Synthesized                                ;
;                                   ;           ;               ;          ;                                            ;
; sram_dq_hi[0]                     ; Top       ; Bidir Port    ; n/a      ;                                            ;
;     -- sram_dq_hi[0]              ; Top       ; Bidir Pad     ; Unplaced ; Synthesized                                ;
;     -- sram_dq_hi[0]~output       ; Top       ; Output Buffer ; Unplaced ; Preserved from Synthesis Netlist (WYSIWYG) ;
;                                   ;           ;               ;          ;                                            ;
; sram_dq_hi[1]                     ; Top       ; Bidir Port    ; n/a      ;                                            ;
;     -- sram_dq_hi[1]              ; Top       ; Bidir Pad     ; Unplaced ; Synthesized                                ;
;     -- sram_dq_hi[1]~output       ; Top       ; Output Buffer ; Unplaced ; Preserved from Synthesis Netlist (WYSIWYG) ;
;                                   ;           ;               ;          ;                                            ;
; sram_dq_hi[2]                     ; Top       ; Bidir Port    ; n/a      ;                                            ;
;     -- sram_dq_hi[2]              ; Top       ; Bidir Pad     ; Unplaced ; Synthesized                                ;
;     -- sram_dq_hi[2]~output       ; Top       ; Output Buffer ; Unplaced ; Preserved from Synthesis Netlist (WYSIWYG) ;
;                                   ;           ;               ;          ;                                            ;
; sram_dq_hi[3]                     ; Top       ; Bidir Port    ; n/a      ;                                            ;
;     -- sram_dq_hi[3]              ; Top       ; Bidir Pad     ; Unplaced ; Synthesized                                ;
;     -- sram_dq_hi[3]~output       ; Top       ; Output Buffer ; Unplaced ; Preserved from Synthesis Netlist (WYSIWYG) ;
;                                   ;           ;               ;          ;                                            ;
; sram_dq_hi[4]                     ; Top       ; Bidir Port    ; n/a      ;                                            ;
;     -- sram_dq_hi[4]              ; Top       ; Bidir Pad     ; Unplaced ; Synthesized                                ;
;     -- sram_dq_hi[4]~output       ; Top       ; Output Buffer ; Unplaced ; Preserved from Synthesis Netlist (WYSIWYG) ;
;                                   ;           ;               ;          ;                                            ;
; sram_dq_hi[5]                     ; Top       ; Bidir Port    ; n/a      ;                                            ;
;     -- sram_dq_hi[5]              ; Top       ; Bidir Pad     ; Unplaced ; Synthesized                                ;
;     -- sram_dq_hi[5]~output       ; Top       ; Output Buffer ; Unplaced ; Preserved from Synthesis Netlist (WYSIWYG) ;
;                                   ;           ;               ;          ;                                            ;
; sram_dq_hi[6]                     ; Top       ; Bidir Port    ; n/a      ;                                            ;
;     -- sram_dq_hi[6]              ; Top       ; Bidir Pad     ; Unplaced ; Synthesized                                ;
;     -- sram_dq_hi[6]~output       ; Top       ; Output Buffer ; Unplaced ; Preserved from Synthesis Netlist (WYSIWYG) ;
;                                   ;           ;               ;          ;                                            ;
; sram_dq_hi[7]                     ; Top       ; Bidir Port    ; n/a      ;                                            ;
;     -- sram_dq_hi[7]              ; Top       ; Bidir Pad     ; Unplaced ; Synthesized                                ;
;     -- sram_dq_hi[7]~output       ; Top       ; Output Buffer ; Unplaced ; Preserved from Synthesis Netlist (WYSIWYG) ;
;                                   ;           ;               ;          ;                                            ;
; sram_dq_lo[0]                     ; Top       ; Bidir Port    ; n/a      ;                                            ;
;     -- sram_dq_lo[0]              ; Top       ; Bidir Pad     ; Unplaced ; Synthesized                                ;
;     -- sram_dq_lo[0]~output       ; Top       ; Output Buffer ; Unplaced ; Preserved from Synthesis Netlist (WYSIWYG) ;
;                                   ;           ;               ;          ;                                            ;
; sram_dq_lo[1]                     ; Top       ; Bidir Port    ; n/a      ;                                            ;
;     -- sram_dq_lo[1]              ; Top       ; Bidir Pad     ; Unplaced ; Synthesized                                ;
;     -- sram_dq_lo[1]~output       ; Top       ; Output Buffer ; Unplaced ; Preserved from Synthesis Netlist (WYSIWYG) ;
;                                   ;           ;               ;          ;                                            ;
; sram_dq_lo[2]                     ; Top       ; Bidir Port    ; n/a      ;                                            ;
;     -- sram_dq_lo[2]              ; Top       ; Bidir Pad     ; Unplaced ; Synthesized                                ;
;     -- sram_dq_lo[2]~output       ; Top       ; Output Buffer ; Unplaced ; Preserved from Synthesis Netlist (WYSIWYG) ;
;                                   ;           ;               ;          ;                                            ;
; sram_dq_lo[3]                     ; Top       ; Bidir Port    ; n/a      ;                                            ;
;     -- sram_dq_lo[3]              ; Top       ; Bidir Pad     ; Unplaced ; Synthesized                                ;
;     -- sram_dq_lo[3]~output       ; Top       ; Output Buffer ; Unplaced ; Preserved from Synthesis Netlist (WYSIWYG) ;
;                                   ;           ;               ;          ;                                            ;
; sram_dq_lo[4]                     ; Top       ; Bidir Port    ; n/a      ;                                            ;
;     -- sram_dq_lo[4]              ; Top       ; Bidir Pad     ; Unplaced ; Synthesized                                ;
;     -- sram_dq_lo[4]~output       ; Top       ; Output Buffer ; Unplaced ; Preserved from Synthesis Netlist (WYSIWYG) ;
;                                   ;           ;               ;          ;                                            ;
; sram_dq_lo[5]                     ; Top       ; Bidir Port    ; n/a      ;                                            ;
;     -- sram_dq_lo[5]              ; Top       ; Bidir Pad     ; Unplaced ; Synthesized                                ;
;     -- sram_dq_lo[5]~output       ; Top       ; Output Buffer ; Unplaced ; Preserved from Synthesis Netlist (WYSIWYG) ;
;                                   ;           ;               ;          ;                                            ;
; sram_dq_lo[6]                     ; Top       ; Bidir Port    ; n/a      ;                                            ;
;     -- sram_dq_lo[6]              ; Top       ; Bidir Pad     ; Unplaced ; Synthesized                                ;
;     -- sram_dq_lo[6]~output       ; Top       ; Output Buffer ; Unplaced ; Preserved from Synthesis Netlist (WYSIWYG) ;
;                                   ;           ;               ;          ;                                            ;
; sram_dq_lo[7]                     ; Top       ; Bidir Port    ; n/a      ;                                            ;
;     -- sram_dq_lo[7]              ; Top       ; Bidir Pad     ; Unplaced ; Synthesized                                ;
;     -- sram_dq_lo[7]~output       ; Top       ; Output Buffer ; Unplaced ; Preserved from Synthesis Netlist (WYSIWYG) ;
;                                   ;           ;               ;          ;                                            ;
; sram_oe_n                         ; Top       ; Output Port   ; n/a      ;                                            ;
;     -- sram_oe_n                  ; Top       ; Output Pad    ; Unplaced ; Synthesized                                ;
;     -- sram_oe_n~output           ; Top       ; Output Buffer ; Unplaced ; Synthesized                                ;
;                                   ;           ;               ;          ;                                            ;
; sram_we_hi_n                      ; Top       ; Output Port   ; n/a      ;                                            ;
;     -- sram_we_hi_n               ; Top       ; Output Pad    ; Unplaced ; Synthesized                                ;
;     -- sram_we_hi_n~output        ; Top       ; Output Buffer ; Unplaced ; Synthesized                                ;
;                                   ;           ;               ;          ;                                            ;
; sram_we_lo_n                      ; Top       ; Output Port   ; n/a      ;                                            ;
;     -- sram_we_lo_n               ; Top       ; Output Pad    ; Unplaced ; Synthesized                                ;
;     -- sram_we_lo_n~output        ; Top       ; Output Buffer ; Unplaced ; Synthesized                                ;
;                                   ;           ;               ;          ;                                            ;
; uart_rx                           ; Top       ; Input Port    ; n/a      ;                                            ;
;     -- uart_rx                    ; Top       ; Input Pad     ; Unplaced ; Synthesized                                ;
;     -- uart_rx~input              ; Top       ; Input Buffer  ; Unplaced ; Synthesized                                ;
;                                   ;           ;               ;          ;                                            ;
; uart_tx                           ; Top       ; Output Port   ; n/a      ;                                            ;
;     -- uart_tx                    ; Top       ; Output Pad    ; Unplaced ; Synthesized                                ;
;     -- uart_tx~output             ; Top       ; Output Buffer ; Unplaced ; Synthesized                                ;
;                                   ;           ;               ;          ;                                            ;
+-----------------------------------+-----------+---------------+----------+--------------------------------------------+


+-----------------------------------------------------------+
; Partition Merge Resource Usage Summary                    ;
+---------------------------------------------+-------------+
; Resource                                    ; Usage       ;
+---------------------------------------------+-------------+
; Estimated Total logic elements              ; 3,036       ;
;                                             ;             ;
; Total combinational functions               ; 2038        ;
; Logic element usage by number of LUT inputs ;             ;
;     -- 4 input functions                    ; 916         ;
;     -- 3 input functions                    ; 370         ;
;     -- <=2 input functions                  ; 752         ;
;                                             ;             ;
; Logic elements by mode                      ;             ;
;     -- normal mode                          ; 1670        ;
;     -- arithmetic mode                      ; 368         ;
;                                             ;             ;
; Total registers                             ; 2105        ;
;     -- Dedicated logic registers            ; 2105        ;
;     -- I/O registers                        ; 0           ;
;                                             ;             ;
; I/O pins                                    ; 97          ;
; Total memory bits                           ; 287232      ;
;                                             ;             ;
; Embedded Multiplier 9-bit elements          ; 0           ;
;                                             ;             ;
; Maximum fan-out node                        ; clk50~input ;
; Maximum fan-out                             ; 1551        ;
; Total fan-out                               ; 15240       ;
; Average fan-out                             ; 3.42        ;
+---------------------------------------------+-------------+


+-------------------------------------------------------------------------------------------------------------------------------------------------------------------------------------------------------------------------------------------------------------------------------------------------------------+
; Partition Merge RAM Summary                                                                                                                                                                                                                                                                                 ;
+-------------------------------------------------------------------------------------------------------------------------------------------------------------------------------------------------------+------+------------------+--------------+--------------+--------------+--------------+--------+------+
; Name                                                                                                                                                                                                  ; Type ; Mode             ; Port A Depth ; Port A Width ; Port B Depth ; Port B Width ; Size   ; MIF  ;
+-------------------------------------------------------------------------------------------------------------------------------------------------------------------------------------------------------+------+------------------+--------------+--------------+--------------+--------------+--------+------+
; dcj11_sram_2kb_hello_core:core|Kl11Lite:kl11|Queue64_UInt8:txQueue|ram_64x8:ram_ext|altsyncram:Memory_rtl_0|altsyncram_8ac1:auto_generated|ALTSYNCRAM                                                 ; AUTO ; Simple Dual Port ; 64           ; 8            ; 64           ; 8            ; 512    ; None ;
; sld_signaltap:auto_signaltap_0|sld_signaltap_impl:sld_signaltap_body|sld_signaltap_implb:sld_signaltap_body|altsyncram:\stp_non_zero_ram_gen:stp_buffer_ram|altsyncram_cb24:auto_generated|ALTSYNCRAM ; AUTO ; Simple Dual Port ; 4096         ; 70           ; 4096         ; 70           ; 286720 ; None ;
+-------------------------------------------------------------------------------------------------------------------------------------------------------------------------------------------------------+------+------------------+--------------+--------------+--------------+--------------+--------+------+


+--------------------------+
; Partition Merge Messages ;
+--------------------------+
Info: *******************************************************************
Info: Running Quartus Prime Partition Merge
    Info: Version 18.1.0 Build 625 09/12/2018 SJ Standard Edition
    Info: Processing started: Fri Jun 26 22:24:44 2026
Info: Command: quartus_cdb --read_settings_files=off --write_settings_files=off dcj11_helloworld -c dcj11_helloworld --merge=on
Warning (18236): Number of processors has not been specified which may cause overloading on shared machines.  Set the global assignment NUM_PARALLEL_PROCESSORS in your QSF to an appropriate value for best performance.
Warning (35010): Previously generated Fitter netlist for partition "Top" is older than current Synthesis netlist -- using the current Synthesis netlist instead to ensure that the latest source changes are included
    Info (35011): Set the option to Ignore source file changes to force the Quartus Prime software to always use a previously generated Fitter netlist
Info (35007): Using synthesis netlist for partition "Top"
Info (35007): Using synthesis netlist for partition "sld_hub:auto_hub"
Info (35007): Using synthesis netlist for partition "sld_signaltap:auto_signaltap_0"
Info (35024): Successfully connected in-system debug instance "auto_signaltap_0" to all 173 required data inputs, trigger inputs, acquisition clocks, and dynamic pins
Info (35002): Resolved and merged 3 partition(s)
Info (16010): Generating hard_block partition "hard_block:auto_generated_inst"
    Info (16011): Adding 0 node(s), including 0 DDIO, 0 PLL, 0 transceiver and 0 LCELL
Info (21057): Implemented 3297 device resources after synthesis - the final resource count might be different
    Info (21058): Implemented 22 input pins
    Info (21059): Implemented 42 output pins
    Info (21060): Implemented 37 bidirectional pins
    Info (21061): Implemented 3117 logic cells
    Info (21064): Implemented 78 RAM segments
Info: Quartus Prime Partition Merge was successful. 0 errors, 2 warnings
    Info: Peak virtual memory: 544 megabytes
    Info: Processing ended: Fri Jun 26 22:24:45 2026
    Info: Elapsed time: 00:00:01
    Info: Total CPU time (on all processors): 00:00:00


