Fitter report for dcj11_helloworld
Fri Jun 26 22:24:56 2026
Quartus Prime Version 18.1.0 Build 625 09/12/2018 SJ Standard Edition


---------------------
; Table of Contents ;
---------------------
  1. Legal Notice
  2. Fitter Summary
  3. Fitter Settings
  4. Parallel Compilation
  5. Incremental Compilation Preservation Summary
  6. Incremental Compilation Partition Settings
  7. Incremental Compilation Placement Preservation
  8. Pin-Out File
  9. Fitter Resource Usage Summary
 10. Fitter Partition Statistics
 11. Input Pins
 12. Output Pins
 13. Bidir Pins
 14. Dual Purpose and Dedicated Pins
 15. I/O Bank Usage
 16. All Package Pins
 17. I/O Assignment Warnings
 18. Fitter Resource Utilization by Entity
 19. Delay Chain Summary
 20. Pad To Core Delay Chain Fanout
 21. Control Signals
 22. Global & Other Fast Signals
 23. Fitter RAM Summary
 24. Routing Usage Summary
 25. LAB Logic Elements
 26. LAB-wide Signals
 27. LAB Signals Sourced
 28. LAB Signals Sourced Out
 29. LAB Distinct Inputs
 30. I/O Rules Summary
 31. I/O Rules Details
 32. I/O Rules Matrix
 33. Fitter Device Options
 34. Operating Settings and Conditions
 35. Fitter Messages
 36. Fitter Suppressed Messages



----------------
; Legal Notice ;
----------------
Copyright (C) 2018  Intel Corporation. All rights reserved.
Your use of Intel Corporation's design tools, logic functions 
and other software and tools, and its AMPP partner logic 
functions, and any output files from any of the foregoing 
(including device programming or simulation files), and any 
associated documentation or information are expressly subject 
to the terms and conditions of the Intel Program License 
Subscription Agreement, the Intel Quartus Prime License Agreement,
the Intel FPGA IP License Agreement, or other applicable license
agreement, including, without limitation, that your use is for
the sole purpose of programming logic devices manufactured by
Intel and sold by Intel or its authorized distributors.  Please
refer to the applicable agreement for further details.



+--------------------------------------------------------------------------------------+
; Fitter Summary                                                                       ;
+------------------------------------+-------------------------------------------------+
; Fitter Status                      ; Successful - Fri Jun 26 22:24:56 2026           ;
; Quartus Prime Version              ; 18.1.0 Build 625 09/12/2018 SJ Standard Edition ;
; Revision Name                      ; dcj11_helloworld                                ;
; Top-level Entity Name              ; top                                             ;
; Family                             ; Cyclone IV E                                    ;
; Device                             ; EP4CE15F23C8                                    ;
; Timing Models                      ; Final                                           ;
; Total logic elements               ; 2,927 / 15,408 ( 19 % )                         ;
;     Total combinational functions  ; 2,040 / 15,408 ( 13 % )                         ;
;     Dedicated logic registers      ; 2,105 / 15,408 ( 14 % )                         ;
; Total registers                    ; 2105                                            ;
; Total pins                         ; 97 / 344 ( 28 % )                               ;
; Total virtual pins                 ; 0                                               ;
; Total memory bits                  ; 287,232 / 516,096 ( 56 % )                      ;
; Embedded Multiplier 9-bit elements ; 0 / 112 ( 0 % )                                 ;
; Total PLLs                         ; 0 / 4 ( 0 % )                                   ;
+------------------------------------+-------------------------------------------------+


+----------------------------------------------------------------------------------------------------------------------------------------------------+
; Fitter Settings                                                                                                                                    ;
+--------------------------------------------------------------------+---------------------------------------+---------------------------------------+
; Option                                                             ; Setting                               ; Default Value                         ;
+--------------------------------------------------------------------+---------------------------------------+---------------------------------------+
; Device                                                             ; EP4CE15F23C8                          ;                                       ;
; Nominal Core Supply Voltage                                        ; 1.2V                                  ;                                       ;
; Minimum Core Junction Temperature                                  ; 0                                     ;                                       ;
; Maximum Core Junction Temperature                                  ; 85                                    ;                                       ;
; Fit Attempts to Skip                                               ; 0                                     ; 0.0                                   ;
; Device I/O Standard                                                ; 3.3-V LVCMOS                          ;                                       ;
; Use smart compilation                                              ; Off                                   ; Off                                   ;
; Enable parallel Assembler and Timing Analyzer during compilation   ; On                                    ; On                                    ;
; Enable compact report table                                        ; Off                                   ; Off                                   ;
; Auto Merge PLLs                                                    ; On                                    ; On                                    ;
; Router Timing Optimization Level                                   ; Normal                                ; Normal                                ;
; Perform Clocking Topology Analysis During Routing                  ; Off                                   ; Off                                   ;
; Placement Effort Multiplier                                        ; 1.0                                   ; 1.0                                   ;
; Router Effort Multiplier                                           ; 1.0                                   ; 1.0                                   ;
; Optimize Hold Timing                                               ; All Paths                             ; All Paths                             ;
; Optimize Multi-Corner Timing                                       ; On                                    ; On                                    ;
; Power Optimization During Fitting                                  ; Normal compilation                    ; Normal compilation                    ;
; SSN Optimization                                                   ; Off                                   ; Off                                   ;
; Optimize Timing                                                    ; Normal compilation                    ; Normal compilation                    ;
; Optimize Timing for ECOs                                           ; Off                                   ; Off                                   ;
; Regenerate Full Fit Report During ECO Compiles                     ; Off                                   ; Off                                   ;
; Optimize IOC Register Placement for Timing                         ; Normal                                ; Normal                                ;
; Limit to One Fitting Attempt                                       ; Off                                   ; Off                                   ;
; Final Placement Optimizations                                      ; Automatically                         ; Automatically                         ;
; Fitter Aggressive Routability Optimizations                        ; Automatically                         ; Automatically                         ;
; Fitter Initial Placement Seed                                      ; 1                                     ; 1                                     ;
; Periphery to Core Placement and Routing Optimization               ; Off                                   ; Off                                   ;
; PCI I/O                                                            ; Off                                   ; Off                                   ;
; Weak Pull-Up Resistor                                              ; Off                                   ; Off                                   ;
; Enable Bus-Hold Circuitry                                          ; Off                                   ; Off                                   ;
; Auto Packed Registers                                              ; Auto                                  ; Auto                                  ;
; Auto Delay Chains                                                  ; On                                    ; On                                    ;
; Auto Delay Chains for High Fanout Input Pins                       ; Off                                   ; Off                                   ;
; Allow Single-ended Buffer for Differential-XSTL Input              ; Off                                   ; Off                                   ;
; Treat Bidirectional Pin as Output Pin                              ; Off                                   ; Off                                   ;
; Perform Physical Synthesis for Combinational Logic for Fitting     ; Off                                   ; Off                                   ;
; Perform Physical Synthesis for Combinational Logic for Performance ; Off                                   ; Off                                   ;
; Perform Register Duplication for Performance                       ; Off                                   ; Off                                   ;
; Perform Logic to Memory Mapping for Fitting                        ; Off                                   ; Off                                   ;
; Perform Register Retiming for Performance                          ; Off                                   ; Off                                   ;
; Perform Asynchronous Signal Pipelining                             ; Off                                   ; Off                                   ;
; Fitter Effort                                                      ; Auto Fit                              ; Auto Fit                              ;
; Physical Synthesis Effort Level                                    ; Normal                                ; Normal                                ;
; Logic Cell Insertion - Logic Duplication                           ; Auto                                  ; Auto                                  ;
; Auto Register Duplication                                          ; Auto                                  ; Auto                                  ;
; Auto Global Clock                                                  ; On                                    ; On                                    ;
; Auto Global Register Control Signals                               ; On                                    ; On                                    ;
; Reserve all unused pins                                            ; As input tri-stated with weak pull-up ; As input tri-stated with weak pull-up ;
; Synchronizer Identification                                        ; Auto                                  ; Auto                                  ;
; Enable Beneficial Skew Optimization                                ; On                                    ; On                                    ;
; Optimize Design for Metastability                                  ; On                                    ; On                                    ;
; Force Fitter to Avoid Periphery Placement Warnings                 ; Off                                   ; Off                                   ;
; Enable input tri-state on active configuration pins in user mode   ; Off                                   ; Off                                   ;
+--------------------------------------------------------------------+---------------------------------------+---------------------------------------+


+------------------------------------------+
; Parallel Compilation                     ;
+----------------------------+-------------+
; Processors                 ; Number      ;
+----------------------------+-------------+
; Number detected on machine ; 18          ;
; Maximum allowed            ; 16          ;
;                            ;             ;
; Average used               ; 1.28        ;
; Maximum used               ; 16          ;
;                            ;             ;
; Usage by Processor         ; % Time Used ;
;     Processor 1            ; 100.0%      ;
;     Processor 2            ;   2.2%      ;
;     Processor 3            ;   2.1%      ;
;     Processor 4            ;   2.0%      ;
;     Processor 5            ;   2.0%      ;
;     Processor 6            ;   1.9%      ;
;     Processor 7            ;   1.9%      ;
;     Processor 8            ;   1.9%      ;
;     Processors 9-16        ;   1.8%      ;
+----------------------------+-------------+


+---------------------------------------------------------------------------------------------------+
; Incremental Compilation Preservation Summary                                                      ;
+---------------------+---------------------+----------------------------+--------------------------+
; Type                ; Total [A + B]       ; From Design Partitions [A] ; From Rapid Recompile [B] ;
+---------------------+---------------------+----------------------------+--------------------------+
; Placement (by node) ;                     ;                            ;                          ;
;     -- Requested    ; 0.00 % ( 0 / 4476 ) ; 0.00 % ( 0 / 4476 )        ; 0.00 % ( 0 / 4476 )      ;
;     -- Achieved     ; 0.00 % ( 0 / 4476 ) ; 0.00 % ( 0 / 4476 )        ; 0.00 % ( 0 / 4476 )      ;
;                     ;                     ;                            ;                          ;
; Routing (by net)    ;                     ;                            ;                          ;
;     -- Requested    ; 0.00 % ( 0 / 0 )    ; 0.00 % ( 0 / 0 )           ; 0.00 % ( 0 / 0 )         ;
;     -- Achieved     ; 0.00 % ( 0 / 0 )    ; 0.00 % ( 0 / 0 )           ; 0.00 % ( 0 / 0 )         ;
+---------------------+---------------------+----------------------------+--------------------------+


+----------------------------------------------------------------------------------------------------------------------------------------------------------------------------------------+
; Incremental Compilation Partition Settings                                                                                                                                             ;
+--------------------------------+----------------+-------------------+-------------------------+------------------------+------------------------------+--------------------------------+
; Partition Name                 ; Partition Type ; Netlist Type Used ; Preservation Level Used ; Netlist Type Requested ; Preservation Level Requested ; Contents                       ;
+--------------------------------+----------------+-------------------+-------------------------+------------------------+------------------------------+--------------------------------+
; Top                            ; User-created   ; Source File       ; N/A                     ; Post-Fit               ; Placement and Routing        ;                                ;
; sld_hub:auto_hub               ; Auto-generated ; Post-Synthesis    ; N/A                     ; Post-Synthesis         ; N/A                          ; sld_hub:auto_hub               ;
; sld_signaltap:auto_signaltap_0 ; Auto-generated ; Post-Synthesis    ; N/A                     ; Post-Synthesis         ; N/A                          ; sld_signaltap:auto_signaltap_0 ;
; hard_block:auto_generated_inst ; Auto-generated ; Source File       ; N/A                     ; Source File            ; N/A                          ; hard_block:auto_generated_inst ;
+--------------------------------+----------------+-------------------+-------------------------+------------------------+------------------------------+--------------------------------+


+------------------------------------------------------------------------------------------------------------------------------------+
; Incremental Compilation Placement Preservation                                                                                     ;
+--------------------------------+-----------------------+-------------------------+-------------------+---------------------+-------+
; Partition Name                 ; Preservation Achieved ; Preservation Level Used ; Netlist Type Used ; Preservation Method ; Notes ;
+--------------------------------+-----------------------+-------------------------+-------------------+---------------------+-------+
; Top                            ; 0.00 % ( 0 / 2371 )   ; N/A                     ; Source File       ; N/A                 ;       ;
; sld_hub:auto_hub               ; 0.00 % ( 0 / 217 )    ; N/A                     ; Post-Synthesis    ; N/A                 ;       ;
; sld_signaltap:auto_signaltap_0 ; 0.00 % ( 0 / 1878 )   ; N/A                     ; Post-Synthesis    ; N/A                 ;       ;
; hard_block:auto_generated_inst ; 0.00 % ( 0 / 10 )     ; N/A                     ; Source File       ; N/A                 ;       ;
+--------------------------------+-----------------------+-------------------------+-------------------+---------------------+-------+


+--------------+
; Pin-Out File ;
+--------------+
The pin-out file can be found in Y:/QuartusPrj/dcj11_helloworld/output_files/dcj11_helloworld.pin.


+--------------------------------------------------------------------------+
; Fitter Resource Usage Summary                                            ;
+---------------------------------------------+----------------------------+
; Resource                                    ; Usage                      ;
+---------------------------------------------+----------------------------+
; Total logic elements                        ; 2,927 / 15,408 ( 19 % )    ;
;     -- Combinational with no register       ; 822                        ;
;     -- Register only                        ; 887                        ;
;     -- Combinational with a register        ; 1218                       ;
;                                             ;                            ;
; Logic element usage by number of LUT inputs ;                            ;
;     -- 4 input functions                    ; 916                        ;
;     -- 3 input functions                    ; 370                        ;
;     -- <=2 input functions                  ; 754                        ;
;     -- Register only                        ; 887                        ;
;                                             ;                            ;
; Logic elements by mode                      ;                            ;
;     -- normal mode                          ; 1672                       ;
;     -- arithmetic mode                      ; 368                        ;
;                                             ;                            ;
; Total registers*                            ; 2,105 / 17,056 ( 12 % )    ;
;     -- Dedicated logic registers            ; 2,105 / 15,408 ( 14 % )    ;
;     -- I/O registers                        ; 0 / 1,648 ( 0 % )          ;
;                                             ;                            ;
; Total LABs:  partially or completely used   ; 247 / 963 ( 26 % )         ;
; Virtual pins                                ; 0                          ;
; I/O pins                                    ; 97 / 344 ( 28 % )          ;
;     -- Clock pins                           ; 1 / 7 ( 14 % )             ;
;     -- Dedicated input pins                 ; 3 / 9 ( 33 % )             ;
;                                             ;                            ;
; M9Ks                                        ; 36 / 56 ( 64 % )           ;
; Total block memory bits                     ; 287,232 / 516,096 ( 56 % ) ;
; Total block memory implementation bits      ; 331,776 / 516,096 ( 64 % ) ;
; Embedded Multiplier 9-bit elements          ; 0 / 112 ( 0 % )            ;
; PLLs                                        ; 0 / 4 ( 0 % )              ;
; Global signals                              ; 5                          ;
;     -- Global clocks                        ; 5 / 20 ( 25 % )            ;
; JTAGs                                       ; 1 / 1 ( 100 % )            ;
; CRC blocks                                  ; 0 / 1 ( 0 % )              ;
; ASMI blocks                                 ; 0 / 1 ( 0 % )              ;
; Oscillator blocks                           ; 0 / 1 ( 0 % )              ;
; Impedance control blocks                    ; 0 / 4 ( 0 % )              ;
; Average interconnect usage (total/H/V)      ; 6.0% / 5.7% / 6.5%         ;
; Peak interconnect usage (total/H/V)         ; 17.7% / 15.7% / 20.6%      ;
; Maximum fan-out                             ; 1510                       ;
; Highest non-global fan-out                  ; 294                        ;
; Total fan-out                               ; 14836                      ;
; Average fan-out                             ; 2.92                       ;
+---------------------------------------------+----------------------------+
*  Register count does not include registers inside RAM blocks or DSP blocks.



+--------------------------------------------------------------------------------------------------------------------------------------------------------------+
; Fitter Partition Statistics                                                                                                                                  ;
+---------------------------------------------+----------------------+-----------------------+--------------------------------+--------------------------------+
; Statistic                                   ; Top                  ; sld_hub:auto_hub      ; sld_signaltap:auto_signaltap_0 ; hard_block:auto_generated_inst ;
+---------------------------------------------+----------------------+-----------------------+--------------------------------+--------------------------------+
; Difficulty Clustering Region                ; Low                  ; Low                   ; Low                            ; Low                            ;
;                                             ;                      ;                       ;                                ;                                ;
; Total logic elements                        ; 1417 / 15408 ( 9 % ) ; 151 / 15408 ( < 1 % ) ; 1359 / 15408 ( 9 % )           ; 0 / 15408 ( 0 % )              ;
;     -- Combinational with no register       ; 613                  ; 60                    ; 149                            ; 0                              ;
;     -- Register only                        ; 102                  ; 25                    ; 760                            ; 0                              ;
;     -- Combinational with a register        ; 702                  ; 66                    ; 450                            ; 0                              ;
;                                             ;                      ;                       ;                                ;                                ;
; Logic element usage by number of LUT inputs ;                      ;                       ;                                ;                                ;
;     -- 4 input functions                    ; 580                  ; 55                    ; 281                            ; 0                              ;
;     -- 3 input functions                    ; 151                  ; 37                    ; 182                            ; 0                              ;
;     -- <=2 input functions                  ; 584                  ; 34                    ; 136                            ; 0                              ;
;     -- Register only                        ; 102                  ; 25                    ; 760                            ; 0                              ;
;                                             ;                      ;                       ;                                ;                                ;
; Logic elements by mode                      ;                      ;                       ;                                ;                                ;
;     -- normal mode                          ; 1044                 ; 118                   ; 510                            ; 0                              ;
;     -- arithmetic mode                      ; 271                  ; 8                     ; 89                             ; 0                              ;
;                                             ;                      ;                       ;                                ;                                ;
; Total registers                             ; 804                  ; 91                    ; 1210                           ; 0                              ;
;     -- Dedicated logic registers            ; 804 / 15408 ( 5 % )  ; 91 / 15408 ( < 1 % )  ; 1210 / 15408 ( 8 % )           ; 0 / 15408 ( 0 % )              ;
;     -- I/O registers                        ; 0                    ; 0                     ; 0                              ; 0                              ;
;                                             ;                      ;                       ;                                ;                                ;
; Total LABs:  partially or completely used   ; 111 / 963 ( 12 % )   ; 13 / 963 ( 1 % )      ; 133 / 963 ( 14 % )             ; 0 / 963 ( 0 % )                ;
;                                             ;                      ;                       ;                                ;                                ;
; Virtual pins                                ; 0                    ; 0                     ; 0                              ; 0                              ;
; I/O pins                                    ; 97                   ; 0                     ; 0                              ; 0                              ;
; Embedded Multiplier 9-bit elements          ; 0 / 112 ( 0 % )      ; 0 / 112 ( 0 % )       ; 0 / 112 ( 0 % )                ; 0 / 112 ( 0 % )                ;
; Total memory bits                           ; 512                  ; 0                     ; 286720                         ; 0                              ;
; Total RAM block bits                        ; 9216                 ; 0                     ; 322560                         ; 0                              ;
; JTAG                                        ; 1 / 1 ( 100 % )      ; 0 / 1 ( 0 % )         ; 0 / 1 ( 0 % )                  ; 0 / 1 ( 0 % )                  ;
; M9K                                         ; 1 / 56 ( 1 % )       ; 0 / 56 ( 0 % )        ; 35 / 56 ( 62 % )               ; 0 / 56 ( 0 % )                 ;
; Clock control block                         ; 4 / 24 ( 16 % )      ; 0 / 24 ( 0 % )        ; 1 / 24 ( 4 % )                 ; 0 / 24 ( 0 % )                 ;
;                                             ;                      ;                       ;                                ;                                ;
; Connections                                 ;                      ;                       ;                                ;                                ;
;     -- Input Connections                    ; 38                   ; 134                   ; 1633                           ; 0                              ;
;     -- Registered Input Connections         ; 0                    ; 102                   ; 1300                           ; 0                              ;
;     -- Output Connections                   ; 1585                 ; 186                   ; 34                             ; 0                              ;
;     -- Registered Output Connections        ; 42                   ; 186                   ; 0                              ; 0                              ;
;                                             ;                      ;                       ;                                ;                                ;
; Internal Connections                        ;                      ;                       ;                                ;                                ;
;     -- Total Connections                    ; 8673                 ; 897                   ; 7038                           ; 5                              ;
;     -- Registered Connections               ; 2582                 ; 649                   ; 4147                           ; 0                              ;
;                                             ;                      ;                       ;                                ;                                ;
; External Connections                        ;                      ;                       ;                                ;                                ;
;     -- Top                                  ; 74                   ; 123                   ; 1426                           ; 0                              ;
;     -- sld_hub:auto_hub                     ; 123                  ; 20                    ; 177                            ; 0                              ;
;     -- sld_signaltap:auto_signaltap_0       ; 1426                 ; 177                   ; 64                             ; 0                              ;
;     -- hard_block:auto_generated_inst       ; 0                    ; 0                     ; 0                              ; 0                              ;
;                                             ;                      ;                       ;                                ;                                ;
; Partition Interface                         ;                      ;                       ;                                ;                                ;
;     -- Input Ports                          ; 22                   ; 45                    ; 279                            ; 0                              ;
;     -- Output Ports                         ; 42                   ; 62                    ; 155                            ; 0                              ;
;     -- Bidir Ports                          ; 37                   ; 0                     ; 0                              ; 0                              ;
;                                             ;                      ;                       ;                                ;                                ;
; Registered Ports                            ;                      ;                       ;                                ;                                ;
;     -- Registered Input Ports               ; 0                    ; 4                     ; 62                             ; 0                              ;
;     -- Registered Output Ports              ; 0                    ; 29                    ; 141                            ; 0                              ;
;                                             ;                      ;                       ;                                ;                                ;
; Port Connectivity                           ;                      ;                       ;                                ;                                ;
;     -- Input Ports driven by GND            ; 0                    ; 0                     ; 13                             ; 0                              ;
;     -- Output Ports driven by GND           ; 0                    ; 28                    ; 2                              ; 0                              ;
;     -- Input Ports driven by VCC            ; 0                    ; 0                     ; 19                             ; 0                              ;
;     -- Output Ports driven by VCC           ; 0                    ; 0                     ; 1                              ; 0                              ;
;     -- Input Ports with no Source           ; 0                    ; 25                    ; 74                             ; 0                              ;
;     -- Output Ports with no Source          ; 0                    ; 0                     ; 0                              ; 0                              ;
;     -- Input Ports with no Fanout           ; 0                    ; 30                    ; 88                             ; 0                              ;
;     -- Output Ports with no Fanout          ; 0                    ; 29                    ; 143                            ; 0                              ;
+---------------------------------------------+----------------------+-----------------------+--------------------------------+--------------------------------+


+-------------------------------------------------------------------------------------------------------------------------------------------------------------------------------------------------------------------------------------------------------------------------------------------------+
; Input Pins                                                                                                                                                                                                                                                                                      ;
+----------------+-------+----------+--------------+--------------+--------------+-----------------------+--------------------+--------+----------------+---------------+-----------------+----------+--------------+--------------+---------------------------+----------------------+-----------+
; Name           ; Pin # ; I/O Bank ; X coordinate ; Y coordinate ; Z coordinate ; Combinational Fan-Out ; Registered Fan-Out ; Global ; Input Register ; Power Up High ; PCI I/O Enabled ; Bus Hold ; Weak Pull Up ; I/O Standard ; Termination Control Block ; Location assigned by ; Slew Rate ;
+----------------+-------+----------+--------------+--------------+--------------+-----------------------+--------------------+--------+----------------+---------------+-----------------+----------+--------------+--------------+---------------------------+----------------------+-----------+
; clk50          ; G21   ; 6        ; 41           ; 15           ; 0            ; 1510                  ; 0                  ; yes    ; no             ; no            ; yes             ; no       ; Off          ; 3.3-V LVCMOS ; --                        ; User                 ; no        ;
; dcj_aio[0]     ; AA3   ; 3        ; 5            ; 0            ; 0            ; 3                     ; 0                  ; no     ; no             ; no            ; yes             ; no       ; Off          ; 3.3-V LVCMOS ; --                        ; User                 ; no        ;
; dcj_aio[1]     ; AB3   ; 3        ; 7            ; 0            ; 28           ; 3                     ; 0                  ; no     ; no             ; no            ; yes             ; no       ; Off          ; 3.3-V LVCMOS ; --                        ; User                 ; no        ;
; dcj_aio[2]     ; AA4   ; 3        ; 7            ; 0            ; 7            ; 3                     ; 0                  ; no     ; no             ; no            ; yes             ; no       ; Off          ; 3.3-V LVCMOS ; --                        ; User                 ; no        ;
; dcj_aio[3]     ; AB4   ; 3        ; 7            ; 0            ; 0            ; 3                     ; 0                  ; no     ; no             ; no            ; yes             ; no       ; Off          ; 3.3-V LVCMOS ; --                        ; User                 ; no        ;
; dcj_ale_n      ; Y22   ; 5        ; 41           ; 3            ; 0            ; 31                    ; 0                  ; no     ; no             ; no            ; yes             ; no       ; Off          ; 3.3-V LVCMOS ; --                        ; User                 ; no        ;
; dcj_bs[0]      ; AA7   ; 3        ; 11           ; 0            ; 14           ; 3                     ; 0                  ; no     ; no             ; no            ; yes             ; no       ; Off          ; 3.3-V LVCMOS ; --                        ; User                 ; no        ;
; dcj_bs[1]      ; AB7   ; 3        ; 11           ; 0            ; 7            ; 3                     ; 0                  ; no     ; no             ; no            ; yes             ; no       ; Off          ; 3.3-V LVCMOS ; --                        ; User                 ; no        ;
; dcj_bufctl_n   ; Y21   ; 5        ; 41           ; 4            ; 7            ; 9                     ; 0                  ; no     ; no             ; no            ; yes             ; no       ; Off          ; 3.3-V LVCMOS ; --                        ; User                 ; no        ;
; dcj_clk2       ; U22   ; 5        ; 41           ; 8            ; 7            ; 2                     ; 0                  ; no     ; no             ; no            ; yes             ; no       ; Off          ; 3.3-V LVCMOS ; --                        ; User                 ; no        ;
; dcj_dal_hi[16] ; AA21  ; 5        ; 41           ; 2            ; 14           ; 1                     ; 0                  ; no     ; no             ; no            ; yes             ; no       ; Off          ; 3.3-V LVCMOS ; --                        ; User                 ; no        ;
; dcj_dal_hi[17] ; AA20  ; 4        ; 37           ; 0            ; 21           ; 1                     ; 0                  ; no     ; no             ; no            ; yes             ; no       ; Off          ; 3.3-V LVCMOS ; --                        ; User                 ; no        ;
; dcj_dal_hi[18] ; AB20  ; 4        ; 37           ; 0            ; 14           ; 1                     ; 0                  ; no     ; no             ; no            ; yes             ; no       ; Off          ; 3.3-V LVCMOS ; --                        ; User                 ; no        ;
; dcj_dal_hi[19] ; AA19  ; 4        ; 35           ; 0            ; 21           ; 1                     ; 0                  ; no     ; no             ; no            ; yes             ; no       ; Off          ; 3.3-V LVCMOS ; --                        ; User                 ; no        ;
; dcj_dal_hi[20] ; AB19  ; 4        ; 35           ; 0            ; 14           ; 1                     ; 0                  ; no     ; no             ; no            ; yes             ; no       ; Off          ; 3.3-V LVCMOS ; --                        ; User                 ; no        ;
; dcj_dal_hi[21] ; AA18  ; 4        ; 35           ; 0            ; 28           ; 1                     ; 0                  ; no     ; no             ; no            ; yes             ; no       ; Off          ; 3.3-V LVCMOS ; --                        ; User                 ; no        ;
; dcj_sctl_n     ; W22   ; 5        ; 41           ; 5            ; 7            ; 19                    ; 0                  ; no     ; no             ; no            ; yes             ; no       ; Off          ; 3.3-V LVCMOS ; --                        ; User                 ; no        ;
; dcj_strb_n     ; W21   ; 5        ; 41           ; 5            ; 0            ; 2                     ; 0                  ; no     ; no             ; no            ; yes             ; no       ; Off          ; 3.3-V LVCMOS ; --                        ; User                 ; no        ;
; uart_rx        ; C1    ; 1        ; 0            ; 26           ; 21           ; 1                     ; 0                  ; no     ; no             ; no            ; yes             ; no       ; Off          ; 3.3-V LVCMOS ; --                        ; User                 ; no        ;
+----------------+-------+----------+--------------+--------------+--------------+-----------------------+--------------------+--------+----------------+---------------+-----------------+----------+--------------+--------------+---------------------------+----------------------+-----------+


+------------------------------------------------------------------------------------------------------------------------------------------------------------------------------------------------------------------------------------------------------------------------------------------------------------------------------------------------------------------------------------------------------------------------------------------+
; Output Pins                                                                                                                                                                                                                                                                                                                                                                                                                              ;
+---------------+-------+----------+--------------+--------------+--------------+-----------------+------------------------+---------------+-----------+-----------------+------------+---------------+----------+--------------+--------------+------------------+-------------+---------------------------+----------------------------+-----------------------------+----------------------+----------------------+---------------------+
; Name          ; Pin # ; I/O Bank ; X coordinate ; Y coordinate ; Z coordinate ; Output Register ; Output Enable Register ; Power Up High ; Slew Rate ; PCI I/O Enabled ; Open Drain ; TRI Primitive ; Bus Hold ; Weak Pull Up ; I/O Standard ; Current Strength ; Termination ; Termination Control Block ; Output Buffer Pre-emphasis ; Voltage Output Differential ; Location assigned by ; Output Enable Source ; Output Enable Group ;
+---------------+-------+----------+--------------+--------------+--------------+-----------------+------------------------+---------------+-----------+-----------------+------------+---------------+----------+--------------+--------------+------------------+-------------+---------------------------+----------------------------+-----------------------------+----------------------+----------------------+---------------------+
; dcj_abort_n   ; AB18  ; 4        ; 32           ; 0            ; 0            ; no              ; no                     ; no            ; 2         ; no              ; no         ; no            ; no       ; Off          ; 3.3-V LVCMOS ; 2mA              ; Off         ; --                        ; no                         ; no                          ; User                 ; -                    ; -                   ;
; dcj_cont_n    ; U21   ; 5        ; 41           ; 8            ; 0            ; no              ; no                     ; no            ; 2         ; no              ; no         ; no            ; no       ; Off          ; 3.3-V LVCMOS ; 2mA              ; Off         ; --                        ; no                         ; no                          ; User                 ; -                    ; -                   ;
; dcj_event_n   ; V22   ; 5        ; 41           ; 7            ; 0            ; no              ; no                     ; no            ; 2         ; no              ; no         ; no            ; no       ; Off          ; 3.3-V LVCMOS ; 2mA              ; Off         ; --                        ; no                         ; no                          ; User                 ; -                    ; -                   ;
; dcj_irq[0]    ; AA5   ; 3        ; 9            ; 0            ; 28           ; no              ; no                     ; no            ; 2         ; no              ; no         ; no            ; no       ; Off          ; 3.3-V LVCMOS ; 2mA              ; Off         ; --                        ; no                         ; no                          ; User                 ; -                    ; -                   ;
; dcj_irq[1]    ; AB5   ; 3        ; 9            ; 0            ; 21           ; no              ; no                     ; no            ; 2         ; no              ; no         ; no            ; no       ; Off          ; 3.3-V LVCMOS ; 2mA              ; Off         ; --                        ; no                         ; no                          ; User                 ; -                    ; -                   ;
; led_addr_en   ; Y4    ; 3        ; 3            ; 0            ; 7            ; no              ; no                     ; no            ; 2         ; no              ; no         ; no            ; no       ; Off          ; 3.3-V LVCMOS ; 2mA              ; Off         ; --                        ; no                         ; no                          ; User                 ; -                    ; -                   ;
; led_data_en   ; Y8    ; 3        ; 11           ; 0            ; 0            ; no              ; no                     ; no            ; 2         ; no              ; no         ; no            ; no       ; Off          ; 3.3-V LVCMOS ; 2mA              ; Off         ; --                        ; no                         ; no                          ; User                 ; -                    ; -                   ;
; led_err       ; R17   ; 5        ; 41           ; 6            ; 0            ; no              ; no                     ; no            ; 2         ; no              ; no         ; no            ; no       ; Off          ; 3.3-V LVCMOS ; 2mA              ; Off         ; --                        ; no                         ; no                          ; User                 ; -                    ; -                   ;
; led_fetch     ; R16   ; 4        ; 37           ; 0            ; 0            ; no              ; no                     ; no            ; 2         ; no              ; no         ; no            ; no       ; Off          ; 3.3-V LVCMOS ; 2mA              ; Off         ; --                        ; no                         ; no                          ; User                 ; -                    ; -                   ;
; led_halt      ; R18   ; 5        ; 41           ; 9            ; 21           ; no              ; no                     ; no            ; 2         ; no              ; no         ; no            ; no       ; Off          ; 3.3-V LVCMOS ; 2mA              ; Off         ; --                        ; no                         ; no                          ; User                 ; -                    ; -                   ;
; led_inack     ; R13   ; 4        ; 30           ; 0            ; 28           ; no              ; no                     ; no            ; 2         ; no              ; no         ; no            ; no       ; Off          ; 3.3-V LVCMOS ; 2mA              ; Off         ; --                        ; no                         ; no                          ; User                 ; -                    ; -                   ;
; led_io_space  ; R12   ; 3        ; 5            ; 0            ; 28           ; no              ; no                     ; no            ; 2         ; no              ; no         ; no            ; no       ; Off          ; 3.3-V LVCMOS ; 2mA              ; Off         ; --                        ; no                         ; no                          ; User                 ; -                    ; -                   ;
; led_read      ; R15   ; 4        ; 39           ; 0            ; 7            ; no              ; no                     ; no            ; 2         ; no              ; no         ; no            ; no       ; Off          ; 3.3-V LVCMOS ; 2mA              ; Off         ; --                        ; no                         ; no                          ; User                 ; -                    ; -                   ;
; led_run       ; R19   ; 5        ; 41           ; 9            ; 14           ; no              ; no                     ; no            ; 2         ; no              ; no         ; no            ; no       ; Off          ; 3.3-V LVCMOS ; 2mA              ; Off         ; --                        ; no                         ; no                          ; User                 ; -                    ; -                   ;
; led_write     ; R14   ; 4        ; 39           ; 0            ; 14           ; no              ; no                     ; no            ; 2         ; no              ; no         ; no            ; no       ; Off          ; 3.3-V LVCMOS ; 2mA              ; Off         ; --                        ; no                         ; no                          ; User                 ; -                    ; -                   ;
; sram_addr[0]  ; B3    ; 8        ; 3            ; 29           ; 7            ; no              ; no                     ; no            ; 2         ; no              ; no         ; no            ; no       ; Off          ; 3.3-V LVCMOS ; 2mA              ; Off         ; --                        ; no                         ; no                          ; User                 ; -                    ; -                   ;
; sram_addr[10] ; A9    ; 8        ; 16           ; 29           ; 28           ; no              ; no                     ; no            ; 2         ; no              ; no         ; no            ; no       ; Off          ; 3.3-V LVCMOS ; 2mA              ; Off         ; --                        ; no                         ; no                          ; User                 ; -                    ; -                   ;
; sram_addr[11] ; B10   ; 8        ; 16           ; 29           ; 21           ; no              ; no                     ; no            ; 2         ; no              ; no         ; no            ; no       ; Off          ; 3.3-V LVCMOS ; 2mA              ; Off         ; --                        ; no                         ; no                          ; User                 ; -                    ; -                   ;
; sram_addr[12] ; A10   ; 8        ; 16           ; 29           ; 14           ; no              ; no                     ; no            ; 2         ; no              ; no         ; no            ; no       ; Off          ; 3.3-V LVCMOS ; 2mA              ; Off         ; --                        ; no                         ; no                          ; User                 ; -                    ; -                   ;
; sram_addr[13] ; A13   ; 7        ; 21           ; 29           ; 0            ; no              ; no                     ; no            ; 2         ; no              ; no         ; no            ; no       ; Off          ; 3.3-V LVCMOS ; 2mA              ; Off         ; --                        ; no                         ; no                          ; User                 ; -                    ; -                   ;
; sram_addr[14] ; B13   ; 7        ; 21           ; 29           ; 7            ; no              ; no                     ; no            ; 2         ; no              ; no         ; no            ; no       ; Off          ; 3.3-V LVCMOS ; 2mA              ; Off         ; --                        ; no                         ; no                          ; User                 ; -                    ; -                   ;
; sram_addr[15] ; A14   ; 7        ; 23           ; 29           ; 21           ; no              ; no                     ; no            ; 2         ; no              ; no         ; no            ; no       ; Off          ; 3.3-V LVCMOS ; 2mA              ; Off         ; --                        ; no                         ; no                          ; User                 ; -                    ; -                   ;
; sram_addr[16] ; B14   ; 7        ; 23           ; 29           ; 28           ; no              ; no                     ; no            ; 2         ; no              ; no         ; no            ; no       ; Off          ; 3.3-V LVCMOS ; 2mA              ; Off         ; --                        ; no                         ; no                          ; User                 ; -                    ; -                   ;
; sram_addr[17] ; B7    ; 8        ; 11           ; 29           ; 7            ; no              ; no                     ; no            ; 2         ; no              ; no         ; no            ; no       ; Off          ; 3.3-V LVCMOS ; 2mA              ; Off         ; --                        ; no                         ; no                          ; User                 ; -                    ; -                   ;
; sram_addr[18] ; A7    ; 8        ; 11           ; 29           ; 0            ; no              ; no                     ; no            ; 2         ; no              ; no         ; no            ; no       ; Off          ; 3.3-V LVCMOS ; 2mA              ; Off         ; --                        ; no                         ; no                          ; User                 ; -                    ; -                   ;
; sram_addr[19] ; B8    ; 8        ; 14           ; 29           ; 28           ; no              ; no                     ; no            ; 2         ; no              ; no         ; no            ; no       ; Off          ; 3.3-V LVCMOS ; 2mA              ; Off         ; --                        ; no                         ; no                          ; User                 ; -                    ; -                   ;
; sram_addr[1]  ; A3    ; 8        ; 3            ; 29           ; 0            ; no              ; no                     ; no            ; 2         ; no              ; no         ; no            ; no       ; Off          ; 3.3-V LVCMOS ; 2mA              ; Off         ; --                        ; no                         ; no                          ; User                 ; -                    ; -                   ;
; sram_addr[20] ; C10   ; 8        ; 14           ; 29           ; 7            ; no              ; no                     ; no            ; 2         ; no              ; no         ; no            ; no       ; Off          ; 3.3-V LVCMOS ; 2mA              ; Off         ; --                        ; no                         ; no                          ; User                 ; -                    ; -                   ;
; sram_addr[2]  ; B4    ; 8        ; 5            ; 29           ; 14           ; no              ; no                     ; no            ; 2         ; no              ; no         ; no            ; no       ; Off          ; 3.3-V LVCMOS ; 2mA              ; Off         ; --                        ; no                         ; no                          ; User                 ; -                    ; -                   ;
; sram_addr[3]  ; A4    ; 8        ; 5            ; 29           ; 7            ; no              ; no                     ; no            ; 2         ; no              ; no         ; no            ; no       ; Off          ; 3.3-V LVCMOS ; 2mA              ; Off         ; --                        ; no                         ; no                          ; User                 ; -                    ; -                   ;
; sram_addr[4]  ; B5    ; 8        ; 7            ; 29           ; 14           ; no              ; no                     ; no            ; 2         ; no              ; no         ; no            ; no       ; Off          ; 3.3-V LVCMOS ; 2mA              ; Off         ; --                        ; no                         ; no                          ; User                 ; -                    ; -                   ;
; sram_addr[5]  ; A5    ; 8        ; 7            ; 29           ; 7            ; no              ; no                     ; no            ; 2         ; no              ; no         ; no            ; no       ; Off          ; 3.3-V LVCMOS ; 2mA              ; Off         ; --                        ; no                         ; no                          ; User                 ; -                    ; -                   ;
; sram_addr[6]  ; B6    ; 8        ; 11           ; 29           ; 21           ; no              ; no                     ; no            ; 2         ; no              ; no         ; no            ; no       ; Off          ; 3.3-V LVCMOS ; 2mA              ; Off         ; --                        ; no                         ; no                          ; User                 ; -                    ; -                   ;
; sram_addr[7]  ; A6    ; 8        ; 11           ; 29           ; 14           ; no              ; no                     ; no            ; 2         ; no              ; no         ; no            ; no       ; Off          ; 3.3-V LVCMOS ; 2mA              ; Off         ; --                        ; no                         ; no                          ; User                 ; -                    ; -                   ;
; sram_addr[8]  ; A8    ; 8        ; 14           ; 29           ; 21           ; no              ; no                     ; no            ; 2         ; no              ; no         ; no            ; no       ; Off          ; 3.3-V LVCMOS ; 2mA              ; Off         ; --                        ; no                         ; no                          ; User                 ; -                    ; -                   ;
; sram_addr[9]  ; B9    ; 8        ; 14           ; 29           ; 0            ; no              ; no                     ; no            ; 2         ; no              ; no         ; no            ; no       ; Off          ; 3.3-V LVCMOS ; 2mA              ; Off         ; --                        ; no                         ; no                          ; User                 ; -                    ; -                   ;
; sram_ce1_n    ; B1    ; 1        ; 0            ; 27           ; 14           ; no              ; no                     ; no            ; 2         ; no              ; no         ; no            ; no       ; Off          ; 3.3-V LVCMOS ; 2mA              ; Off         ; --                        ; no                         ; no                          ; User                 ; -                    ; -                   ;
; sram_oe_n     ; B2    ; 1        ; 0            ; 27           ; 7            ; no              ; no                     ; no            ; 2         ; no              ; no         ; no            ; no       ; Off          ; 3.3-V LVCMOS ; 2mA              ; Off         ; --                        ; no                         ; no                          ; User                 ; -                    ; -                   ;
; sram_we_hi_n  ; C3    ; 8        ; 3            ; 29           ; 28           ; no              ; no                     ; no            ; 2         ; no              ; no         ; no            ; no       ; Off          ; 3.3-V LVCMOS ; 2mA              ; Off         ; --                        ; no                         ; no                          ; User                 ; -                    ; -                   ;
; sram_we_lo_n  ; C4    ; 8        ; 1            ; 29           ; 0            ; no              ; no                     ; no            ; 2         ; no              ; no         ; no            ; no       ; Off          ; 3.3-V LVCMOS ; 2mA              ; Off         ; --                        ; no                         ; no                          ; User                 ; -                    ; -                   ;
; uart_tx       ; D2    ; 1        ; 0            ; 25           ; 0            ; no              ; no                     ; no            ; 2         ; no              ; no         ; no            ; no       ; Off          ; 3.3-V LVCMOS ; 2mA              ; Off         ; --                        ; no                         ; no                          ; User                 ; -                    ; -                   ;
+---------------+-------+----------+--------------+--------------+--------------+-----------------+------------------------+---------------+-----------+-----------------+------------+---------------+----------+--------------+--------------+------------------+-------------+---------------------------+----------------------------+-----------------------------+----------------------+----------------------+---------------------+


+--------------------------------------------------------------------------------------------------------------------------------------------------------------------------------------------------------------------------------------------------------------------------------------------------------------------------------------------------------------------------------------------------------------------------------------------------------------------------------------------------------------------------------------------+
; Bidir Pins                                                                                                                                                                                                                                                                                                                                                                                                                                                                                                                                 ;
+---------------+-------+----------+--------------+--------------+--------------+-----------------------+--------------------+--------+----------------+-----------------+------------------------+---------------+-----------+-----------------+------------+----------+--------------+--------------+------------------+--------------------+---------------------------+----------------------------+----------------------+----------------------+---------------------------------------------------------------------------------------+
; Name          ; Pin # ; I/O Bank ; X coordinate ; Y coordinate ; Z coordinate ; Combinational Fan-Out ; Registered Fan-Out ; Global ; Input Register ; Output Register ; Output Enable Register ; Power Up High ; Slew Rate ; PCI I/O Enabled ; Open Drain ; Bus Hold ; Weak Pull Up ; I/O Standard ; Current Strength ; Output Termination ; Termination Control Block ; Output Buffer Pre-emphasis ; Location assigned by ; Output Enable Source ; Output Enable Group                                                                   ;
+---------------+-------+----------+--------------+--------------+--------------+-----------------------+--------------------+--------+----------------+-----------------+------------------------+---------------+-----------+-----------------+------------+----------+--------------+--------------+------------------+--------------------+---------------------------+----------------------------+----------------------+----------------------+---------------------------------------------------------------------------------------+
; dcj_dal[0]    ; AB9   ; 3        ; 16           ; 0            ; 0            ; 4                     ; 0                  ; no     ; no             ; no              ; no                     ; no            ; 2         ; yes             ; no         ; no       ; Off          ; 3.3-V LVCMOS ; 2mA              ; Off                ; --                        ; no                         ; User                 ; 0 pF                 ; dcj11_sram_2kb_hello_core:core|dal_oe~3 (inverted)                                    ;
; dcj_dal[10]   ; AB10  ; 3        ; 21           ; 0            ; 28           ; 4                     ; 0                  ; no     ; no             ; no              ; no                     ; no            ; 2         ; yes             ; no         ; no       ; Off          ; 3.3-V LVCMOS ; 2mA              ; Off                ; --                        ; no                         ; User                 ; 0 pF                 ; dcj11_sram_2kb_hello_core:core|dal_oe~3 (inverted)                                    ;
; dcj_dal[11]   ; AB13  ; 4        ; 23           ; 0            ; 21           ; 4                     ; 0                  ; no     ; no             ; no              ; no                     ; no            ; 2         ; yes             ; no         ; no       ; Off          ; 3.3-V LVCMOS ; 2mA              ; Off                ; --                        ; no                         ; User                 ; 0 pF                 ; dcj11_sram_2kb_hello_core:core|dal_oe~3 (inverted)                                    ;
; dcj_dal[12]   ; AA13  ; 4        ; 23           ; 0            ; 28           ; 4                     ; 0                  ; no     ; no             ; no              ; no                     ; no            ; 2         ; yes             ; no         ; no       ; Off          ; 3.3-V LVCMOS ; 2mA              ; Off                ; --                        ; no                         ; User                 ; 0 pF                 ; dcj11_sram_2kb_hello_core:core|dal_oe~3 (inverted)                                    ;
; dcj_dal[13]   ; AB14  ; 4        ; 23           ; 0            ; 7            ; 4                     ; 0                  ; no     ; no             ; no              ; no                     ; no            ; 2         ; yes             ; no         ; no       ; Off          ; 3.3-V LVCMOS ; 2mA              ; Off                ; --                        ; no                         ; User                 ; 0 pF                 ; dcj11_sram_2kb_hello_core:core|dal_oe~3 (inverted)                                    ;
; dcj_dal[14]   ; AA14  ; 4        ; 23           ; 0            ; 14           ; 4                     ; 0                  ; no     ; no             ; no              ; no                     ; no            ; 2         ; yes             ; no         ; no       ; Off          ; 3.3-V LVCMOS ; 2mA              ; Off                ; --                        ; no                         ; User                 ; 0 pF                 ; dcj11_sram_2kb_hello_core:core|dal_oe~3 (inverted)                                    ;
; dcj_dal[15]   ; AB15  ; 4        ; 26           ; 0            ; 7            ; 4                     ; 0                  ; no     ; no             ; no              ; no                     ; no            ; 2         ; yes             ; no         ; no       ; Off          ; 3.3-V LVCMOS ; 2mA              ; Off                ; --                        ; no                         ; User                 ; 0 pF                 ; dcj11_sram_2kb_hello_core:core|dal_oe~3 (inverted)                                    ;
; dcj_dal[1]    ; AA15  ; 4        ; 26           ; 0            ; 14           ; 4                     ; 0                  ; no     ; no             ; no              ; no                     ; no            ; 2         ; yes             ; no         ; no       ; Off          ; 3.3-V LVCMOS ; 2mA              ; Off                ; --                        ; no                         ; User                 ; 0 pF                 ; dcj11_sram_2kb_hello_core:core|dal_oe~3 (inverted)                                    ;
; dcj_dal[2]    ; AB16  ; 4        ; 28           ; 0            ; 14           ; 4                     ; 0                  ; no     ; no             ; no              ; no                     ; no            ; 2         ; yes             ; no         ; no       ; Off          ; 3.3-V LVCMOS ; 2mA              ; Off                ; --                        ; no                         ; User                 ; 0 pF                 ; dcj11_sram_2kb_hello_core:core|dal_oe~3 (inverted)                                    ;
; dcj_dal[3]    ; AA16  ; 4        ; 28           ; 0            ; 21           ; 4                     ; 0                  ; no     ; no             ; no              ; no                     ; no            ; 2         ; yes             ; no         ; no       ; Off          ; 3.3-V LVCMOS ; 2mA              ; Off                ; --                        ; no                         ; User                 ; 0 pF                 ; dcj11_sram_2kb_hello_core:core|dal_oe~3 (inverted)                                    ;
; dcj_dal[4]    ; AB17  ; 4        ; 28           ; 0            ; 0            ; 4                     ; 0                  ; no     ; no             ; no              ; no                     ; no            ; 2         ; yes             ; no         ; no       ; Off          ; 3.3-V LVCMOS ; 2mA              ; Off                ; --                        ; no                         ; User                 ; 0 pF                 ; dcj11_sram_2kb_hello_core:core|dal_oe~3 (inverted)                                    ;
; dcj_dal[5]    ; AA17  ; 4        ; 28           ; 0            ; 7            ; 4                     ; 0                  ; no     ; no             ; no              ; no                     ; no            ; 2         ; yes             ; no         ; no       ; Off          ; 3.3-V LVCMOS ; 2mA              ; Off                ; --                        ; no                         ; User                 ; 0 pF                 ; dcj11_sram_2kb_hello_core:core|dal_oe~3 (inverted)                                    ;
; dcj_dal[6]    ; AA8   ; 3        ; 16           ; 0            ; 28           ; 4                     ; 0                  ; no     ; no             ; no              ; no                     ; no            ; 2         ; yes             ; no         ; no       ; Off          ; 3.3-V LVCMOS ; 2mA              ; Off                ; --                        ; no                         ; User                 ; 0 pF                 ; dcj11_sram_2kb_hello_core:core|dal_oe~3 (inverted)                                    ;
; dcj_dal[7]    ; AB8   ; 3        ; 16           ; 0            ; 21           ; 4                     ; 0                  ; no     ; no             ; no              ; no                     ; no            ; 2         ; yes             ; no         ; no       ; Off          ; 3.3-V LVCMOS ; 2mA              ; Off                ; --                        ; no                         ; User                 ; 0 pF                 ; dcj11_sram_2kb_hello_core:core|dal_oe~3 (inverted)                                    ;
; dcj_dal[8]    ; AA9   ; 3        ; 16           ; 0            ; 7            ; 4                     ; 0                  ; no     ; no             ; no              ; no                     ; no            ; 2         ; yes             ; no         ; no       ; Off          ; 3.3-V LVCMOS ; 2mA              ; Off                ; --                        ; no                         ; User                 ; 0 pF                 ; dcj11_sram_2kb_hello_core:core|dal_oe~3 (inverted)                                    ;
; dcj_dal[9]    ; AA10  ; 3        ; 19           ; 0            ; 0            ; 4                     ; 0                  ; no     ; no             ; no              ; no                     ; no            ; 2         ; yes             ; no         ; no       ; Off          ; 3.3-V LVCMOS ; 2mA              ; Off                ; --                        ; no                         ; User                 ; 0 pF                 ; dcj11_sram_2kb_hello_core:core|dal_oe~3 (inverted)                                    ;
; dcj_dv        ; Y17   ; 4        ; 35           ; 0            ; 0            ; 0                     ; 0                  ; no     ; no             ; no              ; no                     ; no            ; 2         ; yes             ; yes        ; no       ; Off          ; 3.3-V LVCMOS ; 2mA              ; Off                ; --                        ; no                         ; User                 ; 0 pF                 ; -                                                                                     ;
; dcj_init_n    ; W20   ; 5        ; 41           ; 3            ; 14           ; 82                    ; 0                  ; no     ; no             ; no              ; no                     ; no            ; 2         ; yes             ; yes        ; no       ; Off          ; 3.3-V LVCMOS ; 2mA              ; Off                ; --                        ; no                         ; User                 ; 0 pF                 ; init_drive_low (inverted)                                                             ;
; dcj_miss_n    ; V21   ; 5        ; 41           ; 8            ; 21           ; 0                     ; 0                  ; no     ; no             ; no              ; no                     ; no            ; 2         ; yes             ; yes        ; no       ; Off          ; 3.3-V LVCMOS ; 2mA              ; Off                ; --                        ; no                         ; User                 ; 0 pF                 ; -                                                                                     ;
; led_i2c_scl   ; Y7    ; 3        ; 9            ; 0            ; 7            ; 0                     ; 0                  ; no     ; no             ; no              ; no                     ; no            ; 2         ; yes             ; yes        ; no       ; Off          ; 3.3-V LVCMOS ; 2mA              ; Off                ; --                        ; no                         ; User                 ; 0 pF                 ; aw21024_led_panel:led_panel|Aw21024I2cBurstWriter:writer|sclDriveLowReg               ;
; led_i2c_sda   ; Y6    ; 3        ; 5            ; 0            ; 7            ; 0                     ; 0                  ; no     ; no             ; no              ; no                     ; no            ; 2         ; yes             ; yes        ; no       ; Off          ; 3.3-V LVCMOS ; 2mA              ; Off                ; --                        ; no                         ; User                 ; 0 pF                 ; aw21024_led_panel:led_panel|Aw21024I2cBurstWriter:writer|sdaDriveLowReg               ;
; sram_dq_hi[0] ; A17   ; 7        ; 30           ; 29           ; 14           ; 4                     ; 0                  ; no     ; no             ; no              ; no                     ; no            ; 2         ; yes             ; no         ; no       ; Off          ; 3.3-V LVCMOS ; 2mA              ; Off                ; --                        ; no                         ; User                 ; 0 pF                 ; dcj11_sram_2kb_hello_core:core|sram_dual_x8_bus16:sram_ip|sram_dq_hi_drive (inverted) ;
; sram_dq_hi[1] ; B17   ; 7        ; 30           ; 29           ; 21           ; 4                     ; 0                  ; no     ; no             ; no              ; no                     ; no            ; 2         ; yes             ; no         ; no       ; Off          ; 3.3-V LVCMOS ; 2mA              ; Off                ; --                        ; no                         ; User                 ; 0 pF                 ; dcj11_sram_2kb_hello_core:core|sram_dual_x8_bus16:sram_ip|sram_dq_hi_drive (inverted) ;
; sram_dq_hi[2] ; A18   ; 7        ; 32           ; 29           ; 14           ; 4                     ; 0                  ; no     ; no             ; no              ; no                     ; no            ; 2         ; yes             ; no         ; no       ; Off          ; 3.3-V LVCMOS ; 2mA              ; Off                ; --                        ; no                         ; User                 ; 0 pF                 ; dcj11_sram_2kb_hello_core:core|sram_dual_x8_bus16:sram_ip|sram_dq_hi_drive (inverted) ;
; sram_dq_hi[3] ; B18   ; 7        ; 32           ; 29           ; 21           ; 4                     ; 0                  ; no     ; no             ; no              ; no                     ; no            ; 2         ; yes             ; no         ; no       ; Off          ; 3.3-V LVCMOS ; 2mA              ; Off                ; --                        ; no                         ; User                 ; 0 pF                 ; dcj11_sram_2kb_hello_core:core|sram_dual_x8_bus16:sram_ip|sram_dq_hi_drive (inverted) ;
; sram_dq_hi[4] ; A19   ; 7        ; 32           ; 29           ; 7            ; 4                     ; 0                  ; no     ; no             ; no              ; no                     ; no            ; 2         ; yes             ; no         ; no       ; Off          ; 3.3-V LVCMOS ; 2mA              ; Off                ; --                        ; no                         ; User                 ; 0 pF                 ; dcj11_sram_2kb_hello_core:core|sram_dual_x8_bus16:sram_ip|sram_dq_hi_drive (inverted) ;
; sram_dq_hi[5] ; B19   ; 7        ; 32           ; 29           ; 0            ; 4                     ; 0                  ; no     ; no             ; no              ; no                     ; no            ; 2         ; yes             ; no         ; no       ; Off          ; 3.3-V LVCMOS ; 2mA              ; Off                ; --                        ; no                         ; User                 ; 0 pF                 ; dcj11_sram_2kb_hello_core:core|sram_dual_x8_bus16:sram_ip|sram_dq_hi_drive (inverted) ;
; sram_dq_hi[6] ; A20   ; 7        ; 35           ; 29           ; 0            ; 4                     ; 0                  ; no     ; no             ; no              ; no                     ; no            ; 2         ; yes             ; no         ; no       ; Off          ; 3.3-V LVCMOS ; 2mA              ; Off                ; --                        ; no                         ; User                 ; 0 pF                 ; dcj11_sram_2kb_hello_core:core|sram_dual_x8_bus16:sram_ip|sram_dq_hi_drive (inverted) ;
; sram_dq_hi[7] ; B20   ; 7        ; 35           ; 29           ; 7            ; 4                     ; 0                  ; no     ; no             ; no              ; no                     ; no            ; 2         ; yes             ; no         ; no       ; Off          ; 3.3-V LVCMOS ; 2mA              ; Off                ; --                        ; no                         ; User                 ; 0 pF                 ; dcj11_sram_2kb_hello_core:core|sram_dual_x8_bus16:sram_ip|sram_dq_hi_drive (inverted) ;
; sram_dq_lo[0] ; AA1   ; 2        ; 0            ; 5            ; 14           ; 4                     ; 0                  ; no     ; no             ; no              ; no                     ; no            ; 2         ; yes             ; no         ; no       ; Off          ; 3.3-V LVCMOS ; 2mA              ; Off                ; --                        ; no                         ; User                 ; 0 pF                 ; dcj11_sram_2kb_hello_core:core|sram_dual_x8_bus16:sram_ip|sram_dq_lo_drive (inverted) ;
; sram_dq_lo[1] ; Y2    ; 2        ; 0            ; 6            ; 0            ; 4                     ; 0                  ; no     ; no             ; no              ; no                     ; no            ; 2         ; yes             ; no         ; no       ; Off          ; 3.3-V LVCMOS ; 2mA              ; Off                ; --                        ; no                         ; User                 ; 0 pF                 ; dcj11_sram_2kb_hello_core:core|sram_dual_x8_bus16:sram_ip|sram_dq_lo_drive (inverted) ;
; sram_dq_lo[2] ; Y1    ; 2        ; 0            ; 6            ; 7            ; 4                     ; 0                  ; no     ; no             ; no              ; no                     ; no            ; 2         ; yes             ; no         ; no       ; Off          ; 3.3-V LVCMOS ; 2mA              ; Off                ; --                        ; no                         ; User                 ; 0 pF                 ; dcj11_sram_2kb_hello_core:core|sram_dual_x8_bus16:sram_ip|sram_dq_lo_drive (inverted) ;
; sram_dq_lo[3] ; W2    ; 2        ; 0            ; 7            ; 14           ; 4                     ; 0                  ; no     ; no             ; no              ; no                     ; no            ; 2         ; yes             ; no         ; no       ; Off          ; 3.3-V LVCMOS ; 2mA              ; Off                ; --                        ; no                         ; User                 ; 0 pF                 ; dcj11_sram_2kb_hello_core:core|sram_dual_x8_bus16:sram_ip|sram_dq_lo_drive (inverted) ;
; sram_dq_lo[4] ; W1    ; 2        ; 0            ; 7            ; 21           ; 4                     ; 0                  ; no     ; no             ; no              ; no                     ; no            ; 2         ; yes             ; no         ; no       ; Off          ; 3.3-V LVCMOS ; 2mA              ; Off                ; --                        ; no                         ; User                 ; 0 pF                 ; dcj11_sram_2kb_hello_core:core|sram_dual_x8_bus16:sram_ip|sram_dq_lo_drive (inverted) ;
; sram_dq_lo[5] ; V2    ; 2        ; 0            ; 9            ; 21           ; 4                     ; 0                  ; no     ; no             ; no              ; no                     ; no            ; 2         ; yes             ; no         ; no       ; Off          ; 3.3-V LVCMOS ; 2mA              ; Off                ; --                        ; no                         ; User                 ; 0 pF                 ; dcj11_sram_2kb_hello_core:core|sram_dual_x8_bus16:sram_ip|sram_dq_lo_drive (inverted) ;
; sram_dq_lo[6] ; V1    ; 2        ; 0            ; 8            ; 0            ; 4                     ; 0                  ; no     ; no             ; no              ; no                     ; no            ; 2         ; yes             ; no         ; no       ; Off          ; 3.3-V LVCMOS ; 2mA              ; Off                ; --                        ; no                         ; User                 ; 0 pF                 ; dcj11_sram_2kb_hello_core:core|sram_dual_x8_bus16:sram_ip|sram_dq_lo_drive (inverted) ;
; sram_dq_lo[7] ; U2    ; 2        ; 0            ; 9            ; 7            ; 4                     ; 0                  ; no     ; no             ; no              ; no                     ; no            ; 2         ; yes             ; no         ; no       ; Off          ; 3.3-V LVCMOS ; 2mA              ; Off                ; --                        ; no                         ; User                 ; 0 pF                 ; dcj11_sram_2kb_hello_core:core|sram_dual_x8_bus16:sram_ip|sram_dq_lo_drive (inverted) ;
+---------------+-------+----------+--------------+--------------+--------------+-----------------------+--------------------+--------+----------------+-----------------+------------------------+---------------+-----------+-----------------+------------+----------+--------------+--------------+------------------+--------------------+---------------------------+----------------------------+----------------------+----------------------+---------------------------------------------------------------------------------------+


+--------------------------------------------------------------------------------------------------------------------------------------+
; Dual Purpose and Dedicated Pins                                                                                                      ;
+----------+------------------------------------------+--------------------------+-------------------------+---------------------------+
; Location ; Pin Name                                 ; Reserved As              ; User Signal Name        ; Pin Type                  ;
+----------+------------------------------------------+--------------------------+-------------------------+---------------------------+
; D1       ; DIFFIO_L4n, DATA1, ASDO                  ; As input tri-stated      ; ~ALTERA_ASDO_DATA1~     ; Dual Purpose Pin          ;
; E2       ; DIFFIO_L6p, FLASH_nCE, nCSO              ; As input tri-stated      ; ~ALTERA_FLASH_nCE_nCSO~ ; Dual Purpose Pin          ;
; K6       ; nSTATUS                                  ; -                        ; -                       ; Dedicated Programming Pin ;
; K2       ; DCLK                                     ; As output driving ground ; ~ALTERA_DCLK~           ; Dual Purpose Pin          ;
; K1       ; DATA0                                    ; As input tri-stated      ; ~ALTERA_DATA0~          ; Dual Purpose Pin          ;
; K5       ; nCONFIG                                  ; -                        ; -                       ; Dedicated Programming Pin ;
; L5       ; TDI                                      ; -                        ; altera_reserved_tdi     ; JTAG Pin                  ;
; L2       ; TCK                                      ; -                        ; altera_reserved_tck     ; JTAG Pin                  ;
; L1       ; TMS                                      ; -                        ; altera_reserved_tms     ; JTAG Pin                  ;
; L4       ; TDO                                      ; -                        ; altera_reserved_tdo     ; JTAG Pin                  ;
; L3       ; nCE                                      ; -                        ; -                       ; Dedicated Programming Pin ;
; M18      ; CONF_DONE                                ; -                        ; -                       ; Dedicated Programming Pin ;
; M17      ; MSEL0                                    ; -                        ; -                       ; Dedicated Programming Pin ;
; L18      ; MSEL1                                    ; -                        ; -                       ; Dedicated Programming Pin ;
; L17      ; MSEL2                                    ; -                        ; -                       ; Dedicated Programming Pin ;
; K20      ; MSEL3                                    ; -                        ; -                       ; Dedicated Programming Pin ;
; K22      ; DIFFIO_R16n, nCEO                        ; Use as programming pin   ; ~ALTERA_nCEO~           ; Dual Purpose Pin          ;
; B18      ; DIFFIO_T27p, PADD0                       ; Use as regular IO        ; sram_dq_hi[3]           ; Dual Purpose Pin          ;
; A17      ; DIFFIO_T25n, PADD1                       ; Use as regular IO        ; sram_dq_hi[0]           ; Dual Purpose Pin          ;
; B17      ; DIFFIO_T25p, PADD2                       ; Use as regular IO        ; sram_dq_hi[1]           ; Dual Purpose Pin          ;
; A14      ; DIFFIO_T18n, PADD9                       ; Use as regular IO        ; sram_addr[15]           ; Dual Purpose Pin          ;
; B14      ; DIFFIO_T18p, PADD10                      ; Use as regular IO        ; sram_addr[16]           ; Dual Purpose Pin          ;
; A13      ; DIFFIO_T17n, PADD11                      ; Use as regular IO        ; sram_addr[13]           ; Dual Purpose Pin          ;
; B13      ; DIFFIO_T17p, PADD12, DQS4T/CQ5T,DPCLK9   ; Use as regular IO        ; sram_addr[14]           ; Dual Purpose Pin          ;
; B10      ; DIFFIO_T14p, PADD15                      ; Use as regular IO        ; sram_addr[11]           ; Dual Purpose Pin          ;
; A9       ; DIFFIO_T13n, PADD16                      ; Use as regular IO        ; sram_addr[10]           ; Dual Purpose Pin          ;
; B9       ; DIFFIO_T13p, PADD17, DQS5T/CQ5T#,DPCLK10 ; Use as regular IO        ; sram_addr[9]            ; Dual Purpose Pin          ;
; A8       ; DIFFIO_T12n, DATA2                       ; Use as regular IO        ; sram_addr[8]            ; Dual Purpose Pin          ;
; B8       ; DIFFIO_T12p, DATA3                       ; Use as regular IO        ; sram_addr[19]           ; Dual Purpose Pin          ;
; A7       ; DIFFIO_T11n, PADD18                      ; Use as regular IO        ; sram_addr[18]           ; Dual Purpose Pin          ;
; B7       ; DIFFIO_T11p, DATA4                       ; Use as regular IO        ; sram_addr[17]           ; Dual Purpose Pin          ;
; A6       ; DIFFIO_T10n, PADD19                      ; Use as regular IO        ; sram_addr[7]            ; Dual Purpose Pin          ;
; B6       ; DIFFIO_T10p, DATA15                      ; Use as regular IO        ; sram_addr[6]            ; Dual Purpose Pin          ;
; A5       ; DATA5                                    ; Use as regular IO        ; sram_addr[5]            ; Dual Purpose Pin          ;
; B4       ; DIFFIO_T5p, DATA8                        ; Use as regular IO        ; sram_addr[2]            ; Dual Purpose Pin          ;
; A3       ; DIFFIO_T3n, DATA10                       ; Use as regular IO        ; sram_addr[1]            ; Dual Purpose Pin          ;
; B3       ; DIFFIO_T3p, DATA11                       ; Use as regular IO        ; sram_addr[0]            ; Dual Purpose Pin          ;
; C4       ; DIFFIO_T2p, DATA12, DQS1T/CQ1T#,CDPCLK7  ; Use as regular IO        ; sram_we_lo_n            ; Dual Purpose Pin          ;
+----------+------------------------------------------+--------------------------+-------------------------+---------------------------+


+------------------------------------------------------------+
; I/O Bank Usage                                             ;
+----------+------------------+---------------+--------------+
; I/O Bank ; Usage            ; VCCIO Voltage ; VREF Voltage ;
+----------+------------------+---------------+--------------+
; 1        ; 8 / 32 ( 25 % )  ; 3.3V          ; --           ;
; 2        ; 8 / 47 ( 17 % )  ; 3.3V          ; --           ;
; 3        ; 19 / 46 ( 41 % ) ; 3.3V          ; --           ;
; 4        ; 21 / 41 ( 51 % ) ; 3.3V          ; --           ;
; 5        ; 13 / 45 ( 29 % ) ; 3.3V          ; --           ;
; 6        ; 2 / 43 ( 5 % )   ; 3.3V          ; --           ;
; 7        ; 12 / 47 ( 26 % ) ; 3.3V          ; --           ;
; 8        ; 19 / 43 ( 44 % ) ; 3.3V          ; --           ;
+----------+------------------+---------------+--------------+


+-----------------------------------------------------------------------------------------------------------------------------------------------------------------------------------------+
; All Package Pins                                                                                                                                                                        ;
+----------+------------+----------+-----------------------------------------------------------+--------+--------------+---------+------------+-----------------+----------+--------------+
; Location ; Pad Number ; I/O Bank ; Pin Name/Usage                                            ; Dir.   ; I/O Standard ; Voltage ; I/O Type   ; User Assignment ; Bus Hold ; Weak Pull Up ;
+----------+------------+----------+-----------------------------------------------------------+--------+--------------+---------+------------+-----------------+----------+--------------+
; A1       ;            ;          ; GND                                                       ; gnd    ;              ;         ; --         ;                 ; --       ; --           ;
; A2       ;            ; 8        ; VCCIO8                                                    ; power  ;              ; 3.3V    ; --         ;                 ; --       ; --           ;
; A3       ; 354        ; 8        ; sram_addr[1]                                              ; output ; 3.3-V LVCMOS ;         ; Column I/O ; Y               ; no       ; Off          ;
; A4       ; 350        ; 8        ; sram_addr[3]                                              ; output ; 3.3-V LVCMOS ;         ; Column I/O ; Y               ; no       ; Off          ;
; A5       ; 345        ; 8        ; sram_addr[5]                                              ; output ; 3.3-V LVCMOS ;         ; Column I/O ; Y               ; no       ; Off          ;
; A6       ; 336        ; 8        ; sram_addr[7]                                              ; output ; 3.3-V LVCMOS ;         ; Column I/O ; Y               ; no       ; Off          ;
; A7       ; 334        ; 8        ; sram_addr[18]                                             ; output ; 3.3-V LVCMOS ;         ; Column I/O ; Y               ; no       ; Off          ;
; A8       ; 332        ; 8        ; sram_addr[8]                                              ; output ; 3.3-V LVCMOS ;         ; Column I/O ; Y               ; no       ; Off          ;
; A9       ; 328        ; 8        ; sram_addr[10]                                             ; output ; 3.3-V LVCMOS ;         ; Column I/O ; Y               ; no       ; Off          ;
; A10      ; 326        ; 8        ; sram_addr[12]                                             ; output ; 3.3-V LVCMOS ;         ; Column I/O ; Y               ; no       ; Off          ;
; A11      ; 321        ; 8        ; GND+                                                      ;        ;              ;         ; Column I/O ;                 ; --       ; --           ;
; A12      ; 319        ; 7        ; GND+                                                      ;        ;              ;         ; Column I/O ;                 ; --       ; --           ;
; A13      ; 314        ; 7        ; sram_addr[13]                                             ; output ; 3.3-V LVCMOS ;         ; Column I/O ; Y               ; no       ; Off          ;
; A14      ; 312        ; 7        ; sram_addr[15]                                             ; output ; 3.3-V LVCMOS ;         ; Column I/O ; Y               ; no       ; Off          ;
; A15      ; 307        ; 7        ; RESERVED_INPUT_WITH_WEAK_PULLUP                           ;        ;              ;         ; Column I/O ;                 ; no       ; On           ;
; A16      ; 298        ; 7        ; RESERVED_INPUT_WITH_WEAK_PULLUP                           ;        ;              ;         ; Column I/O ;                 ; no       ; On           ;
; A17      ; 296        ; 7        ; sram_dq_hi[0]                                             ; bidir  ; 3.3-V LVCMOS ;         ; Column I/O ; Y               ; no       ; Off          ;
; A18      ; 291        ; 7        ; sram_dq_hi[2]                                             ; bidir  ; 3.3-V LVCMOS ;         ; Column I/O ; Y               ; no       ; Off          ;
; A19      ; 290        ; 7        ; sram_dq_hi[4]                                             ; bidir  ; 3.3-V LVCMOS ;         ; Column I/O ; Y               ; no       ; Off          ;
; A20      ; 284        ; 7        ; sram_dq_hi[6]                                             ; bidir  ; 3.3-V LVCMOS ;         ; Column I/O ; Y               ; no       ; Off          ;
; A21      ;            ; 7        ; VCCIO7                                                    ; power  ;              ; 3.3V    ; --         ;                 ; --       ; --           ;
; A22      ;            ;          ; GND                                                       ; gnd    ;              ;         ; --         ;                 ; --       ; --           ;
; AA1      ; 76         ; 2        ; sram_dq_lo[0]                                             ; bidir  ; 3.3-V LVCMOS ;         ; Row I/O    ; Y               ; no       ; Off          ;
; AA2      ;            ;          ; GND                                                       ; gnd    ;              ;         ; --         ;                 ; --       ; --           ;
; AA3      ; 102        ; 3        ; dcj_aio[0]                                                ; input  ; 3.3-V LVCMOS ;         ; Column I/O ; Y               ; no       ; Off          ;
; AA4      ; 106        ; 3        ; dcj_aio[2]                                                ; input  ; 3.3-V LVCMOS ;         ; Column I/O ; Y               ; no       ; Off          ;
; AA5      ; 108        ; 3        ; dcj_irq[0]                                                ; output ; 3.3-V LVCMOS ;         ; Column I/O ; Y               ; no       ; Off          ;
; AA6      ;            ; 3        ; VCCIO3                                                    ; power  ;              ; 3.3V    ; --         ;                 ; --       ; --           ;
; AA7      ; 115        ; 3        ; dcj_bs[0]                                                 ; input  ; 3.3-V LVCMOS ;         ; Column I/O ; Y               ; no       ; Off          ;
; AA8      ; 123        ; 3        ; dcj_dal[6]                                                ; bidir  ; 3.3-V LVCMOS ;         ; Column I/O ; Y               ; no       ; Off          ;
; AA9      ; 126        ; 3        ; dcj_dal[8]                                                ; bidir  ; 3.3-V LVCMOS ;         ; Column I/O ; Y               ; no       ; Off          ;
; AA10     ; 132        ; 3        ; dcj_dal[9]                                                ; bidir  ; 3.3-V LVCMOS ;         ; Column I/O ; Y               ; no       ; Off          ;
; AA11     ; 134        ; 3        ; GND+                                                      ;        ;              ;         ; Column I/O ;                 ; --       ; --           ;
; AA12     ; 136        ; 4        ; GND+                                                      ;        ;              ;         ; Column I/O ;                 ; --       ; --           ;
; AA13     ; 138        ; 4        ; dcj_dal[12]                                               ; bidir  ; 3.3-V LVCMOS ;         ; Column I/O ; Y               ; no       ; Off          ;
; AA14     ; 140        ; 4        ; dcj_dal[14]                                               ; bidir  ; 3.3-V LVCMOS ;         ; Column I/O ; Y               ; no       ; Off          ;
; AA15     ; 145        ; 4        ; dcj_dal[1]                                                ; bidir  ; 3.3-V LVCMOS ;         ; Column I/O ; Y               ; no       ; Off          ;
; AA16     ; 149        ; 4        ; dcj_dal[3]                                                ; bidir  ; 3.3-V LVCMOS ;         ; Column I/O ; Y               ; no       ; Off          ;
; AA17     ; 151        ; 4        ; dcj_dal[5]                                                ; bidir  ; 3.3-V LVCMOS ;         ; Column I/O ; Y               ; no       ; Off          ;
; AA18     ; 163        ; 4        ; dcj_dal_hi[21]                                            ; input  ; 3.3-V LVCMOS ;         ; Column I/O ; Y               ; no       ; Off          ;
; AA19     ; 164        ; 4        ; dcj_dal_hi[19]                                            ; input  ; 3.3-V LVCMOS ;         ; Column I/O ; Y               ; no       ; Off          ;
; AA20     ; 169        ; 4        ; dcj_dal_hi[17]                                            ; input  ; 3.3-V LVCMOS ;         ; Column I/O ; Y               ; no       ; Off          ;
; AA21     ; 179        ; 5        ; dcj_dal_hi[16]                                            ; input  ; 3.3-V LVCMOS ;         ; Row I/O    ; Y               ; no       ; Off          ;
; AA22     ;            ;          ; GND                                                       ; gnd    ;              ;         ; --         ;                 ; --       ; --           ;
; AB1      ;            ;          ; GND                                                       ; gnd    ;              ;         ; --         ;                 ; --       ; --           ;
; AB2      ;            ; 3        ; VCCIO3                                                    ; power  ;              ; 3.3V    ; --         ;                 ; --       ; --           ;
; AB3      ; 103        ; 3        ; dcj_aio[1]                                                ; input  ; 3.3-V LVCMOS ;         ; Column I/O ; Y               ; no       ; Off          ;
; AB4      ; 107        ; 3        ; dcj_aio[3]                                                ; input  ; 3.3-V LVCMOS ;         ; Column I/O ; Y               ; no       ; Off          ;
; AB5      ; 109        ; 3        ; dcj_irq[1]                                                ; output ; 3.3-V LVCMOS ;         ; Column I/O ; Y               ; no       ; Off          ;
; AB6      ;            ;          ; GND                                                       ; gnd    ;              ;         ; --         ;                 ; --       ; --           ;
; AB7      ; 116        ; 3        ; dcj_bs[1]                                                 ; input  ; 3.3-V LVCMOS ;         ; Column I/O ; Y               ; no       ; Off          ;
; AB8      ; 124        ; 3        ; dcj_dal[7]                                                ; bidir  ; 3.3-V LVCMOS ;         ; Column I/O ; Y               ; no       ; Off          ;
; AB9      ; 127        ; 3        ; dcj_dal[0]                                                ; bidir  ; 3.3-V LVCMOS ;         ; Column I/O ; Y               ; no       ; Off          ;
; AB10     ; 133        ; 3        ; dcj_dal[10]                                               ; bidir  ; 3.3-V LVCMOS ;         ; Column I/O ; Y               ; no       ; Off          ;
; AB11     ; 135        ; 3        ; GND+                                                      ;        ;              ;         ; Column I/O ;                 ; --       ; --           ;
; AB12     ; 137        ; 4        ; GND+                                                      ;        ;              ;         ; Column I/O ;                 ; --       ; --           ;
; AB13     ; 139        ; 4        ; dcj_dal[11]                                               ; bidir  ; 3.3-V LVCMOS ;         ; Column I/O ; Y               ; no       ; Off          ;
; AB14     ; 141        ; 4        ; dcj_dal[13]                                               ; bidir  ; 3.3-V LVCMOS ;         ; Column I/O ; Y               ; no       ; Off          ;
; AB15     ; 146        ; 4        ; dcj_dal[15]                                               ; bidir  ; 3.3-V LVCMOS ;         ; Column I/O ; Y               ; no       ; Off          ;
; AB16     ; 150        ; 4        ; dcj_dal[2]                                                ; bidir  ; 3.3-V LVCMOS ;         ; Column I/O ; Y               ; no       ; Off          ;
; AB17     ; 152        ; 4        ; dcj_dal[4]                                                ; bidir  ; 3.3-V LVCMOS ;         ; Column I/O ; Y               ; no       ; Off          ;
; AB18     ; 162        ; 4        ; dcj_abort_n                                               ; output ; 3.3-V LVCMOS ;         ; Column I/O ; Y               ; no       ; Off          ;
; AB19     ; 165        ; 4        ; dcj_dal_hi[20]                                            ; input  ; 3.3-V LVCMOS ;         ; Column I/O ; Y               ; no       ; Off          ;
; AB20     ; 170        ; 4        ; dcj_dal_hi[18]                                            ; input  ; 3.3-V LVCMOS ;         ; Column I/O ; Y               ; no       ; Off          ;
; AB21     ;            ; 4        ; VCCIO4                                                    ; power  ;              ; 3.3V    ; --         ;                 ; --       ; --           ;
; AB22     ;            ;          ; GND                                                       ; gnd    ;              ;         ; --         ;                 ; --       ; --           ;
; B1       ; 2          ; 1        ; sram_ce1_n                                                ; output ; 3.3-V LVCMOS ;         ; Row I/O    ; Y               ; no       ; Off          ;
; B2       ; 1          ; 1        ; sram_oe_n                                                 ; output ; 3.3-V LVCMOS ;         ; Row I/O    ; Y               ; no       ; Off          ;
; B3       ; 355        ; 8        ; sram_addr[0]                                              ; output ; 3.3-V LVCMOS ;         ; Column I/O ; Y               ; no       ; Off          ;
; B4       ; 351        ; 8        ; sram_addr[2]                                              ; output ; 3.3-V LVCMOS ;         ; Column I/O ; Y               ; no       ; Off          ;
; B5       ; 346        ; 8        ; sram_addr[4]                                              ; output ; 3.3-V LVCMOS ;         ; Column I/O ; Y               ; no       ; Off          ;
; B6       ; 337        ; 8        ; sram_addr[6]                                              ; output ; 3.3-V LVCMOS ;         ; Column I/O ; Y               ; no       ; Off          ;
; B7       ; 335        ; 8        ; sram_addr[17]                                             ; output ; 3.3-V LVCMOS ;         ; Column I/O ; Y               ; no       ; Off          ;
; B8       ; 333        ; 8        ; sram_addr[19]                                             ; output ; 3.3-V LVCMOS ;         ; Column I/O ; Y               ; no       ; Off          ;
; B9       ; 329        ; 8        ; sram_addr[9]                                              ; output ; 3.3-V LVCMOS ;         ; Column I/O ; Y               ; no       ; Off          ;
; B10      ; 327        ; 8        ; sram_addr[11]                                             ; output ; 3.3-V LVCMOS ;         ; Column I/O ; Y               ; no       ; Off          ;
; B11      ; 322        ; 8        ; GND+                                                      ;        ;              ;         ; Column I/O ;                 ; --       ; --           ;
; B12      ; 320        ; 7        ; GND+                                                      ;        ;              ;         ; Column I/O ;                 ; --       ; --           ;
; B13      ; 315        ; 7        ; sram_addr[14]                                             ; output ; 3.3-V LVCMOS ;         ; Column I/O ; Y               ; no       ; Off          ;
; B14      ; 313        ; 7        ; sram_addr[16]                                             ; output ; 3.3-V LVCMOS ;         ; Column I/O ; Y               ; no       ; Off          ;
; B15      ; 308        ; 7        ; RESERVED_INPUT_WITH_WEAK_PULLUP                           ;        ;              ;         ; Column I/O ;                 ; no       ; On           ;
; B16      ; 299        ; 7        ; RESERVED_INPUT_WITH_WEAK_PULLUP                           ;        ;              ;         ; Column I/O ;                 ; no       ; On           ;
; B17      ; 297        ; 7        ; sram_dq_hi[1]                                             ; bidir  ; 3.3-V LVCMOS ;         ; Column I/O ; Y               ; no       ; Off          ;
; B18      ; 292        ; 7        ; sram_dq_hi[3]                                             ; bidir  ; 3.3-V LVCMOS ;         ; Column I/O ; Y               ; no       ; Off          ;
; B19      ; 289        ; 7        ; sram_dq_hi[5]                                             ; bidir  ; 3.3-V LVCMOS ;         ; Column I/O ; Y               ; no       ; Off          ;
; B20      ; 285        ; 7        ; sram_dq_hi[7]                                             ; bidir  ; 3.3-V LVCMOS ;         ; Column I/O ; Y               ; no       ; Off          ;
; B21      ; 269        ; 6        ; RESERVED_INPUT_WITH_WEAK_PULLUP                           ;        ;              ;         ; Row I/O    ;                 ; no       ; On           ;
; B22      ; 268        ; 6        ; RESERVED_INPUT_WITH_WEAK_PULLUP                           ;        ;              ;         ; Row I/O    ;                 ; no       ; On           ;
; C1       ; 7          ; 1        ; uart_rx                                                   ; input  ; 3.3-V LVCMOS ;         ; Row I/O    ; Y               ; no       ; Off          ;
; C2       ; 6          ; 1        ; RESERVED_INPUT_WITH_WEAK_PULLUP                           ;        ;              ;         ; Row I/O    ;                 ; no       ; On           ;
; C3       ; 358        ; 8        ; sram_we_hi_n                                              ; output ; 3.3-V LVCMOS ;         ; Column I/O ; Y               ; no       ; Off          ;
; C4       ; 359        ; 8        ; sram_we_lo_n                                              ; output ; 3.3-V LVCMOS ;         ; Column I/O ; Y               ; no       ; Off          ;
; C5       ;            ;          ; GND                                                       ; gnd    ;              ;         ; --         ;                 ; --       ; --           ;
; C6       ; 349        ; 8        ; RESERVED_INPUT_WITH_WEAK_PULLUP                           ;        ;              ;         ; Column I/O ;                 ; no       ; On           ;
; C7       ; 340        ; 8        ; RESERVED_INPUT_WITH_WEAK_PULLUP                           ;        ;              ;         ; Column I/O ;                 ; no       ; On           ;
; C8       ; 339        ; 8        ; RESERVED_INPUT_WITH_WEAK_PULLUP                           ;        ;              ;         ; Column I/O ;                 ; no       ; On           ;
; C9       ;            ;          ; GND                                                       ; gnd    ;              ;         ; --         ;                 ; --       ; --           ;
; C10      ; 330        ; 8        ; sram_addr[20]                                             ; output ; 3.3-V LVCMOS ;         ; Column I/O ; Y               ; no       ; Off          ;
; C11      ;            ;          ; GND                                                       ; gnd    ;              ;         ; --         ;                 ; --       ; --           ;
; C12      ;            ;          ; GND                                                       ; gnd    ;              ;         ; --         ;                 ; --       ; --           ;
; C13      ; 309        ; 7        ; RESERVED_INPUT_WITH_WEAK_PULLUP                           ;        ;              ;         ; Column I/O ;                 ; no       ; On           ;
; C14      ;            ;          ; GND                                                       ; gnd    ;              ;         ; --         ;                 ; --       ; --           ;
; C15      ; 300        ; 7        ; RESERVED_INPUT_WITH_WEAK_PULLUP                           ;        ;              ;         ; Column I/O ;                 ; --       ; --           ;
; C16      ;            ;          ; GND                                                       ; gnd    ;              ;         ; --         ;                 ; --       ; --           ;
; C17      ; 286        ; 7        ; RESERVED_INPUT_WITH_WEAK_PULLUP                           ;        ;              ;         ; Column I/O ;                 ; no       ; On           ;
; C18      ;            ;          ; GND                                                       ; gnd    ;              ;         ; --         ;                 ; --       ; --           ;
; C19      ; 282        ; 7        ; RESERVED_INPUT_WITH_WEAK_PULLUP                           ;        ;              ;         ; Column I/O ;                 ; no       ; On           ;
; C20      ; 270        ; 6        ; RESERVED_INPUT_WITH_WEAK_PULLUP                           ;        ;              ;         ; Row I/O    ;                 ; no       ; On           ;
; C21      ; 267        ; 6        ; RESERVED_INPUT_WITH_WEAK_PULLUP                           ;        ;              ;         ; Row I/O    ;                 ; no       ; On           ;
; C22      ; 266        ; 6        ; RESERVED_INPUT_WITH_WEAK_PULLUP                           ;        ;              ;         ; Row I/O    ;                 ; no       ; On           ;
; D1       ; 9          ; 1        ; ~ALTERA_ASDO_DATA1~ / RESERVED_INPUT_WITH_WEAK_PULLUP     ; input  ; 3.3-V LVCMOS ;         ; Row I/O    ; N               ; no       ; On           ;
; D2       ; 8          ; 1        ; uart_tx                                                   ; output ; 3.3-V LVCMOS ;         ; Row I/O    ; Y               ; no       ; Off          ;
; D3       ;            ;          ; GND                                                       ; gnd    ;              ;         ; --         ;                 ; --       ; --           ;
; D4       ;            ; 1        ; VCCIO1                                                    ; power  ;              ; 3.3V    ; --         ;                 ; --       ; --           ;
; D5       ;            ; 8        ; VCCIO8                                                    ; power  ;              ; 3.3V    ; --         ;                 ; --       ; --           ;
; D6       ; 356        ; 8        ; RESERVED_INPUT_WITH_WEAK_PULLUP                           ;        ;              ;         ; Column I/O ;                 ; --       ; --           ;
; D7       ;            ;          ; GND                                                       ; gnd    ;              ;         ; --         ;                 ; --       ; --           ;
; D8       ;            ;          ; GND                                                       ; gnd    ;              ;         ; --         ;                 ; --       ; --           ;
; D9       ;            ; 8        ; VCCIO8                                                    ; power  ;              ; 3.3V    ; --         ;                 ; --       ; --           ;
; D10      ; 324        ; 8        ; RESERVED_INPUT_WITH_WEAK_PULLUP                           ;        ;              ;         ; Column I/O ;                 ; no       ; On           ;
; D11      ;            ; 8        ; VCCIO8                                                    ; power  ;              ; 3.3V    ; --         ;                 ; --       ; --           ;
; D12      ;            ; 7        ; VCCIO7                                                    ; power  ;              ; 3.3V    ; --         ;                 ; --       ; --           ;
; D13      ; 310        ; 7        ; RESERVED_INPUT_WITH_WEAK_PULLUP                           ;        ;              ;         ; Column I/O ;                 ; no       ; On           ;
; D14      ;            ; 7        ; VCCIO7                                                    ; power  ;              ; 3.3V    ; --         ;                 ; --       ; --           ;
; D15      ; 293        ; 7        ; RESERVED_INPUT_WITH_WEAK_PULLUP                           ;        ;              ;         ; Column I/O ;                 ; no       ; On           ;
; D16      ;            ; 7        ; VCCIO7                                                    ; power  ;              ; 3.3V    ; --         ;                 ; --       ; --           ;
; D17      ; 281        ; 7        ; RESERVED_INPUT_WITH_WEAK_PULLUP                           ;        ;              ;         ; Column I/O ;                 ; --       ; --           ;
; D18      ;            ; 7        ; VCCIO7                                                    ; power  ;              ; 3.3V    ; --         ;                 ; --       ; --           ;
; D19      ; 283        ; 7        ; RESERVED_INPUT_WITH_WEAK_PULLUP                           ;        ;              ;         ; Column I/O ;                 ; no       ; On           ;
; D20      ; 271        ; 6        ; RESERVED_INPUT_WITH_WEAK_PULLUP                           ;        ;              ;         ; Row I/O    ;                 ; no       ; On           ;
; D21      ; 261        ; 6        ; RESERVED_INPUT_WITH_WEAK_PULLUP                           ;        ;              ;         ; Row I/O    ;                 ; no       ; On           ;
; D22      ; 260        ; 6        ; RESERVED_INPUT_WITH_WEAK_PULLUP                           ;        ;              ;         ; Row I/O    ;                 ; no       ; On           ;
; E1       ; 14         ; 1        ; RESERVED_INPUT_WITH_WEAK_PULLUP                           ;        ;              ;         ; Row I/O    ;                 ; no       ; On           ;
; E2       ; 13         ; 1        ; ~ALTERA_FLASH_nCE_nCSO~ / RESERVED_INPUT_WITH_WEAK_PULLUP ; input  ; 3.3-V LVCMOS ;         ; Row I/O    ; N               ; no       ; On           ;
; E3       ; 5          ; 1        ; RESERVED_INPUT_WITH_WEAK_PULLUP                           ;        ;              ;         ; Row I/O    ;                 ; no       ; On           ;
; E4       ; 4          ; 1        ; RESERVED_INPUT_WITH_WEAK_PULLUP                           ;        ;              ;         ; Row I/O    ;                 ; no       ; On           ;
; E5       ; 363        ; 8        ; RESERVED_INPUT_WITH_WEAK_PULLUP                           ;        ;              ;         ; Column I/O ;                 ; no       ; On           ;
; E6       ; 362        ; 8        ; RESERVED_INPUT_WITH_WEAK_PULLUP                           ;        ;              ;         ; Column I/O ;                 ; no       ; On           ;
; E7       ; 357        ; 8        ; RESERVED_INPUT_WITH_WEAK_PULLUP                           ;        ;              ;         ; Column I/O ;                 ; no       ; On           ;
; E8       ;            ; 8        ; VCCIO8                                                    ; power  ;              ; 3.3V    ; --         ;                 ; --       ; --           ;
; E9       ; 338        ; 8        ; RESERVED_INPUT_WITH_WEAK_PULLUP                           ;        ;              ;         ; Column I/O ;                 ; --       ; --           ;
; E10      ; 325        ; 8        ; RESERVED_INPUT_WITH_WEAK_PULLUP                           ;        ;              ;         ; Column I/O ;                 ; no       ; On           ;
; E11      ; 317        ; 7        ; RESERVED_INPUT_WITH_WEAK_PULLUP                           ;        ;              ;         ; Column I/O ;                 ; no       ; On           ;
; E12      ; 316        ; 7        ; RESERVED_INPUT_WITH_WEAK_PULLUP                           ;        ;              ;         ; Column I/O ;                 ; no       ; On           ;
; E13      ; 311        ; 7        ; RESERVED_INPUT_WITH_WEAK_PULLUP                           ;        ;              ;         ; Column I/O ;                 ; no       ; On           ;
; E14      ; 301        ; 7        ; RESERVED_INPUT_WITH_WEAK_PULLUP                           ;        ;              ;         ; Column I/O ;                 ; no       ; On           ;
; E15      ; 294        ; 7        ; RESERVED_INPUT_WITH_WEAK_PULLUP                           ;        ;              ;         ; Column I/O ;                 ; no       ; On           ;
; E16      ; 275        ; 7        ; RESERVED_INPUT_WITH_WEAK_PULLUP                           ;        ;              ;         ; Column I/O ;                 ; no       ; On           ;
; E17      ;            ;          ; VCCD_PLL2                                                 ; power  ;              ; 1.2V    ; --         ;                 ; --       ; --           ;
; E18      ;            ;          ; GNDA2                                                     ; gnd    ;              ;         ; --         ;                 ; --       ; --           ;
; E19      ;            ; 6        ; VCCIO6                                                    ; power  ;              ; 3.3V    ; --         ;                 ; --       ; --           ;
; E20      ;            ;          ; GND                                                       ; gnd    ;              ;         ; --         ;                 ; --       ; --           ;
; E21      ; 256        ; 6        ; RESERVED_INPUT_WITH_WEAK_PULLUP                           ;        ;              ;         ; Row I/O    ;                 ; no       ; On           ;
; E22      ; 255        ; 6        ; RESERVED_INPUT_WITH_WEAK_PULLUP                           ;        ;              ;         ; Row I/O    ;                 ; no       ; On           ;
; F1       ; 16         ; 1        ; RESERVED_INPUT_WITH_WEAK_PULLUP                           ;        ;              ;         ; Row I/O    ;                 ; no       ; On           ;
; F2       ; 15         ; 1        ; RESERVED_INPUT_WITH_WEAK_PULLUP                           ;        ;              ;         ; Row I/O    ;                 ; no       ; On           ;
; F3       ;            ;          ; GND                                                       ; gnd    ;              ;         ; --         ;                 ; --       ; --           ;
; F4       ;            ; 1        ; VCCIO1                                                    ; power  ;              ; 3.3V    ; --         ;                 ; --       ; --           ;
; F5       ;            ;          ; GNDA3                                                     ; gnd    ;              ;         ; --         ;                 ; --       ; --           ;
; F6       ;            ;          ; VCCD_PLL3                                                 ; power  ;              ; 1.2V    ; --         ;                 ; --       ; --           ;
; F7       ; 360        ; 8        ; RESERVED_INPUT_WITH_WEAK_PULLUP                           ;        ;              ;         ; Column I/O ;                 ; no       ; On           ;
; F8       ; 352        ; 8        ; RESERVED_INPUT_WITH_WEAK_PULLUP                           ;        ;              ;         ; Column I/O ;                 ; no       ; On           ;
; F9       ; 347        ; 8        ; RESERVED_INPUT_WITH_WEAK_PULLUP                           ;        ;              ;         ; Column I/O ;                 ; no       ; On           ;
; F10      ; 348        ; 8        ; RESERVED_INPUT_WITH_WEAK_PULLUP                           ;        ;              ;         ; Column I/O ;                 ; no       ; On           ;
; F11      ; 318        ; 7        ; RESERVED_INPUT_WITH_WEAK_PULLUP                           ;        ;              ;         ; Column I/O ;                 ; no       ; On           ;
; F12      ; 302        ; 7        ; RESERVED_INPUT_WITH_WEAK_PULLUP                           ;        ;              ;         ; Column I/O ;                 ; no       ; On           ;
; F13      ; 306        ; 7        ; RESERVED_INPUT_WITH_WEAK_PULLUP                           ;        ;              ;         ; Column I/O ;                 ; no       ; On           ;
; F14      ; 279        ; 7        ; RESERVED_INPUT_WITH_WEAK_PULLUP                           ;        ;              ;         ; Column I/O ;                 ; no       ; On           ;
; F15      ; 276        ; 7        ; RESERVED_INPUT_WITH_WEAK_PULLUP                           ;        ;              ;         ; Column I/O ;                 ; no       ; On           ;
; F16      ; 274        ; 7        ; RESERVED_INPUT_WITH_WEAK_PULLUP                           ;        ;              ;         ; Column I/O ;                 ; no       ; On           ;
; F17      ; 272        ; 6        ; RESERVED_INPUT_WITH_WEAK_PULLUP                           ;        ;              ;         ; Row I/O    ;                 ; no       ; On           ;
; F18      ;            ; --       ; VCCA2                                                     ; power  ;              ; 2.5V    ; --         ;                 ; --       ; --           ;
; F19      ; 263        ; 6        ; RESERVED_INPUT_WITH_WEAK_PULLUP                           ;        ;              ;         ; Row I/O    ;                 ; no       ; On           ;
; F20      ; 262        ; 6        ; RESERVED_INPUT_WITH_WEAK_PULLUP                           ;        ;              ;         ; Row I/O    ;                 ; no       ; On           ;
; F21      ; 251        ; 6        ; RESERVED_INPUT_WITH_WEAK_PULLUP                           ;        ;              ;         ; Row I/O    ;                 ; no       ; On           ;
; F22      ; 250        ; 6        ; RESERVED_INPUT_WITH_WEAK_PULLUP                           ;        ;              ;         ; Row I/O    ;                 ; no       ; On           ;
; G1       ; 39         ; 1        ; GND+                                                      ;        ;              ;         ; Row I/O    ;                 ; --       ; --           ;
; G2       ;            ;          ; GND                                                       ; gnd    ;              ;         ; --         ;                 ; --       ; --           ;
; G3       ; 18         ; 1        ; RESERVED_INPUT_WITH_WEAK_PULLUP                           ;        ;              ;         ; Row I/O    ;                 ; no       ; On           ;
; G4       ; 17         ; 1        ; RESERVED_INPUT_WITH_WEAK_PULLUP                           ;        ;              ;         ; Row I/O    ;                 ; no       ; On           ;
; G5       ; 3          ; 1        ; RESERVED_INPUT_WITH_WEAK_PULLUP                           ;        ;              ;         ; Row I/O    ;                 ; no       ; On           ;
; G6       ;            ; --       ; VCCA3                                                     ; power  ;              ; 2.5V    ; --         ;                 ; --       ; --           ;
; G7       ; 361        ; 8        ; RESERVED_INPUT_WITH_WEAK_PULLUP                           ;        ;              ;         ; Column I/O ;                 ; no       ; On           ;
; G8       ; 353        ; 8        ; RESERVED_INPUT_WITH_WEAK_PULLUP                           ;        ;              ;         ; Column I/O ;                 ; no       ; On           ;
; G9       ; 342        ; 8        ; RESERVED_INPUT_WITH_WEAK_PULLUP                           ;        ;              ;         ; Column I/O ;                 ; no       ; On           ;
; G10      ; 341        ; 8        ; RESERVED_INPUT_WITH_WEAK_PULLUP                           ;        ;              ;         ; Column I/O ;                 ; no       ; On           ;
; G11      ; 331        ; 8        ; RESERVED_INPUT_WITH_WEAK_PULLUP                           ;        ;              ;         ; Column I/O ;                 ; no       ; On           ;
; G12      ; 305        ; 7        ; RESERVED_INPUT_WITH_WEAK_PULLUP                           ;        ;              ;         ; Column I/O ;                 ; no       ; On           ;
; G13      ; 295        ; 7        ; RESERVED_INPUT_WITH_WEAK_PULLUP                           ;        ;              ;         ; Column I/O ;                 ; no       ; On           ;
; G14      ; 280        ; 7        ; RESERVED_INPUT_WITH_WEAK_PULLUP                           ;        ;              ;         ; Column I/O ;                 ; no       ; On           ;
; G15      ; 278        ; 7        ; RESERVED_INPUT_WITH_WEAK_PULLUP                           ;        ;              ;         ; Column I/O ;                 ; no       ; On           ;
; G16      ; 277        ; 7        ; RESERVED_INPUT_WITH_WEAK_PULLUP                           ;        ;              ;         ; Column I/O ;                 ; no       ; On           ;
; G17      ; 273        ; 6        ; RESERVED_INPUT_WITH_WEAK_PULLUP                           ;        ;              ;         ; Row I/O    ;                 ; no       ; On           ;
; G18      ; 264        ; 6        ; RESERVED_INPUT_WITH_WEAK_PULLUP                           ;        ;              ;         ; Row I/O    ;                 ; no       ; On           ;
; G19      ;            ; 6        ; VCCIO6                                                    ; power  ;              ; 3.3V    ; --         ;                 ; --       ; --           ;
; G20      ;            ;          ; GND                                                       ; gnd    ;              ;         ; --         ;                 ; --       ; --           ;
; G21      ; 226        ; 6        ; clk50                                                     ; input  ; 3.3-V LVCMOS ;         ; Row I/O    ; Y               ; no       ; Off          ;
; G22      ; 225        ; 6        ; GND+                                                      ;        ;              ;         ; Row I/O    ;                 ; --       ; --           ;
; H1       ; 26         ; 1        ; RESERVED_INPUT_WITH_WEAK_PULLUP                           ;        ;              ;         ; Row I/O    ;                 ; no       ; On           ;
; H2       ; 25         ; 1        ; RESERVED_INPUT_WITH_WEAK_PULLUP                           ;        ;              ;         ; Row I/O    ;                 ; no       ; On           ;
; H3       ;            ;          ; GND                                                       ; gnd    ;              ;         ; --         ;                 ; --       ; --           ;
; H4       ;            ; 1        ; VCCIO1                                                    ; power  ;              ; 3.3V    ; --         ;                 ; --       ; --           ;
; H5       ; 0          ; 1        ; RESERVED_INPUT_WITH_WEAK_PULLUP                           ;        ;              ;         ; Row I/O    ;                 ; no       ; On           ;
; H6       ; 11         ; 1        ; RESERVED_INPUT_WITH_WEAK_PULLUP                           ;        ;              ;         ; Row I/O    ;                 ; no       ; On           ;
; H7       ; 10         ; 1        ; RESERVED_INPUT_WITH_WEAK_PULLUP                           ;        ;              ;         ; Row I/O    ;                 ; --       ; --           ;
; H8       ;            ;          ; GND                                                       ; gnd    ;              ;         ; --         ;                 ; --       ; --           ;
; H9       ; 344        ; 8        ; RESERVED_INPUT_WITH_WEAK_PULLUP                           ;        ;              ;         ; Column I/O ;                 ; no       ; On           ;
; H10      ; 343        ; 8        ; RESERVED_INPUT_WITH_WEAK_PULLUP                           ;        ;              ;         ; Column I/O ;                 ; no       ; On           ;
; H11      ; 323        ; 8        ; RESERVED_INPUT_WITH_WEAK_PULLUP                           ;        ;              ;         ; Column I/O ;                 ; no       ; On           ;
; H12      ; 304        ; 7        ; RESERVED_INPUT_WITH_WEAK_PULLUP                           ;        ;              ;         ; Column I/O ;                 ; no       ; On           ;
; H13      ; 303        ; 7        ; RESERVED_INPUT_WITH_WEAK_PULLUP                           ;        ;              ;         ; Column I/O ;                 ; no       ; On           ;
; H14      ; 288        ; 7        ; RESERVED_INPUT_WITH_WEAK_PULLUP                           ;        ;              ;         ; Column I/O ;                 ; no       ; On           ;
; H15      ; 287        ; 7        ; RESERVED_INPUT_WITH_WEAK_PULLUP                           ;        ;              ;         ; Column I/O ;                 ; no       ; On           ;
; H16      ; 259        ; 6        ; RESERVED_INPUT_WITH_WEAK_PULLUP                           ;        ;              ;         ; Row I/O    ;                 ; no       ; On           ;
; H17      ; 265        ; 6        ; RESERVED_INPUT_WITH_WEAK_PULLUP                           ;        ;              ;         ; Row I/O    ;                 ; no       ; On           ;
; H18      ; 257        ; 6        ; RESERVED_INPUT_WITH_WEAK_PULLUP                           ;        ;              ;         ; Row I/O    ;                 ; --       ; --           ;
; H19      ; 254        ; 6        ; RESERVED_INPUT_WITH_WEAK_PULLUP                           ;        ;              ;         ; Row I/O    ;                 ; no       ; On           ;
; H20      ; 253        ; 6        ; RESERVED_INPUT_WITH_WEAK_PULLUP                           ;        ;              ;         ; Row I/O    ;                 ; no       ; On           ;
; H21      ; 246        ; 6        ; RESERVED_INPUT_WITH_WEAK_PULLUP                           ;        ;              ;         ; Row I/O    ;                 ; no       ; On           ;
; H22      ; 245        ; 6        ; RESERVED_INPUT_WITH_WEAK_PULLUP                           ;        ;              ;         ; Row I/O    ;                 ; no       ; On           ;
; J1       ; 29         ; 1        ; RESERVED_INPUT_WITH_WEAK_PULLUP                           ;        ;              ;         ; Row I/O    ;                 ; no       ; On           ;
; J2       ; 28         ; 1        ; RESERVED_INPUT_WITH_WEAK_PULLUP                           ;        ;              ;         ; Row I/O    ;                 ; no       ; On           ;
; J3       ; 27         ; 1        ; RESERVED_INPUT_WITH_WEAK_PULLUP                           ;        ;              ;         ; Row I/O    ;                 ; --       ; --           ;
; J4       ; 24         ; 1        ; RESERVED_INPUT_WITH_WEAK_PULLUP                           ;        ;              ;         ; Row I/O    ;                 ; no       ; On           ;
; J5       ;            ;          ; GND                                                       ; gnd    ;              ;         ; --         ;                 ; --       ; --           ;
; J6       ; 12         ; 1        ; RESERVED_INPUT_WITH_WEAK_PULLUP                           ;        ;              ;         ; Row I/O    ;                 ; no       ; On           ;
; J7       ; 22         ; 1        ; RESERVED_INPUT_WITH_WEAK_PULLUP                           ;        ;              ;         ; Row I/O    ;                 ; no       ; On           ;
; J8       ;            ;          ; VCCINT                                                    ; power  ;              ; 1.2V    ; --         ;                 ; --       ; --           ;
; J9       ;            ;          ; GND                                                       ; gnd    ;              ;         ; --         ;                 ; --       ; --           ;
; J10      ;            ;          ; VCCINT                                                    ; power  ;              ; 1.2V    ; --         ;                 ; --       ; --           ;
; J11      ;            ;          ; VCCINT                                                    ; power  ;              ; 1.2V    ; --         ;                 ; --       ; --           ;
; J12      ;            ;          ; VCCINT                                                    ; power  ;              ; 1.2V    ; --         ;                 ; --       ; --           ;
; J13      ;            ;          ; VCCINT                                                    ; power  ;              ; 1.2V    ; --         ;                 ; --       ; --           ;
; J14      ;            ;          ; VCCINT                                                    ; power  ;              ; 1.2V    ; --         ;                 ; --       ; --           ;
; J15      ; 238        ; 6        ; RESERVED_INPUT_WITH_WEAK_PULLUP                           ;        ;              ;         ; Row I/O    ;                 ; no       ; On           ;
; J16      ; 243        ; 6        ; RESERVED_INPUT_WITH_WEAK_PULLUP                           ;        ;              ;         ; Row I/O    ;                 ; no       ; On           ;
; J17      ; 258        ; 6        ; RESERVED_INPUT_WITH_WEAK_PULLUP                           ;        ;              ;         ; Row I/O    ;                 ; no       ; On           ;
; J18      ; 249        ; 6        ; RESERVED_INPUT_WITH_WEAK_PULLUP                           ;        ;              ;         ; Row I/O    ;                 ; no       ; On           ;
; J19      ;            ;          ; GND                                                       ; gnd    ;              ;         ; --         ;                 ; --       ; --           ;
; J20      ;            ; 6        ; VCCIO6                                                    ; power  ;              ; 3.3V    ; --         ;                 ; --       ; --           ;
; J21      ; 242        ; 6        ; RESERVED_INPUT_WITH_WEAK_PULLUP                           ;        ;              ;         ; Row I/O    ;                 ; no       ; On           ;
; J22      ; 241        ; 6        ; RESERVED_INPUT_WITH_WEAK_PULLUP                           ;        ;              ;         ; Row I/O    ;                 ; no       ; On           ;
; K1       ; 31         ; 1        ; ~ALTERA_DATA0~ / RESERVED_INPUT_WITH_WEAK_PULLUP          ; input  ; 3.3-V LVCMOS ;         ; Row I/O    ; N               ; no       ; On           ;
; K2       ; 30         ; 1        ; ~ALTERA_DCLK~                                             ; output ; 3.3-V LVCMOS ;         ; Row I/O    ; N               ; no       ; On           ;
; K3       ;            ;          ; GND                                                       ; gnd    ;              ;         ; --         ;                 ; --       ; --           ;
; K4       ;            ; 1        ; VCCIO1                                                    ; power  ;              ; 3.3V    ; --         ;                 ; --       ; --           ;
; K5       ; 32         ; 1        ; ^nCONFIG                                                  ;        ;              ;         ; --         ;                 ; --       ; --           ;
; K6       ; 19         ; 1        ; ^nSTATUS                                                  ;        ;              ;         ; --         ;                 ; --       ; --           ;
; K7       ; 23         ; 1        ; RESERVED_INPUT_WITH_WEAK_PULLUP                           ;        ;              ;         ; Row I/O    ;                 ; no       ; On           ;
; K8       ; 21         ; 1        ; RESERVED_INPUT_WITH_WEAK_PULLUP                           ;        ;              ;         ; Row I/O    ;                 ; no       ; On           ;
; K9       ;            ;          ; VCCINT                                                    ; power  ;              ; 1.2V    ; --         ;                 ; --       ; --           ;
; K10      ;            ;          ; GND                                                       ; gnd    ;              ;         ; --         ;                 ; --       ; --           ;
; K11      ;            ;          ; GND                                                       ; gnd    ;              ;         ; --         ;                 ; --       ; --           ;
; K12      ;            ;          ; GND                                                       ; gnd    ;              ;         ; --         ;                 ; --       ; --           ;
; K13      ;            ;          ; GND                                                       ; gnd    ;              ;         ; --         ;                 ; --       ; --           ;
; K14      ;            ;          ; VCCINT                                                    ; power  ;              ; 1.2V    ; --         ;                 ; --       ; --           ;
; K15      ; 236        ; 6        ; RESERVED_INPUT_WITH_WEAK_PULLUP                           ;        ;              ;         ; Row I/O    ;                 ; no       ; On           ;
; K16      ; 244        ; 6        ; RESERVED_INPUT_WITH_WEAK_PULLUP                           ;        ;              ;         ; Row I/O    ;                 ; no       ; On           ;
; K17      ; 247        ; 6        ; RESERVED_INPUT_WITH_WEAK_PULLUP                           ;        ;              ;         ; Row I/O    ;                 ; no       ; On           ;
; K18      ; 248        ; 6        ; RESERVED_INPUT_WITH_WEAK_PULLUP                           ;        ;              ;         ; Row I/O    ;                 ; no       ; On           ;
; K19      ; 237        ; 6        ; RESERVED_INPUT_WITH_WEAK_PULLUP                           ;        ;              ;         ; Row I/O    ;                 ; --       ; --           ;
; K20      ; 231        ; 6        ; ^MSEL3                                                    ;        ;              ;         ; --         ;                 ; --       ; --           ;
; K21      ; 240        ; 6        ; RESERVED_INPUT_WITH_WEAK_PULLUP                           ;        ;              ;         ; Row I/O    ;                 ; no       ; On           ;
; K22      ; 239        ; 6        ; ~ALTERA_nCEO~ / RESERVED_OUTPUT_OPEN_DRAIN                ; output ; 3.3-V LVCMOS ;         ; Row I/O    ; N               ; no       ; Off          ;
; L1       ; 35         ; 1        ; altera_reserved_tms                                       ; input  ; 3.3-V LVCMOS ;         ; --         ; N               ; no       ; Off          ;
; L2       ; 34         ; 1        ; altera_reserved_tck                                       ; input  ; 3.3-V LVCMOS ;         ; --         ; N               ; no       ; Off          ;
; L3       ; 37         ; 1        ; ^nCE                                                      ;        ;              ;         ; --         ;                 ; --       ; --           ;
; L4       ; 36         ; 1        ; altera_reserved_tdo                                       ; output ; 3.3-V LVCMOS ;         ; --         ; N               ; no       ; Off          ;
; L5       ; 33         ; 1        ; altera_reserved_tdi                                       ; input  ; 3.3-V LVCMOS ;         ; --         ; N               ; no       ; Off          ;
; L6       ; 42         ; 2        ; RESERVED_INPUT_WITH_WEAK_PULLUP                           ;        ;              ;         ; Row I/O    ;                 ; no       ; On           ;
; L7       ; 50         ; 2        ; RESERVED_INPUT_WITH_WEAK_PULLUP                           ;        ;              ;         ; Row I/O    ;                 ; no       ; On           ;
; L8       ; 20         ; 1        ; RESERVED_INPUT_WITH_WEAK_PULLUP                           ;        ;              ;         ; Row I/O    ;                 ; no       ; On           ;
; L9       ;            ;          ; VCCINT                                                    ; power  ;              ; 1.2V    ; --         ;                 ; --       ; --           ;
; L10      ;            ;          ; GND                                                       ; gnd    ;              ;         ; --         ;                 ; --       ; --           ;
; L11      ;            ;          ; GND                                                       ; gnd    ;              ;         ; --         ;                 ; --       ; --           ;
; L12      ;            ;          ; GND                                                       ; gnd    ;              ;         ; --         ;                 ; --       ; --           ;
; L13      ;            ;          ; GND                                                       ; gnd    ;              ;         ; --         ;                 ; --       ; --           ;
; L14      ;            ;          ; VCCINT                                                    ; power  ;              ; 1.2V    ; --         ;                 ; --       ; --           ;
; L15      ; 233        ; 6        ; RESERVED_INPUT_WITH_WEAK_PULLUP                           ;        ;              ;         ; Row I/O    ;                 ; no       ; On           ;
; L16      ; 232        ; 6        ; RESERVED_INPUT_WITH_WEAK_PULLUP                           ;        ;              ;         ; Row I/O    ;                 ; no       ; On           ;
; L17      ; 230        ; 6        ; ^MSEL2                                                    ;        ;              ;         ; --         ;                 ; --       ; --           ;
; L18      ; 229        ; 6        ; ^MSEL1                                                    ;        ;              ;         ; --         ;                 ; --       ; --           ;
; L19      ;            ; 6        ; VCCIO6                                                    ; power  ;              ; 3.3V    ; --         ;                 ; --       ; --           ;
; L20      ;            ;          ; GND                                                       ; gnd    ;              ;         ; --         ;                 ; --       ; --           ;
; L21      ; 235        ; 6        ; RESERVED_INPUT_WITH_WEAK_PULLUP                           ;        ;              ;         ; Row I/O    ;                 ; no       ; On           ;
; L22      ; 234        ; 6        ; RESERVED_INPUT_WITH_WEAK_PULLUP                           ;        ;              ;         ; Row I/O    ;                 ; no       ; On           ;
; M1       ; 45         ; 2        ; RESERVED_INPUT_WITH_WEAK_PULLUP                           ;        ;              ;         ; Row I/O    ;                 ; no       ; On           ;
; M2       ; 44         ; 2        ; RESERVED_INPUT_WITH_WEAK_PULLUP                           ;        ;              ;         ; Row I/O    ;                 ; no       ; On           ;
; M3       ; 47         ; 2        ; RESERVED_INPUT_WITH_WEAK_PULLUP                           ;        ;              ;         ; Row I/O    ;                 ; no       ; On           ;
; M4       ; 46         ; 2        ; RESERVED_INPUT_WITH_WEAK_PULLUP                           ;        ;              ;         ; Row I/O    ;                 ; no       ; On           ;
; M5       ; 51         ; 2        ; RESERVED_INPUT_WITH_WEAK_PULLUP                           ;        ;              ;         ; Row I/O    ;                 ; --       ; --           ;
; M6       ; 43         ; 2        ; RESERVED_INPUT_WITH_WEAK_PULLUP                           ;        ;              ;         ; Row I/O    ;                 ; no       ; On           ;
; M7       ; 65         ; 2        ; RESERVED_INPUT_WITH_WEAK_PULLUP                           ;        ;              ;         ; Row I/O    ;                 ; no       ; On           ;
; M8       ; 66         ; 2        ; RESERVED_INPUT_WITH_WEAK_PULLUP                           ;        ;              ;         ; Row I/O    ;                 ; no       ; On           ;
; M9       ;            ;          ; VCCINT                                                    ; power  ;              ; 1.2V    ; --         ;                 ; --       ; --           ;
; M10      ;            ;          ; GND                                                       ; gnd    ;              ;         ; --         ;                 ; --       ; --           ;
; M11      ;            ;          ; GND                                                       ; gnd    ;              ;         ; --         ;                 ; --       ; --           ;
; M12      ;            ;          ; GND                                                       ; gnd    ;              ;         ; --         ;                 ; --       ; --           ;
; M13      ;            ;          ; GND                                                       ; gnd    ;              ;         ; --         ;                 ; --       ; --           ;
; M14      ;            ;          ; VCCINT                                                    ; power  ;              ; 1.2V    ; --         ;                 ; --       ; --           ;
; M15      ; 195        ; 5        ; RESERVED_INPUT_WITH_WEAK_PULLUP                           ;        ;              ;         ; Row I/O    ;                 ; no       ; On           ;
; M16      ; 222        ; 5        ; RESERVED_INPUT_WITH_WEAK_PULLUP                           ;        ;              ;         ; Row I/O    ;                 ; no       ; On           ;
; M17      ; 228        ; 6        ; ^MSEL0                                                    ;        ;              ;         ; --         ;                 ; --       ; --           ;
; M18      ; 227        ; 6        ; ^CONF_DONE                                                ;        ;              ;         ; --         ;                 ; --       ; --           ;
; M19      ; 221        ; 5        ; RESERVED_INPUT_WITH_WEAK_PULLUP                           ;        ;              ;         ; Row I/O    ;                 ; no       ; On           ;
; M20      ; 220        ; 5        ; RESERVED_INPUT_WITH_WEAK_PULLUP                           ;        ;              ;         ; Row I/O    ;                 ; no       ; On           ;
; M21      ; 219        ; 5        ; RESERVED_INPUT_WITH_WEAK_PULLUP                           ;        ;              ;         ; Row I/O    ;                 ; no       ; On           ;
; M22      ; 218        ; 5        ; RESERVED_INPUT_WITH_WEAK_PULLUP                           ;        ;              ;         ; Row I/O    ;                 ; no       ; On           ;
; N1       ; 49         ; 2        ; RESERVED_INPUT_WITH_WEAK_PULLUP                           ;        ;              ;         ; Row I/O    ;                 ; no       ; On           ;
; N2       ; 48         ; 2        ; RESERVED_INPUT_WITH_WEAK_PULLUP                           ;        ;              ;         ; Row I/O    ;                 ; no       ; On           ;
; N3       ;            ;          ; GND                                                       ; gnd    ;              ;         ; --         ;                 ; --       ; --           ;
; N4       ;            ; 2        ; VCCIO2                                                    ; power  ;              ; 3.3V    ; --         ;                 ; --       ; --           ;
; N5       ; 56         ; 2        ; RESERVED_INPUT_WITH_WEAK_PULLUP                           ;        ;              ;         ; Row I/O    ;                 ; no       ; On           ;
; N6       ; 64         ; 2        ; RESERVED_INPUT_WITH_WEAK_PULLUP                           ;        ;              ;         ; Row I/O    ;                 ; no       ; On           ;
; N7       ; 73         ; 2        ; RESERVED_INPUT_WITH_WEAK_PULLUP                           ;        ;              ;         ; Row I/O    ;                 ; no       ; On           ;
; N8       ; 67         ; 2        ; RESERVED_INPUT_WITH_WEAK_PULLUP                           ;        ;              ;         ; Row I/O    ;                 ; no       ; On           ;
; N9       ;            ;          ; VCCINT                                                    ; power  ;              ; 1.2V    ; --         ;                 ; --       ; --           ;
; N10      ;            ;          ; GND                                                       ; gnd    ;              ;         ; --         ;                 ; --       ; --           ;
; N11      ;            ;          ; GND                                                       ; gnd    ;              ;         ; --         ;                 ; --       ; --           ;
; N12      ;            ;          ; GND                                                       ; gnd    ;              ;         ; --         ;                 ; --       ; --           ;
; N13      ;            ;          ; GND                                                       ; gnd    ;              ;         ; --         ;                 ; --       ; --           ;
; N14      ; 189        ; 5        ; RESERVED_INPUT_WITH_WEAK_PULLUP                           ;        ;              ;         ; Row I/O    ;                 ; no       ; On           ;
; N15      ; 196        ; 5        ; RESERVED_INPUT_WITH_WEAK_PULLUP                           ;        ;              ;         ; Row I/O    ;                 ; no       ; On           ;
; N16      ; 205        ; 5        ; RESERVED_INPUT_WITH_WEAK_PULLUP                           ;        ;              ;         ; Row I/O    ;                 ; no       ; On           ;
; N17      ; 214        ; 5        ; RESERVED_INPUT_WITH_WEAK_PULLUP                           ;        ;              ;         ; Row I/O    ;                 ; no       ; On           ;
; N18      ; 215        ; 5        ; RESERVED_INPUT_WITH_WEAK_PULLUP                           ;        ;              ;         ; Row I/O    ;                 ; no       ; On           ;
; N19      ; 213        ; 5        ; RESERVED_INPUT_WITH_WEAK_PULLUP                           ;        ;              ;         ; Row I/O    ;                 ; no       ; On           ;
; N20      ; 212        ; 5        ; RESERVED_INPUT_WITH_WEAK_PULLUP                           ;        ;              ;         ; Row I/O    ;                 ; no       ; On           ;
; N21      ; 217        ; 5        ; RESERVED_INPUT_WITH_WEAK_PULLUP                           ;        ;              ;         ; Row I/O    ;                 ; no       ; On           ;
; N22      ; 216        ; 5        ; RESERVED_INPUT_WITH_WEAK_PULLUP                           ;        ;              ;         ; Row I/O    ;                 ; no       ; On           ;
; P1       ; 53         ; 2        ; RESERVED_INPUT_WITH_WEAK_PULLUP                           ;        ;              ;         ; Row I/O    ;                 ; no       ; On           ;
; P2       ; 52         ; 2        ; RESERVED_INPUT_WITH_WEAK_PULLUP                           ;        ;              ;         ; Row I/O    ;                 ; no       ; On           ;
; P3       ; 58         ; 2        ; RESERVED_INPUT_WITH_WEAK_PULLUP                           ;        ;              ;         ; Row I/O    ;                 ; no       ; On           ;
; P4       ; 57         ; 2        ; RESERVED_INPUT_WITH_WEAK_PULLUP                           ;        ;              ;         ; Row I/O    ;                 ; no       ; On           ;
; P5       ; 63         ; 2        ; RESERVED_INPUT_WITH_WEAK_PULLUP                           ;        ;              ;         ; Row I/O    ;                 ; no       ; On           ;
; P6       ; 79         ; 2        ; RESERVED_INPUT_WITH_WEAK_PULLUP                           ;        ;              ;         ; Row I/O    ;                 ; no       ; On           ;
; P7       ; 74         ; 2        ; RESERVED_INPUT_WITH_WEAK_PULLUP                           ;        ;              ;         ; Row I/O    ;                 ; no       ; On           ;
; P8       ; 86         ; 2        ; RESERVED_INPUT_WITH_WEAK_PULLUP                           ;        ;              ;         ; Row I/O    ;                 ; no       ; On           ;
; P9       ;            ;          ; VCCINT                                                    ; power  ;              ; 1.2V    ; --         ;                 ; --       ; --           ;
; P10      ;            ;          ; VCCINT                                                    ; power  ;              ; 1.2V    ; --         ;                 ; --       ; --           ;
; P11      ;            ;          ; VCCINT                                                    ; power  ;              ; 1.2V    ; --         ;                 ; --       ; --           ;
; P12      ;            ;          ; VCCINT                                                    ; power  ;              ; 1.2V    ; --         ;                 ; --       ; --           ;
; P13      ;            ;          ; VCCINT                                                    ; power  ;              ; 1.2V    ; --         ;                 ; --       ; --           ;
; P14      ; 180        ; 5        ; RESERVED_INPUT_WITH_WEAK_PULLUP                           ;        ;              ;         ; Row I/O    ;                 ; no       ; On           ;
; P15      ; 192        ; 5        ; RESERVED_INPUT_WITH_WEAK_PULLUP                           ;        ;              ;         ; Row I/O    ;                 ; no       ; On           ;
; P16      ; 193        ; 5        ; RESERVED_INPUT_WITH_WEAK_PULLUP                           ;        ;              ;         ; Row I/O    ;                 ; no       ; On           ;
; P17      ; 197        ; 5        ; RESERVED_INPUT_WITH_WEAK_PULLUP                           ;        ;              ;         ; Row I/O    ;                 ; no       ; On           ;
; P18      ;            ; 5        ; VCCIO5                                                    ; power  ;              ; 3.3V    ; --         ;                 ; --       ; --           ;
; P19      ;            ;          ; GND                                                       ; gnd    ;              ;         ; --         ;                 ; --       ; --           ;
; P20      ; 208        ; 5        ; RESERVED_INPUT_WITH_WEAK_PULLUP                           ;        ;              ;         ; Row I/O    ;                 ; --       ; --           ;
; P21      ; 211        ; 5        ; RESERVED_INPUT_WITH_WEAK_PULLUP                           ;        ;              ;         ; Row I/O    ;                 ; no       ; On           ;
; P22      ; 210        ; 5        ; RESERVED_INPUT_WITH_WEAK_PULLUP                           ;        ;              ;         ; Row I/O    ;                 ; no       ; On           ;
; R1       ; 55         ; 2        ; RESERVED_INPUT_WITH_WEAK_PULLUP                           ;        ;              ;         ; Row I/O    ;                 ; no       ; On           ;
; R2       ; 54         ; 2        ; RESERVED_INPUT_WITH_WEAK_PULLUP                           ;        ;              ;         ; Row I/O    ;                 ; no       ; On           ;
; R3       ;            ;          ; GND                                                       ; gnd    ;              ;         ; --         ;                 ; --       ; --           ;
; R4       ;            ; 2        ; VCCIO2                                                    ; power  ;              ; 3.3V    ; --         ;                 ; --       ; --           ;
; R5       ; 80         ; 2        ; RESERVED_INPUT_WITH_WEAK_PULLUP                           ;        ;              ;         ; Row I/O    ;                 ; no       ; On           ;
; R6       ; 83         ; 2        ; RESERVED_INPUT_WITH_WEAK_PULLUP                           ;        ;              ;         ; Row I/O    ;                 ; no       ; On           ;
; R7       ; 84         ; 2        ; RESERVED_INPUT_WITH_WEAK_PULLUP                           ;        ;              ;         ; Row I/O    ;                 ; no       ; On           ;
; R8       ; 87         ; 2        ; RESERVED_INPUT_WITH_WEAK_PULLUP                           ;        ;              ;         ; Row I/O    ;                 ; no       ; On           ;
; R9       ; 88         ; 3        ; RESERVED_INPUT_WITH_WEAK_PULLUP                           ;        ;              ;         ; Column I/O ;                 ; no       ; On           ;
; R10      ; 90         ; 3        ; RESERVED_INPUT_WITH_WEAK_PULLUP                           ;        ;              ;         ; Column I/O ;                 ; no       ; On           ;
; R11      ; 97         ; 3        ; RESERVED_INPUT_WITH_WEAK_PULLUP                           ;        ;              ;         ; Column I/O ;                 ; no       ; On           ;
; R12      ; 98         ; 3        ; led_io_space                                              ; output ; 3.3-V LVCMOS ;         ; Column I/O ; Y               ; no       ; Off          ;
; R13      ; 153        ; 4        ; led_inack                                                 ; output ; 3.3-V LVCMOS ;         ; Column I/O ; Y               ; no       ; Off          ;
; R14      ; 175        ; 4        ; led_write                                                 ; output ; 3.3-V LVCMOS ;         ; Column I/O ; Y               ; no       ; Off          ;
; R15      ; 176        ; 4        ; led_read                                                  ; output ; 3.3-V LVCMOS ;         ; Column I/O ; Y               ; no       ; Off          ;
; R16      ; 172        ; 4        ; led_fetch                                                 ; output ; 3.3-V LVCMOS ;         ; Column I/O ; Y               ; no       ; Off          ;
; R17      ; 194        ; 5        ; led_err                                                   ; output ; 3.3-V LVCMOS ;         ; Row I/O    ; Y               ; no       ; Off          ;
; R18      ; 203        ; 5        ; led_halt                                                  ; output ; 3.3-V LVCMOS ;         ; Row I/O    ; Y               ; no       ; Off          ;
; R19      ; 204        ; 5        ; led_run                                                   ; output ; 3.3-V LVCMOS ;         ; Row I/O    ; Y               ; no       ; Off          ;
; R20      ; 200        ; 5        ; RESERVED_INPUT_WITH_WEAK_PULLUP                           ;        ;              ;         ; Row I/O    ;                 ; no       ; On           ;
; R21      ; 207        ; 5        ; RESERVED_INPUT_WITH_WEAK_PULLUP                           ;        ;              ;         ; Row I/O    ;                 ; no       ; On           ;
; R22      ; 206        ; 5        ; RESERVED_INPUT_WITH_WEAK_PULLUP                           ;        ;              ;         ; Row I/O    ;                 ; no       ; On           ;
; T1       ; 41         ; 2        ; GND+                                                      ;        ;              ;         ; Row I/O    ;                 ; --       ; --           ;
; T2       ; 40         ; 2        ; GND+                                                      ;        ;              ;         ; Row I/O    ;                 ; --       ; --           ;
; T3       ; 72         ; 2        ; RESERVED_INPUT_WITH_WEAK_PULLUP                           ;        ;              ;         ; Row I/O    ;                 ; --       ; --           ;
; T4       ; 81         ; 2        ; RESERVED_INPUT_WITH_WEAK_PULLUP                           ;        ;              ;         ; Row I/O    ;                 ; no       ; On           ;
; T5       ; 82         ; 2        ; RESERVED_INPUT_WITH_WEAK_PULLUP                           ;        ;              ;         ; Row I/O    ;                 ; no       ; On           ;
; T6       ;            ; --       ; VCCA1                                                     ; power  ;              ; 2.5V    ; --         ;                 ; --       ; --           ;
; T7       ; 85         ; 2        ; RESERVED_INPUT_WITH_WEAK_PULLUP                           ;        ;              ;         ; Row I/O    ;                 ; no       ; On           ;
; T8       ; 89         ; 3        ; RESERVED_INPUT_WITH_WEAK_PULLUP                           ;        ;              ;         ; Column I/O ;                 ; no       ; On           ;
; T9       ; 91         ; 3        ; RESERVED_INPUT_WITH_WEAK_PULLUP                           ;        ;              ;         ; Column I/O ;                 ; no       ; On           ;
; T10      ; 121        ; 3        ; RESERVED_INPUT_WITH_WEAK_PULLUP                           ;        ;              ;         ; Column I/O ;                 ; no       ; On           ;
; T11      ; 125        ; 3        ; RESERVED_INPUT_WITH_WEAK_PULLUP                           ;        ;              ;         ; Column I/O ;                 ; no       ; On           ;
; T12      ; 148        ; 4        ; RESERVED_INPUT_WITH_WEAK_PULLUP                           ;        ;              ;         ; Column I/O ;                 ; no       ; On           ;
; T13      ;            ;          ; VCCINT                                                    ; power  ;              ; 1.2V    ; --         ;                 ; --       ; --           ;
; T14      ; 160        ; 4        ; RESERVED_INPUT_WITH_WEAK_PULLUP                           ;        ;              ;         ; Column I/O ;                 ; no       ; On           ;
; T15      ; 161        ; 4        ; RESERVED_INPUT_WITH_WEAK_PULLUP                           ;        ;              ;         ; Column I/O ;                 ; no       ; On           ;
; T16      ; 171        ; 4        ; RESERVED_INPUT_WITH_WEAK_PULLUP                           ;        ;              ;         ; Column I/O ;                 ; no       ; On           ;
; T17      ; 181        ; 5        ; RESERVED_INPUT_WITH_WEAK_PULLUP                           ;        ;              ;         ; Row I/O    ;                 ; no       ; On           ;
; T18      ; 182        ; 5        ; RESERVED_INPUT_WITH_WEAK_PULLUP                           ;        ;              ;         ; Row I/O    ;                 ; no       ; On           ;
; T19      ;            ; 5        ; VCCIO5                                                    ; power  ;              ; 3.3V    ; --         ;                 ; --       ; --           ;
; T20      ;            ;          ; GND                                                       ; gnd    ;              ;         ; --         ;                 ; --       ; --           ;
; T21      ; 224        ; 5        ; GND+                                                      ;        ;              ;         ; Row I/O    ;                 ; --       ; --           ;
; T22      ; 223        ; 5        ; GND+                                                      ;        ;              ;         ; Row I/O    ;                 ; --       ; --           ;
; U1       ; 60         ; 2        ; RESERVED_INPUT_WITH_WEAK_PULLUP                           ;        ;              ;         ; Row I/O    ;                 ; no       ; On           ;
; U2       ; 59         ; 2        ; sram_dq_lo[7]                                             ; bidir  ; 3.3-V LVCMOS ;         ; Row I/O    ; Y               ; no       ; Off          ;
; U3       ;            ;          ; GND                                                       ; gnd    ;              ;         ; --         ;                 ; --       ; --           ;
; U4       ;            ; 2        ; VCCIO2                                                    ; power  ;              ; 3.3V    ; --         ;                 ; --       ; --           ;
; U5       ;            ;          ; GNDA1                                                     ; gnd    ;              ;         ; --         ;                 ; --       ; --           ;
; U6       ;            ;          ; VCCD_PLL1                                                 ; power  ;              ; 1.2V    ; --         ;                 ; --       ; --           ;
; U7       ; 94         ; 3        ; RESERVED_INPUT_WITH_WEAK_PULLUP                           ;        ;              ;         ; Column I/O ;                 ; no       ; On           ;
; U8       ; 95         ; 3        ; RESERVED_INPUT_WITH_WEAK_PULLUP                           ;        ;              ;         ; Column I/O ;                 ; no       ; On           ;
; U9       ; 112        ; 3        ; RESERVED_INPUT_WITH_WEAK_PULLUP                           ;        ;              ;         ; Column I/O ;                 ; no       ; On           ;
; U10      ; 122        ; 3        ; RESERVED_INPUT_WITH_WEAK_PULLUP                           ;        ;              ;         ; Column I/O ;                 ; no       ; On           ;
; U11      ; 128        ; 3        ; RESERVED_INPUT_WITH_WEAK_PULLUP                           ;        ;              ;         ; Column I/O ;                 ; no       ; On           ;
; U12      ; 147        ; 4        ; RESERVED_INPUT_WITH_WEAK_PULLUP                           ;        ;              ;         ; Column I/O ;                 ; no       ; On           ;
; U13      ; 156        ; 4        ; RESERVED_INPUT_WITH_WEAK_PULLUP                           ;        ;              ;         ; Column I/O ;                 ; no       ; On           ;
; U14      ; 174        ; 4        ; RESERVED_INPUT_WITH_WEAK_PULLUP                           ;        ;              ;         ; Column I/O ;                 ; no       ; On           ;
; U15      ; 173        ; 4        ; RESERVED_INPUT_WITH_WEAK_PULLUP                           ;        ;              ;         ; Column I/O ;                 ; no       ; On           ;
; U16      ;            ;          ; VCCINT                                                    ; power  ;              ; 1.2V    ; --         ;                 ; --       ; --           ;
; U17      ;            ;          ; VCCINT                                                    ; power  ;              ; 1.2V    ; --         ;                 ; --       ; --           ;
; U18      ;            ; --       ; VCCA4                                                     ; power  ;              ; 2.5V    ; --         ;                 ; --       ; --           ;
; U19      ; 188        ; 5        ; RESERVED_INPUT_WITH_WEAK_PULLUP                           ;        ;              ;         ; Row I/O    ;                 ; no       ; On           ;
; U20      ; 187        ; 5        ; RESERVED_INPUT_WITH_WEAK_PULLUP                           ;        ;              ;         ; Row I/O    ;                 ; no       ; On           ;
; U21      ; 202        ; 5        ; dcj_cont_n                                                ; output ; 3.3-V LVCMOS ;         ; Row I/O    ; Y               ; no       ; Off          ;
; U22      ; 201        ; 5        ; dcj_clk2                                                  ; input  ; 3.3-V LVCMOS ;         ; Row I/O    ; Y               ; no       ; Off          ;
; V1       ; 62         ; 2        ; sram_dq_lo[6]                                             ; bidir  ; 3.3-V LVCMOS ;         ; Row I/O    ; Y               ; no       ; Off          ;
; V2       ; 61         ; 2        ; sram_dq_lo[5]                                             ; bidir  ; 3.3-V LVCMOS ;         ; Row I/O    ; Y               ; no       ; Off          ;
; V3       ; 78         ; 2        ; RESERVED_INPUT_WITH_WEAK_PULLUP                           ;        ;              ;         ; Row I/O    ;                 ; no       ; On           ;
; V4       ; 77         ; 2        ; RESERVED_INPUT_WITH_WEAK_PULLUP                           ;        ;              ;         ; Row I/O    ;                 ; no       ; On           ;
; V5       ; 93         ; 3        ; RESERVED_INPUT_WITH_WEAK_PULLUP                           ;        ;              ;         ; Column I/O ;                 ; no       ; On           ;
; V6       ; 92         ; 3        ; RESERVED_INPUT_WITH_WEAK_PULLUP                           ;        ;              ;         ; Column I/O ;                 ; no       ; On           ;
; V7       ; 105        ; 3        ; RESERVED_INPUT_WITH_WEAK_PULLUP                           ;        ;              ;         ; Column I/O ;                 ; no       ; On           ;
; V8       ; 113        ; 3        ; RESERVED_INPUT_WITH_WEAK_PULLUP                           ;        ;              ;         ; Column I/O ;                 ; no       ; On           ;
; V9       ; 119        ; 3        ; RESERVED_INPUT_WITH_WEAK_PULLUP                           ;        ;              ;         ; Column I/O ;                 ; --       ; --           ;
; V10      ; 120        ; 3        ; RESERVED_INPUT_WITH_WEAK_PULLUP                           ;        ;              ;         ; Column I/O ;                 ; no       ; On           ;
; V11      ; 129        ; 3        ; RESERVED_INPUT_WITH_WEAK_PULLUP                           ;        ;              ;         ; Column I/O ;                 ; no       ; On           ;
; V12      ; 142        ; 4        ; RESERVED_INPUT_WITH_WEAK_PULLUP                           ;        ;              ;         ; Column I/O ;                 ; no       ; On           ;
; V13      ; 154        ; 4        ; RESERVED_INPUT_WITH_WEAK_PULLUP                           ;        ;              ;         ; Column I/O ;                 ; no       ; On           ;
; V14      ; 157        ; 4        ; RESERVED_INPUT_WITH_WEAK_PULLUP                           ;        ;              ;         ; Column I/O ;                 ; no       ; On           ;
; V15      ; 158        ; 4        ; RESERVED_INPUT_WITH_WEAK_PULLUP                           ;        ;              ;         ; Column I/O ;                 ; no       ; On           ;
; V16      ; 168        ; 4        ; RESERVED_INPUT_WITH_WEAK_PULLUP                           ;        ;              ;         ; Column I/O ;                 ; --       ; --           ;
; V17      ;            ;          ; VCCD_PLL4                                                 ; power  ;              ; 1.2V    ; --         ;                 ; --       ; --           ;
; V18      ;            ;          ; GNDA4                                                     ; gnd    ;              ;         ; --         ;                 ; --       ; --           ;
; V19      ;            ; 5        ; VCCIO5                                                    ; power  ;              ; 3.3V    ; --         ;                 ; --       ; --           ;
; V20      ;            ;          ; GND                                                       ; gnd    ;              ;         ; --         ;                 ; --       ; --           ;
; V21      ; 199        ; 5        ; dcj_miss_n                                                ; bidir  ; 3.3-V LVCMOS ;         ; Row I/O    ; Y               ; no       ; Off          ;
; V22      ; 198        ; 5        ; dcj_event_n                                               ; output ; 3.3-V LVCMOS ;         ; Row I/O    ; Y               ; no       ; Off          ;
; W1       ; 69         ; 2        ; sram_dq_lo[4]                                             ; bidir  ; 3.3-V LVCMOS ;         ; Row I/O    ; Y               ; no       ; Off          ;
; W2       ; 68         ; 2        ; sram_dq_lo[3]                                             ; bidir  ; 3.3-V LVCMOS ;         ; Row I/O    ; Y               ; no       ; Off          ;
; W3       ;            ;          ; GND                                                       ; gnd    ;              ;         ; --         ;                 ; --       ; --           ;
; W4       ;            ; 2        ; VCCIO2                                                    ; power  ;              ; 3.3V    ; --         ;                 ; --       ; --           ;
; W5       ;            ; 3        ; VCCIO3                                                    ; power  ;              ; 3.3V    ; --         ;                 ; --       ; --           ;
; W6       ; 104        ; 3        ; RESERVED_INPUT_WITH_WEAK_PULLUP                           ;        ;              ;         ; Column I/O ;                 ; no       ; On           ;
; W7       ; 110        ; 3        ; RESERVED_INPUT_WITH_WEAK_PULLUP                           ;        ;              ;         ; Column I/O ;                 ; no       ; On           ;
; W8       ; 114        ; 3        ; RESERVED_INPUT_WITH_WEAK_PULLUP                           ;        ;              ;         ; Column I/O ;                 ; no       ; On           ;
; W9       ;            ; 3        ; VCCIO3                                                    ; power  ;              ; 3.3V    ; --         ;                 ; --       ; --           ;
; W10      ; 130        ; 3        ; RESERVED_INPUT_WITH_WEAK_PULLUP                           ;        ;              ;         ; Column I/O ;                 ; no       ; On           ;
; W11      ;            ; 3        ; VCCIO3                                                    ; power  ;              ; 3.3V    ; --         ;                 ; --       ; --           ;
; W12      ;            ; 4        ; VCCIO4                                                    ; power  ;              ; 3.3V    ; --         ;                 ; --       ; --           ;
; W13      ; 143        ; 4        ; RESERVED_INPUT_WITH_WEAK_PULLUP                           ;        ;              ;         ; Column I/O ;                 ; no       ; On           ;
; W14      ; 155        ; 4        ; RESERVED_INPUT_WITH_WEAK_PULLUP                           ;        ;              ;         ; Column I/O ;                 ; --       ; --           ;
; W15      ; 159        ; 4        ; RESERVED_INPUT_WITH_WEAK_PULLUP                           ;        ;              ;         ; Column I/O ;                 ; no       ; On           ;
; W16      ;            ; 4        ; VCCIO4                                                    ; power  ;              ; 3.3V    ; --         ;                 ; --       ; --           ;
; W17      ; 166        ; 4        ; RESERVED_INPUT_WITH_WEAK_PULLUP                           ;        ;              ;         ; Column I/O ;                 ; no       ; On           ;
; W18      ;            ; 4        ; VCCIO4                                                    ; power  ;              ; 3.3V    ; --         ;                 ; --       ; --           ;
; W19      ; 184        ; 5        ; RESERVED_INPUT_WITH_WEAK_PULLUP                           ;        ;              ;         ; Row I/O    ;                 ; no       ; On           ;
; W20      ; 183        ; 5        ; dcj_init_n                                                ; bidir  ; 3.3-V LVCMOS ;         ; Row I/O    ; Y               ; no       ; Off          ;
; W21      ; 191        ; 5        ; dcj_strb_n                                                ; input  ; 3.3-V LVCMOS ;         ; Row I/O    ; Y               ; no       ; Off          ;
; W22      ; 190        ; 5        ; dcj_sctl_n                                                ; input  ; 3.3-V LVCMOS ;         ; Row I/O    ; Y               ; no       ; Off          ;
; Y1       ; 71         ; 2        ; sram_dq_lo[2]                                             ; bidir  ; 3.3-V LVCMOS ;         ; Row I/O    ; Y               ; no       ; Off          ;
; Y2       ; 70         ; 2        ; sram_dq_lo[1]                                             ; bidir  ; 3.3-V LVCMOS ;         ; Row I/O    ; Y               ; no       ; Off          ;
; Y3       ; 99         ; 3        ; RESERVED_INPUT_WITH_WEAK_PULLUP                           ;        ;              ;         ; Column I/O ;                 ; no       ; On           ;
; Y4       ; 96         ; 3        ; led_addr_en                                               ; output ; 3.3-V LVCMOS ;         ; Column I/O ; Y               ; no       ; Off          ;
; Y5       ;            ;          ; GND                                                       ; gnd    ;              ;         ; --         ;                 ; --       ; --           ;
; Y6       ; 101        ; 3        ; led_i2c_sda                                               ; bidir  ; 3.3-V LVCMOS ;         ; Column I/O ; Y               ; no       ; Off          ;
; Y7       ; 111        ; 3        ; led_i2c_scl                                               ; bidir  ; 3.3-V LVCMOS ;         ; Column I/O ; Y               ; no       ; Off          ;
; Y8       ; 117        ; 3        ; led_data_en                                               ; output ; 3.3-V LVCMOS ;         ; Column I/O ; Y               ; no       ; Off          ;
; Y9       ;            ;          ; GND                                                       ; gnd    ;              ;         ; --         ;                 ; --       ; --           ;
; Y10      ; 131        ; 3        ; RESERVED_INPUT_WITH_WEAK_PULLUP                           ;        ;              ;         ; Column I/O ;                 ; no       ; On           ;
; Y11      ;            ;          ; GND                                                       ; gnd    ;              ;         ; --         ;                 ; --       ; --           ;
; Y12      ;            ;          ; GND                                                       ; gnd    ;              ;         ; --         ;                 ; --       ; --           ;
; Y13      ; 144        ; 4        ; RESERVED_INPUT_WITH_WEAK_PULLUP                           ;        ;              ;         ; Column I/O ;                 ; no       ; On           ;
; Y14      ;            ; 4        ; VCCIO4                                                    ; power  ;              ; 3.3V    ; --         ;                 ; --       ; --           ;
; Y15      ;            ;          ; GND                                                       ; gnd    ;              ;         ; --         ;                 ; --       ; --           ;
; Y16      ;            ;          ; GND                                                       ; gnd    ;              ;         ; --         ;                 ; --       ; --           ;
; Y17      ; 167        ; 4        ; dcj_dv                                                    ; bidir  ; 3.3-V LVCMOS ;         ; Column I/O ; Y               ; no       ; Off          ;
; Y18      ;            ;          ; GND                                                       ; gnd    ;              ;         ; --         ;                 ; --       ; --           ;
; Y19      ;            ; 5        ; VCCIO5                                                    ; power  ;              ; 3.3V    ; --         ;                 ; --       ; --           ;
; Y20      ;            ;          ; GND                                                       ; gnd    ;              ;         ; --         ;                 ; --       ; --           ;
; Y21      ; 186        ; 5        ; dcj_bufctl_n                                              ; input  ; 3.3-V LVCMOS ;         ; Row I/O    ; Y               ; no       ; Off          ;
; Y22      ; 185        ; 5        ; dcj_ale_n                                                 ; input  ; 3.3-V LVCMOS ;         ; Row I/O    ; Y               ; no       ; Off          ;
+----------+------------+----------+-----------------------------------------------------------+--------+--------------+---------+------------+-----------------+----------+--------------+
Note: Pin directions (input, output or bidir) are based on device operating in user mode.


+----------------------------------------+
; I/O Assignment Warnings                ;
+---------------+------------------------+
; Pin Name      ; Reason                 ;
+---------------+------------------------+
; dcj_cont_n    ; Missing drive strength ;
; dcj_abort_n   ; Missing drive strength ;
; dcj_irq[0]    ; Missing drive strength ;
; dcj_irq[1]    ; Missing drive strength ;
; dcj_event_n   ; Missing drive strength ;
; sram_addr[0]  ; Missing drive strength ;
; sram_addr[1]  ; Missing drive strength ;
; sram_addr[2]  ; Missing drive strength ;
; sram_addr[3]  ; Missing drive strength ;
; sram_addr[4]  ; Missing drive strength ;
; sram_addr[5]  ; Missing drive strength ;
; sram_addr[6]  ; Missing drive strength ;
; sram_addr[7]  ; Missing drive strength ;
; sram_addr[8]  ; Missing drive strength ;
; sram_addr[9]  ; Missing drive strength ;
; sram_addr[10] ; Missing drive strength ;
; sram_addr[11] ; Missing drive strength ;
; sram_addr[12] ; Missing drive strength ;
; sram_addr[13] ; Missing drive strength ;
; sram_addr[14] ; Missing drive strength ;
; sram_addr[15] ; Missing drive strength ;
; sram_addr[16] ; Missing drive strength ;
; sram_addr[17] ; Missing drive strength ;
; sram_addr[18] ; Missing drive strength ;
; sram_addr[19] ; Missing drive strength ;
; sram_addr[20] ; Missing drive strength ;
; sram_ce1_n    ; Missing drive strength ;
; sram_oe_n     ; Missing drive strength ;
; sram_we_lo_n  ; Missing drive strength ;
; sram_we_hi_n  ; Missing drive strength ;
; uart_tx       ; Missing drive strength ;
; led_run       ; Missing drive strength ;
; led_halt      ; Missing drive strength ;
; led_fetch     ; Missing drive strength ;
; led_read      ; Missing drive strength ;
; led_write     ; Missing drive strength ;
; led_inack     ; Missing drive strength ;
; led_io_space  ; Missing drive strength ;
; led_err       ; Missing drive strength ;
; led_addr_en   ; Missing drive strength ;
; led_data_en   ; Missing drive strength ;
; dcj_dal[0]    ; Missing drive strength ;
; dcj_dal[1]    ; Missing drive strength ;
; dcj_dal[2]    ; Missing drive strength ;
; dcj_dal[3]    ; Missing drive strength ;
; dcj_dal[4]    ; Missing drive strength ;
; dcj_dal[5]    ; Missing drive strength ;
; dcj_dal[6]    ; Missing drive strength ;
; dcj_dal[7]    ; Missing drive strength ;
; dcj_dal[8]    ; Missing drive strength ;
; dcj_dal[9]    ; Missing drive strength ;
; dcj_dal[10]   ; Missing drive strength ;
; dcj_dal[11]   ; Missing drive strength ;
; dcj_dal[12]   ; Missing drive strength ;
; dcj_dal[13]   ; Missing drive strength ;
; dcj_dal[14]   ; Missing drive strength ;
; dcj_dal[15]   ; Missing drive strength ;
; dcj_init_n    ; Missing drive strength ;
; dcj_dv        ; Missing drive strength ;
; dcj_miss_n    ; Missing drive strength ;
; sram_dq_lo[0] ; Missing drive strength ;
; sram_dq_lo[1] ; Missing drive strength ;
; sram_dq_lo[2] ; Missing drive strength ;
; sram_dq_lo[3] ; Missing drive strength ;
; sram_dq_lo[4] ; Missing drive strength ;
; sram_dq_lo[5] ; Missing drive strength ;
; sram_dq_lo[6] ; Missing drive strength ;
; sram_dq_lo[7] ; Missing drive strength ;
; sram_dq_hi[0] ; Missing drive strength ;
; sram_dq_hi[1] ; Missing drive strength ;
; sram_dq_hi[2] ; Missing drive strength ;
; sram_dq_hi[3] ; Missing drive strength ;
; sram_dq_hi[4] ; Missing drive strength ;
; sram_dq_hi[5] ; Missing drive strength ;
; sram_dq_hi[6] ; Missing drive strength ;
; sram_dq_hi[7] ; Missing drive strength ;
; led_i2c_scl   ; Missing drive strength ;
; led_i2c_sda   ; Missing drive strength ;
+---------------+------------------------+


+----------------------------------------------------------------------------------------------------------------------------------------------------------------------------------------------------------------------------------------------------------------------------------------------------------------------------------------------------------------------------------------------------------------------------------------------------------------------------------------------------------------------------------------------------------------------------------------------------------------------------------------------------------------------------------------------------------------------------------------------+
; Fitter Resource Utilization by Entity                                                                                                                                                                                                                                                                                                                                                                                                                                                                                                                                                                                                                                                                                                        ;
+-----------------------------------------------------------------------------------------------------------------------------------------+-------------+---------------------------+---------------+-------------+------+--------------+---------+-----------+------+--------------+--------------+-------------------+------------------+-------------------------------------------------------------------------------------------------------------------------------------------------------------------------------------------------------------------------------------------------------------------------------------------------------------------------------------------------+-----------------------------------+--------------+
; Compilation Hierarchy Node                                                                                                              ; Logic Cells ; Dedicated Logic Registers ; I/O Registers ; Memory Bits ; M9Ks ; DSP Elements ; DSP 9x9 ; DSP 18x18 ; Pins ; Virtual Pins ; LUT-Only LCs ; Register-Only LCs ; LUT/Register LCs ; Full Hierarchy Name                                                                                                                                                                                                                                                                                                                             ; Entity Name                       ; Library Name ;
+-----------------------------------------------------------------------------------------------------------------------------------------+-------------+---------------------------+---------------+-------------+------+--------------+---------+-----------+------+--------------+--------------+-------------------+------------------+-------------------------------------------------------------------------------------------------------------------------------------------------------------------------------------------------------------------------------------------------------------------------------------------------------------------------------------------------+-----------------------------------+--------------+
; |top                                                                                                                                    ; 2927 (138)  ; 2105 (112)                ; 0 (0)         ; 287232      ; 36   ; 0            ; 0       ; 0         ; 97   ; 0            ; 822 (26)     ; 887 (39)          ; 1218 (69)        ; |top                                                                                                                                                                                                                                                                                                                                            ; top                               ; work         ;
;    |aw21024_led_panel:led_panel|                                                                                                        ; 451 (293)   ; 266 (186)                 ; 0 (0)         ; 0           ; 0    ; 0            ; 0       ; 0         ; 0    ; 0            ; 184 (69)     ; 19 (18)           ; 248 (208)        ; |top|aw21024_led_panel:led_panel                                                                                                                                                                                                                                                                                                                ; aw21024_led_panel                 ; work         ;
;       |Aw21024I2cBurstWriter:writer|                                                                                                    ; 196 (196)   ; 80 (80)                   ; 0 (0)         ; 0           ; 0    ; 0            ; 0       ; 0         ; 0    ; 0            ; 115 (115)    ; 1 (1)             ; 80 (80)          ; |top|aw21024_led_panel:led_panel|Aw21024I2cBurstWriter:writer                                                                                                                                                                                                                                                                                   ; Aw21024I2cBurstWriter             ; work         ;
;    |dcj11_sram_2kb_hello_core:core|                                                                                                     ; 834 (515)   ; 426 (228)                 ; 0 (0)         ; 512         ; 1    ; 0            ; 0       ; 0         ; 0    ; 0            ; 403 (283)    ; 44 (33)           ; 387 (199)        ; |top|dcj11_sram_2kb_hello_core:core                                                                                                                                                                                                                                                                                                             ; dcj11_sram_2kb_hello_core         ; work         ;
;       |Kl11Lite:kl11|                                                                                                                   ; 158 (37)    ; 79 (11)                   ; 0 (0)         ; 512         ; 1    ; 0            ; 0       ; 0         ; 0    ; 0            ; 79 (26)      ; 3 (0)             ; 76 (11)          ; |top|dcj11_sram_2kb_hello_core:core|Kl11Lite:kl11                                                                                                                                                                                                                                                                                               ; Kl11Lite                          ; work         ;
;          |Queue64_UInt8:txQueue|                                                                                                        ; 42 (27)     ; 34 (13)                   ; 0 (0)         ; 512         ; 1    ; 0            ; 0       ; 0         ; 0    ; 0            ; 8 (8)        ; 3 (0)             ; 31 (19)          ; |top|dcj11_sram_2kb_hello_core:core|Kl11Lite:kl11|Queue64_UInt8:txQueue                                                                                                                                                                                                                                                                         ; Queue64_UInt8                     ; work         ;
;             |ram_64x8:ram_ext|                                                                                                          ; 21 (21)     ; 21 (21)                   ; 0 (0)         ; 512         ; 1    ; 0            ; 0       ; 0         ; 0    ; 0            ; 0 (0)        ; 3 (3)             ; 18 (18)          ; |top|dcj11_sram_2kb_hello_core:core|Kl11Lite:kl11|Queue64_UInt8:txQueue|ram_64x8:ram_ext                                                                                                                                                                                                                                                        ; ram_64x8                          ; work         ;
;                |altsyncram:Memory_rtl_0|                                                                                                ; 0 (0)       ; 0 (0)                     ; 0 (0)         ; 512         ; 1    ; 0            ; 0       ; 0         ; 0    ; 0            ; 0 (0)        ; 0 (0)             ; 0 (0)            ; |top|dcj11_sram_2kb_hello_core:core|Kl11Lite:kl11|Queue64_UInt8:txQueue|ram_64x8:ram_ext|altsyncram:Memory_rtl_0                                                                                                                                                                                                                                ; altsyncram                        ; work         ;
;                   |altsyncram_8ac1:auto_generated|                                                                                      ; 0 (0)       ; 0 (0)                     ; 0 (0)         ; 512         ; 1    ; 0            ; 0       ; 0         ; 0    ; 0            ; 0 (0)        ; 0 (0)             ; 0 (0)            ; |top|dcj11_sram_2kb_hello_core:core|Kl11Lite:kl11|Queue64_UInt8:txQueue|ram_64x8:ram_ext|altsyncram:Memory_rtl_0|altsyncram_8ac1:auto_generated                                                                                                                                                                                                 ; altsyncram_8ac1                   ; work         ;
;          |UartRx:rx|                                                                                                                    ; 79 (79)     ; 34 (34)                   ; 0 (0)         ; 0           ; 0    ; 0            ; 0       ; 0         ; 0    ; 0            ; 45 (45)      ; 0 (0)             ; 34 (34)          ; |top|dcj11_sram_2kb_hello_core:core|Kl11Lite:kl11|UartRx:rx                                                                                                                                                                                                                                                                                     ; UartRx                            ; work         ;
;       |UartTx:tx|                                                                                                                       ; 49 (49)     ; 23 (23)                   ; 0 (0)         ; 0           ; 0    ; 0            ; 0       ; 0         ; 0    ; 0            ; 18 (18)      ; 8 (8)             ; 23 (23)          ; |top|dcj11_sram_2kb_hello_core:core|UartTx:tx                                                                                                                                                                                                                                                                                                   ; UartTx                            ; work         ;
;       |sram_dual_x8_bus16:sram_ip|                                                                                                      ; 120 (120)   ; 96 (96)                   ; 0 (0)         ; 0           ; 0    ; 0            ; 0       ; 0         ; 0    ; 0            ; 23 (23)      ; 0 (0)             ; 97 (97)          ; |top|dcj11_sram_2kb_hello_core:core|sram_dual_x8_bus16:sram_ip                                                                                                                                                                                                                                                                                  ; sram_dual_x8_bus16                ; work         ;
;    |sld_hub:auto_hub|                                                                                                                   ; 151 (1)     ; 91 (0)                    ; 0 (0)         ; 0           ; 0    ; 0            ; 0       ; 0         ; 0    ; 0            ; 60 (1)       ; 25 (0)            ; 66 (0)           ; |top|sld_hub:auto_hub                                                                                                                                                                                                                                                                                                                           ; sld_hub                           ; altera_sld   ;
;       |alt_sld_fab_with_jtag_input:\instrumentation_fabric_with_node_gen:fabric_gen_new_way:with_jtag_input_gen:instrumentation_fabric| ; 150 (0)     ; 91 (0)                    ; 0 (0)         ; 0           ; 0    ; 0            ; 0       ; 0         ; 0    ; 0            ; 59 (0)       ; 25 (0)            ; 66 (0)           ; |top|sld_hub:auto_hub|alt_sld_fab_with_jtag_input:\instrumentation_fabric_with_node_gen:fabric_gen_new_way:with_jtag_input_gen:instrumentation_fabric                                                                                                                                                                                           ; alt_sld_fab_with_jtag_input       ; altera_sld   ;
;          |alt_sld_fab:instrumentation_fabric|                                                                                           ; 150 (0)     ; 91 (0)                    ; 0 (0)         ; 0           ; 0    ; 0            ; 0       ; 0         ; 0    ; 0            ; 59 (0)       ; 25 (0)            ; 66 (0)           ; |top|sld_hub:auto_hub|alt_sld_fab_with_jtag_input:\instrumentation_fabric_with_node_gen:fabric_gen_new_way:with_jtag_input_gen:instrumentation_fabric|alt_sld_fab:instrumentation_fabric                                                                                                                                                        ; alt_sld_fab                       ; alt_sld_fab  ;
;             |alt_sld_fab_alt_sld_fab:alt_sld_fab|                                                                                       ; 150 (6)     ; 91 (5)                    ; 0 (0)         ; 0           ; 0    ; 0            ; 0       ; 0         ; 0    ; 0            ; 59 (1)       ; 25 (4)            ; 66 (0)           ; |top|sld_hub:auto_hub|alt_sld_fab_with_jtag_input:\instrumentation_fabric_with_node_gen:fabric_gen_new_way:with_jtag_input_gen:instrumentation_fabric|alt_sld_fab:instrumentation_fabric|alt_sld_fab_alt_sld_fab:alt_sld_fab                                                                                                                    ; alt_sld_fab_alt_sld_fab           ; alt_sld_fab  ;
;                |alt_sld_fab_alt_sld_fab_sldfabric:sldfabric|                                                                            ; 145 (0)     ; 86 (0)                    ; 0 (0)         ; 0           ; 0    ; 0            ; 0       ; 0         ; 0    ; 0            ; 58 (0)       ; 21 (0)            ; 66 (0)           ; |top|sld_hub:auto_hub|alt_sld_fab_with_jtag_input:\instrumentation_fabric_with_node_gen:fabric_gen_new_way:with_jtag_input_gen:instrumentation_fabric|alt_sld_fab:instrumentation_fabric|alt_sld_fab_alt_sld_fab:alt_sld_fab|alt_sld_fab_alt_sld_fab_sldfabric:sldfabric                                                                        ; alt_sld_fab_alt_sld_fab_sldfabric ; alt_sld_fab  ;
;                   |sld_jtag_hub:\jtag_hub_gen:real_sld_jtag_hub|                                                                        ; 145 (104)   ; 86 (58)                   ; 0 (0)         ; 0           ; 0    ; 0            ; 0       ; 0         ; 0    ; 0            ; 58 (45)      ; 21 (20)           ; 66 (40)          ; |top|sld_hub:auto_hub|alt_sld_fab_with_jtag_input:\instrumentation_fabric_with_node_gen:fabric_gen_new_way:with_jtag_input_gen:instrumentation_fabric|alt_sld_fab:instrumentation_fabric|alt_sld_fab_alt_sld_fab:alt_sld_fab|alt_sld_fab_alt_sld_fab_sldfabric:sldfabric|sld_jtag_hub:\jtag_hub_gen:real_sld_jtag_hub                           ; sld_jtag_hub                      ; work         ;
;                      |sld_rom_sr:hub_info_reg|                                                                                          ; 21 (21)     ; 9 (9)                     ; 0 (0)         ; 0           ; 0    ; 0            ; 0       ; 0         ; 0    ; 0            ; 12 (12)      ; 0 (0)             ; 9 (9)            ; |top|sld_hub:auto_hub|alt_sld_fab_with_jtag_input:\instrumentation_fabric_with_node_gen:fabric_gen_new_way:with_jtag_input_gen:instrumentation_fabric|alt_sld_fab:instrumentation_fabric|alt_sld_fab_alt_sld_fab:alt_sld_fab|alt_sld_fab_alt_sld_fab_sldfabric:sldfabric|sld_jtag_hub:\jtag_hub_gen:real_sld_jtag_hub|sld_rom_sr:hub_info_reg   ; sld_rom_sr                        ; work         ;
;                      |sld_shadow_jsm:shadow_jsm|                                                                                        ; 20 (20)     ; 19 (19)                   ; 0 (0)         ; 0           ; 0    ; 0            ; 0       ; 0         ; 0    ; 0            ; 1 (1)        ; 1 (1)             ; 18 (18)          ; |top|sld_hub:auto_hub|alt_sld_fab_with_jtag_input:\instrumentation_fabric_with_node_gen:fabric_gen_new_way:with_jtag_input_gen:instrumentation_fabric|alt_sld_fab:instrumentation_fabric|alt_sld_fab_alt_sld_fab:alt_sld_fab|alt_sld_fab_alt_sld_fab_sldfabric:sldfabric|sld_jtag_hub:\jtag_hub_gen:real_sld_jtag_hub|sld_shadow_jsm:shadow_jsm ; sld_shadow_jsm                    ; altera_sld   ;
;    |sld_signaltap:auto_signaltap_0|                                                                                                     ; 1359 (142)  ; 1210 (140)                ; 0 (0)         ; 286720      ; 35   ; 0            ; 0       ; 0         ; 0    ; 0            ; 149 (2)      ; 760 (140)         ; 450 (0)          ; |top|sld_signaltap:auto_signaltap_0                                                                                                                                                                                                                                                                                                             ; sld_signaltap                     ; work         ;
;       |sld_signaltap_impl:sld_signaltap_body|                                                                                           ; 1217 (0)    ; 1070 (0)                  ; 0 (0)         ; 286720      ; 35   ; 0            ; 0       ; 0         ; 0    ; 0            ; 147 (0)      ; 620 (0)           ; 450 (0)          ; |top|sld_signaltap:auto_signaltap_0|sld_signaltap_impl:sld_signaltap_body                                                                                                                                                                                                                                                                       ; sld_signaltap_impl                ; work         ;
;          |sld_signaltap_implb:sld_signaltap_body|                                                                                       ; 1217 (397)  ; 1070 (364)                ; 0 (0)         ; 286720      ; 35   ; 0            ; 0       ; 0         ; 0    ; 0            ; 147 (32)     ; 620 (309)         ; 450 (57)         ; |top|sld_signaltap:auto_signaltap_0|sld_signaltap_impl:sld_signaltap_body|sld_signaltap_implb:sld_signaltap_body                                                                                                                                                                                                                                ; sld_signaltap_implb               ; work         ;
;             |altdpram:\stp_non_zero_ram_gen:attribute_mem_gen:attribute_mem|                                                            ; 78 (76)     ; 76 (76)                   ; 0 (0)         ; 0           ; 0    ; 0            ; 0       ; 0         ; 0    ; 0            ; 1 (0)        ; 51 (51)           ; 26 (0)           ; |top|sld_signaltap:auto_signaltap_0|sld_signaltap_impl:sld_signaltap_body|sld_signaltap_implb:sld_signaltap_body|altdpram:\stp_non_zero_ram_gen:attribute_mem_gen:attribute_mem                                                                                                                                                                 ; altdpram                          ; work         ;
;                |lpm_decode:wdecoder|                                                                                                    ; 2 (0)       ; 0 (0)                     ; 0 (0)         ; 0           ; 0    ; 0            ; 0       ; 0         ; 0    ; 0            ; 1 (0)        ; 0 (0)             ; 1 (0)            ; |top|sld_signaltap:auto_signaltap_0|sld_signaltap_impl:sld_signaltap_body|sld_signaltap_implb:sld_signaltap_body|altdpram:\stp_non_zero_ram_gen:attribute_mem_gen:attribute_mem|lpm_decode:wdecoder                                                                                                                                             ; lpm_decode                        ; work         ;
;                   |decode_dvf:auto_generated|                                                                                           ; 2 (2)       ; 0 (0)                     ; 0 (0)         ; 0           ; 0    ; 0            ; 0       ; 0         ; 0    ; 0            ; 1 (1)        ; 0 (0)             ; 1 (1)            ; |top|sld_signaltap:auto_signaltap_0|sld_signaltap_impl:sld_signaltap_body|sld_signaltap_implb:sld_signaltap_body|altdpram:\stp_non_zero_ram_gen:attribute_mem_gen:attribute_mem|lpm_decode:wdecoder|decode_dvf:auto_generated                                                                                                                   ; decode_dvf                        ; work         ;
;                |lpm_mux:mux|                                                                                                            ; 25 (0)      ; 0 (0)                     ; 0 (0)         ; 0           ; 0    ; 0            ; 0       ; 0         ; 0    ; 0            ; 0 (0)        ; 0 (0)             ; 25 (0)           ; |top|sld_signaltap:auto_signaltap_0|sld_signaltap_impl:sld_signaltap_body|sld_signaltap_implb:sld_signaltap_body|altdpram:\stp_non_zero_ram_gen:attribute_mem_gen:attribute_mem|lpm_mux:mux                                                                                                                                                     ; lpm_mux                           ; work         ;
;                   |mux_tsc:auto_generated|                                                                                              ; 25 (25)     ; 0 (0)                     ; 0 (0)         ; 0           ; 0    ; 0            ; 0       ; 0         ; 0    ; 0            ; 0 (0)        ; 0 (0)             ; 25 (25)          ; |top|sld_signaltap:auto_signaltap_0|sld_signaltap_impl:sld_signaltap_body|sld_signaltap_implb:sld_signaltap_body|altdpram:\stp_non_zero_ram_gen:attribute_mem_gen:attribute_mem|lpm_mux:mux|mux_tsc:auto_generated                                                                                                                              ; mux_tsc                           ; work         ;
;             |altsyncram:\stp_non_zero_ram_gen:stp_buffer_ram|                                                                           ; 0 (0)       ; 0 (0)                     ; 0 (0)         ; 286720      ; 35   ; 0            ; 0       ; 0         ; 0    ; 0            ; 0 (0)        ; 0 (0)             ; 0 (0)            ; |top|sld_signaltap:auto_signaltap_0|sld_signaltap_impl:sld_signaltap_body|sld_signaltap_implb:sld_signaltap_body|altsyncram:\stp_non_zero_ram_gen:stp_buffer_ram                                                                                                                                                                                ; altsyncram                        ; work         ;
;                |altsyncram_cb24:auto_generated|                                                                                         ; 0 (0)       ; 0 (0)                     ; 0 (0)         ; 286720      ; 35   ; 0            ; 0       ; 0         ; 0    ; 0            ; 0 (0)        ; 0 (0)             ; 0 (0)            ; |top|sld_signaltap:auto_signaltap_0|sld_signaltap_impl:sld_signaltap_body|sld_signaltap_implb:sld_signaltap_body|altsyncram:\stp_non_zero_ram_gen:stp_buffer_ram|altsyncram_cb24:auto_generated                                                                                                                                                 ; altsyncram_cb24                   ; work         ;
;             |lpm_shiftreg:segment_offset_config_deserialize|                                                                            ; 12 (12)     ; 12 (12)                   ; 0 (0)         ; 0           ; 0    ; 0            ; 0       ; 0         ; 0    ; 0            ; 0 (0)        ; 12 (12)           ; 0 (0)            ; |top|sld_signaltap:auto_signaltap_0|sld_signaltap_impl:sld_signaltap_body|sld_signaltap_implb:sld_signaltap_body|lpm_shiftreg:segment_offset_config_deserialize                                                                                                                                                                                 ; lpm_shiftreg                      ; work         ;
;             |lpm_shiftreg:status_register|                                                                                              ; 17 (17)     ; 17 (17)                   ; 0 (0)         ; 0           ; 0    ; 0            ; 0       ; 0         ; 0    ; 0            ; 0 (0)        ; 0 (0)             ; 17 (17)          ; |top|sld_signaltap:auto_signaltap_0|sld_signaltap_impl:sld_signaltap_body|sld_signaltap_implb:sld_signaltap_body|lpm_shiftreg:status_register                                                                                                                                                                                                   ; lpm_shiftreg                      ; work         ;
;             |serial_crc_16:\tdo_crc_gen:tdo_crc_calc|                                                                                   ; 14 (14)     ; 13 (13)                   ; 0 (0)         ; 0           ; 0    ; 0            ; 0       ; 0         ; 0    ; 0            ; 1 (1)        ; 0 (0)             ; 13 (13)          ; |top|sld_signaltap:auto_signaltap_0|sld_signaltap_impl:sld_signaltap_body|sld_signaltap_implb:sld_signaltap_body|serial_crc_16:\tdo_crc_gen:tdo_crc_calc                                                                                                                                                                                        ; serial_crc_16                     ; work         ;
;             |sld_buffer_manager:sld_buffer_manager_inst|                                                                                ; 120 (120)   ; 69 (69)                   ; 0 (0)         ; 0           ; 0    ; 0            ; 0       ; 0         ; 0    ; 0            ; 50 (50)      ; 24 (24)           ; 46 (46)          ; |top|sld_signaltap:auto_signaltap_0|sld_signaltap_impl:sld_signaltap_body|sld_signaltap_implb:sld_signaltap_body|sld_buffer_manager:sld_buffer_manager_inst                                                                                                                                                                                     ; sld_buffer_manager                ; work         ;
;             |sld_ela_control:ela_control|                                                                                               ; 389 (1)     ; 366 (1)                   ; 0 (0)         ; 0           ; 0    ; 0            ; 0       ; 0         ; 0    ; 0            ; 23 (0)       ; 224 (0)           ; 142 (1)          ; |top|sld_signaltap:auto_signaltap_0|sld_signaltap_impl:sld_signaltap_body|sld_signaltap_implb:sld_signaltap_body|sld_ela_control:ela_control                                                                                                                                                                                                    ; sld_ela_control                   ; work         ;
;                |lpm_shiftreg:trigger_config_deserialize|                                                                                ; 4 (4)       ; 4 (4)                     ; 0 (0)         ; 0           ; 0    ; 0            ; 0       ; 0         ; 0    ; 0            ; 0 (0)        ; 4 (4)             ; 0 (0)            ; |top|sld_signaltap:auto_signaltap_0|sld_signaltap_impl:sld_signaltap_body|sld_signaltap_implb:sld_signaltap_body|sld_ela_control:ela_control|lpm_shiftreg:trigger_config_deserialize                                                                                                                                                            ; lpm_shiftreg                      ; work         ;
;                |sld_ela_basic_multi_level_trigger:\basic_multi_level_mbpm_trigger_gen:multi_level_mbpm|                                 ; 350 (0)     ; 350 (0)                   ; 0 (0)         ; 0           ; 0    ; 0            ; 0       ; 0         ; 0    ; 0            ; 0 (0)        ; 210 (0)           ; 140 (0)          ; |top|sld_signaltap:auto_signaltap_0|sld_signaltap_impl:sld_signaltap_body|sld_signaltap_implb:sld_signaltap_body|sld_ela_control:ela_control|sld_ela_basic_multi_level_trigger:\basic_multi_level_mbpm_trigger_gen:multi_level_mbpm                                                                                                             ; sld_ela_basic_multi_level_trigger ; work         ;
;                   |lpm_shiftreg:trigger_condition_deserialize|                                                                          ; 210 (210)   ; 210 (210)                 ; 0 (0)         ; 0           ; 0    ; 0            ; 0       ; 0         ; 0    ; 0            ; 0 (0)        ; 206 (206)         ; 4 (4)            ; |top|sld_signaltap:auto_signaltap_0|sld_signaltap_impl:sld_signaltap_body|sld_signaltap_implb:sld_signaltap_body|sld_ela_control:ela_control|sld_ela_basic_multi_level_trigger:\basic_multi_level_mbpm_trigger_gen:multi_level_mbpm|lpm_shiftreg:trigger_condition_deserialize                                                                  ; lpm_shiftreg                      ; work         ;
;                   |sld_mbpmg:\trigger_modules_gen:0:trigger_match|                                                                      ; 144 (0)     ; 140 (0)                   ; 0 (0)         ; 0           ; 0    ; 0            ; 0       ; 0         ; 0    ; 0            ; 0 (0)        ; 4 (0)             ; 140 (0)          ; |top|sld_signaltap:auto_signaltap_0|sld_signaltap_impl:sld_signaltap_body|sld_signaltap_implb:sld_signaltap_body|sld_ela_control:ela_control|sld_ela_basic_multi_level_trigger:\basic_multi_level_mbpm_trigger_gen:multi_level_mbpm|sld_mbpmg:\trigger_modules_gen:0:trigger_match                                                              ; sld_mbpmg                         ; work         ;
;                      |sld_sbpmg:\gen_sbpmg_pipeline_less_than_two:sm0:0:sm1|                                                            ; 2 (2)       ; 2 (2)                     ; 0 (0)         ; 0           ; 0    ; 0            ; 0       ; 0         ; 0    ; 0            ; 0 (0)        ; 0 (0)             ; 2 (2)            ; |top|sld_signaltap:auto_signaltap_0|sld_signaltap_impl:sld_signaltap_body|sld_signaltap_implb:sld_signaltap_body|sld_ela_control:ela_control|sld_ela_basic_multi_level_trigger:\basic_multi_level_mbpm_trigger_gen:multi_level_mbpm|sld_mbpmg:\trigger_modules_gen:0:trigger_match|sld_sbpmg:\gen_sbpmg_pipeline_less_than_two:sm0:0:sm1        ; sld_sbpmg                         ; work         ;
;                      |sld_sbpmg:\gen_sbpmg_pipeline_less_than_two:sm0:10:sm1|                                                           ; 2 (2)       ; 2 (2)                     ; 0 (0)         ; 0           ; 0    ; 0            ; 0       ; 0         ; 0    ; 0            ; 0 (0)        ; 0 (0)             ; 2 (2)            ; |top|sld_signaltap:auto_signaltap_0|sld_signaltap_impl:sld_signaltap_body|sld_signaltap_implb:sld_signaltap_body|sld_ela_control:ela_control|sld_ela_basic_multi_level_trigger:\basic_multi_level_mbpm_trigger_gen:multi_level_mbpm|sld_mbpmg:\trigger_modules_gen:0:trigger_match|sld_sbpmg:\gen_sbpmg_pipeline_less_than_two:sm0:10:sm1       ; sld_sbpmg                         ; work         ;
;                      |sld_sbpmg:\gen_sbpmg_pipeline_less_than_two:sm0:11:sm1|                                                           ; 2 (2)       ; 2 (2)                     ; 0 (0)         ; 0           ; 0    ; 0            ; 0       ; 0         ; 0    ; 0            ; 0 (0)        ; 0 (0)             ; 2 (2)            ; |top|sld_signaltap:auto_signaltap_0|sld_signaltap_impl:sld_signaltap_body|sld_signaltap_implb:sld_signaltap_body|sld_ela_control:ela_control|sld_ela_basic_multi_level_trigger:\basic_multi_level_mbpm_trigger_gen:multi_level_mbpm|sld_mbpmg:\trigger_modules_gen:0:trigger_match|sld_sbpmg:\gen_sbpmg_pipeline_less_than_two:sm0:11:sm1       ; sld_sbpmg                         ; work         ;
;                      |sld_sbpmg:\gen_sbpmg_pipeline_less_than_two:sm0:12:sm1|                                                           ; 2 (2)       ; 2 (2)                     ; 0 (0)         ; 0           ; 0    ; 0            ; 0       ; 0         ; 0    ; 0            ; 0 (0)        ; 0 (0)             ; 2 (2)            ; |top|sld_signaltap:auto_signaltap_0|sld_signaltap_impl:sld_signaltap_body|sld_signaltap_implb:sld_signaltap_body|sld_ela_control:ela_control|sld_ela_basic_multi_level_trigger:\basic_multi_level_mbpm_trigger_gen:multi_level_mbpm|sld_mbpmg:\trigger_modules_gen:0:trigger_match|sld_sbpmg:\gen_sbpmg_pipeline_less_than_two:sm0:12:sm1       ; sld_sbpmg                         ; work         ;
;                      |sld_sbpmg:\gen_sbpmg_pipeline_less_than_two:sm0:13:sm1|                                                           ; 2 (2)       ; 2 (2)                     ; 0 (0)         ; 0           ; 0    ; 0            ; 0       ; 0         ; 0    ; 0            ; 0 (0)        ; 0 (0)             ; 2 (2)            ; |top|sld_signaltap:auto_signaltap_0|sld_signaltap_impl:sld_signaltap_body|sld_signaltap_implb:sld_signaltap_body|sld_ela_control:ela_control|sld_ela_basic_multi_level_trigger:\basic_multi_level_mbpm_trigger_gen:multi_level_mbpm|sld_mbpmg:\trigger_modules_gen:0:trigger_match|sld_sbpmg:\gen_sbpmg_pipeline_less_than_two:sm0:13:sm1       ; sld_sbpmg                         ; work         ;
;                      |sld_sbpmg:\gen_sbpmg_pipeline_less_than_two:sm0:14:sm1|                                                           ; 2 (2)       ; 2 (2)                     ; 0 (0)         ; 0           ; 0    ; 0            ; 0       ; 0         ; 0    ; 0            ; 0 (0)        ; 0 (0)             ; 2 (2)            ; |top|sld_signaltap:auto_signaltap_0|sld_signaltap_impl:sld_signaltap_body|sld_signaltap_implb:sld_signaltap_body|sld_ela_control:ela_control|sld_ela_basic_multi_level_trigger:\basic_multi_level_mbpm_trigger_gen:multi_level_mbpm|sld_mbpmg:\trigger_modules_gen:0:trigger_match|sld_sbpmg:\gen_sbpmg_pipeline_less_than_two:sm0:14:sm1       ; sld_sbpmg                         ; work         ;
;                      |sld_sbpmg:\gen_sbpmg_pipeline_less_than_two:sm0:15:sm1|                                                           ; 2 (2)       ; 2 (2)                     ; 0 (0)         ; 0           ; 0    ; 0            ; 0       ; 0         ; 0    ; 0            ; 0 (0)        ; 0 (0)             ; 2 (2)            ; |top|sld_signaltap:auto_signaltap_0|sld_signaltap_impl:sld_signaltap_body|sld_signaltap_implb:sld_signaltap_body|sld_ela_control:ela_control|sld_ela_basic_multi_level_trigger:\basic_multi_level_mbpm_trigger_gen:multi_level_mbpm|sld_mbpmg:\trigger_modules_gen:0:trigger_match|sld_sbpmg:\gen_sbpmg_pipeline_less_than_two:sm0:15:sm1       ; sld_sbpmg                         ; work         ;
;                      |sld_sbpmg:\gen_sbpmg_pipeline_less_than_two:sm0:16:sm1|                                                           ; 2 (2)       ; 2 (2)                     ; 0 (0)         ; 0           ; 0    ; 0            ; 0       ; 0         ; 0    ; 0            ; 0 (0)        ; 0 (0)             ; 2 (2)            ; |top|sld_signaltap:auto_signaltap_0|sld_signaltap_impl:sld_signaltap_body|sld_signaltap_implb:sld_signaltap_body|sld_ela_control:ela_control|sld_ela_basic_multi_level_trigger:\basic_multi_level_mbpm_trigger_gen:multi_level_mbpm|sld_mbpmg:\trigger_modules_gen:0:trigger_match|sld_sbpmg:\gen_sbpmg_pipeline_less_than_two:sm0:16:sm1       ; sld_sbpmg                         ; work         ;
;                      |sld_sbpmg:\gen_sbpmg_pipeline_less_than_two:sm0:17:sm1|                                                           ; 2 (2)       ; 2 (2)                     ; 0 (0)         ; 0           ; 0    ; 0            ; 0       ; 0         ; 0    ; 0            ; 0 (0)        ; 0 (0)             ; 2 (2)            ; |top|sld_signaltap:auto_signaltap_0|sld_signaltap_impl:sld_signaltap_body|sld_signaltap_implb:sld_signaltap_body|sld_ela_control:ela_control|sld_ela_basic_multi_level_trigger:\basic_multi_level_mbpm_trigger_gen:multi_level_mbpm|sld_mbpmg:\trigger_modules_gen:0:trigger_match|sld_sbpmg:\gen_sbpmg_pipeline_less_than_two:sm0:17:sm1       ; sld_sbpmg                         ; work         ;
;                      |sld_sbpmg:\gen_sbpmg_pipeline_less_than_two:sm0:18:sm1|                                                           ; 2 (2)       ; 2 (2)                     ; 0 (0)         ; 0           ; 0    ; 0            ; 0       ; 0         ; 0    ; 0            ; 0 (0)        ; 0 (0)             ; 2 (2)            ; |top|sld_signaltap:auto_signaltap_0|sld_signaltap_impl:sld_signaltap_body|sld_signaltap_implb:sld_signaltap_body|sld_ela_control:ela_control|sld_ela_basic_multi_level_trigger:\basic_multi_level_mbpm_trigger_gen:multi_level_mbpm|sld_mbpmg:\trigger_modules_gen:0:trigger_match|sld_sbpmg:\gen_sbpmg_pipeline_less_than_two:sm0:18:sm1       ; sld_sbpmg                         ; work         ;
;                      |sld_sbpmg:\gen_sbpmg_pipeline_less_than_two:sm0:19:sm1|                                                           ; 2 (2)       ; 2 (2)                     ; 0 (0)         ; 0           ; 0    ; 0            ; 0       ; 0         ; 0    ; 0            ; 0 (0)        ; 0 (0)             ; 2 (2)            ; |top|sld_signaltap:auto_signaltap_0|sld_signaltap_impl:sld_signaltap_body|sld_signaltap_implb:sld_signaltap_body|sld_ela_control:ela_control|sld_ela_basic_multi_level_trigger:\basic_multi_level_mbpm_trigger_gen:multi_level_mbpm|sld_mbpmg:\trigger_modules_gen:0:trigger_match|sld_sbpmg:\gen_sbpmg_pipeline_less_than_two:sm0:19:sm1       ; sld_sbpmg                         ; work         ;
;                      |sld_sbpmg:\gen_sbpmg_pipeline_less_than_two:sm0:1:sm1|                                                            ; 2 (2)       ; 2 (2)                     ; 0 (0)         ; 0           ; 0    ; 0            ; 0       ; 0         ; 0    ; 0            ; 0 (0)        ; 0 (0)             ; 2 (2)            ; |top|sld_signaltap:auto_signaltap_0|sld_signaltap_impl:sld_signaltap_body|sld_signaltap_implb:sld_signaltap_body|sld_ela_control:ela_control|sld_ela_basic_multi_level_trigger:\basic_multi_level_mbpm_trigger_gen:multi_level_mbpm|sld_mbpmg:\trigger_modules_gen:0:trigger_match|sld_sbpmg:\gen_sbpmg_pipeline_less_than_two:sm0:1:sm1        ; sld_sbpmg                         ; work         ;
;                      |sld_sbpmg:\gen_sbpmg_pipeline_less_than_two:sm0:20:sm1|                                                           ; 2 (2)       ; 2 (2)                     ; 0 (0)         ; 0           ; 0    ; 0            ; 0       ; 0         ; 0    ; 0            ; 0 (0)        ; 0 (0)             ; 2 (2)            ; |top|sld_signaltap:auto_signaltap_0|sld_signaltap_impl:sld_signaltap_body|sld_signaltap_implb:sld_signaltap_body|sld_ela_control:ela_control|sld_ela_basic_multi_level_trigger:\basic_multi_level_mbpm_trigger_gen:multi_level_mbpm|sld_mbpmg:\trigger_modules_gen:0:trigger_match|sld_sbpmg:\gen_sbpmg_pipeline_less_than_two:sm0:20:sm1       ; sld_sbpmg                         ; work         ;
;                      |sld_sbpmg:\gen_sbpmg_pipeline_less_than_two:sm0:21:sm1|                                                           ; 3 (3)       ; 2 (2)                     ; 0 (0)         ; 0           ; 0    ; 0            ; 0       ; 0         ; 0    ; 0            ; 0 (0)        ; 1 (1)             ; 2 (2)            ; |top|sld_signaltap:auto_signaltap_0|sld_signaltap_impl:sld_signaltap_body|sld_signaltap_implb:sld_signaltap_body|sld_ela_control:ela_control|sld_ela_basic_multi_level_trigger:\basic_multi_level_mbpm_trigger_gen:multi_level_mbpm|sld_mbpmg:\trigger_modules_gen:0:trigger_match|sld_sbpmg:\gen_sbpmg_pipeline_less_than_two:sm0:21:sm1       ; sld_sbpmg                         ; work         ;
;                      |sld_sbpmg:\gen_sbpmg_pipeline_less_than_two:sm0:22:sm1|                                                           ; 2 (2)       ; 2 (2)                     ; 0 (0)         ; 0           ; 0    ; 0            ; 0       ; 0         ; 0    ; 0            ; 0 (0)        ; 0 (0)             ; 2 (2)            ; |top|sld_signaltap:auto_signaltap_0|sld_signaltap_impl:sld_signaltap_body|sld_signaltap_implb:sld_signaltap_body|sld_ela_control:ela_control|sld_ela_basic_multi_level_trigger:\basic_multi_level_mbpm_trigger_gen:multi_level_mbpm|sld_mbpmg:\trigger_modules_gen:0:trigger_match|sld_sbpmg:\gen_sbpmg_pipeline_less_than_two:sm0:22:sm1       ; sld_sbpmg                         ; work         ;
;                      |sld_sbpmg:\gen_sbpmg_pipeline_less_than_two:sm0:23:sm1|                                                           ; 2 (2)       ; 2 (2)                     ; 0 (0)         ; 0           ; 0    ; 0            ; 0       ; 0         ; 0    ; 0            ; 0 (0)        ; 0 (0)             ; 2 (2)            ; |top|sld_signaltap:auto_signaltap_0|sld_signaltap_impl:sld_signaltap_body|sld_signaltap_implb:sld_signaltap_body|sld_ela_control:ela_control|sld_ela_basic_multi_level_trigger:\basic_multi_level_mbpm_trigger_gen:multi_level_mbpm|sld_mbpmg:\trigger_modules_gen:0:trigger_match|sld_sbpmg:\gen_sbpmg_pipeline_less_than_two:sm0:23:sm1       ; sld_sbpmg                         ; work         ;
;                      |sld_sbpmg:\gen_sbpmg_pipeline_less_than_two:sm0:24:sm1|                                                           ; 2 (2)       ; 2 (2)                     ; 0 (0)         ; 0           ; 0    ; 0            ; 0       ; 0         ; 0    ; 0            ; 0 (0)        ; 0 (0)             ; 2 (2)            ; |top|sld_signaltap:auto_signaltap_0|sld_signaltap_impl:sld_signaltap_body|sld_signaltap_implb:sld_signaltap_body|sld_ela_control:ela_control|sld_ela_basic_multi_level_trigger:\basic_multi_level_mbpm_trigger_gen:multi_level_mbpm|sld_mbpmg:\trigger_modules_gen:0:trigger_match|sld_sbpmg:\gen_sbpmg_pipeline_less_than_two:sm0:24:sm1       ; sld_sbpmg                         ; work         ;
;                      |sld_sbpmg:\gen_sbpmg_pipeline_less_than_two:sm0:25:sm1|                                                           ; 2 (2)       ; 2 (2)                     ; 0 (0)         ; 0           ; 0    ; 0            ; 0       ; 0         ; 0    ; 0            ; 0 (0)        ; 0 (0)             ; 2 (2)            ; |top|sld_signaltap:auto_signaltap_0|sld_signaltap_impl:sld_signaltap_body|sld_signaltap_implb:sld_signaltap_body|sld_ela_control:ela_control|sld_ela_basic_multi_level_trigger:\basic_multi_level_mbpm_trigger_gen:multi_level_mbpm|sld_mbpmg:\trigger_modules_gen:0:trigger_match|sld_sbpmg:\gen_sbpmg_pipeline_less_than_two:sm0:25:sm1       ; sld_sbpmg                         ; work         ;
;                      |sld_sbpmg:\gen_sbpmg_pipeline_less_than_two:sm0:26:sm1|                                                           ; 2 (2)       ; 2 (2)                     ; 0 (0)         ; 0           ; 0    ; 0            ; 0       ; 0         ; 0    ; 0            ; 0 (0)        ; 0 (0)             ; 2 (2)            ; |top|sld_signaltap:auto_signaltap_0|sld_signaltap_impl:sld_signaltap_body|sld_signaltap_implb:sld_signaltap_body|sld_ela_control:ela_control|sld_ela_basic_multi_level_trigger:\basic_multi_level_mbpm_trigger_gen:multi_level_mbpm|sld_mbpmg:\trigger_modules_gen:0:trigger_match|sld_sbpmg:\gen_sbpmg_pipeline_less_than_two:sm0:26:sm1       ; sld_sbpmg                         ; work         ;
;                      |sld_sbpmg:\gen_sbpmg_pipeline_less_than_two:sm0:27:sm1|                                                           ; 2 (2)       ; 2 (2)                     ; 0 (0)         ; 0           ; 0    ; 0            ; 0       ; 0         ; 0    ; 0            ; 0 (0)        ; 0 (0)             ; 2 (2)            ; |top|sld_signaltap:auto_signaltap_0|sld_signaltap_impl:sld_signaltap_body|sld_signaltap_implb:sld_signaltap_body|sld_ela_control:ela_control|sld_ela_basic_multi_level_trigger:\basic_multi_level_mbpm_trigger_gen:multi_level_mbpm|sld_mbpmg:\trigger_modules_gen:0:trigger_match|sld_sbpmg:\gen_sbpmg_pipeline_less_than_two:sm0:27:sm1       ; sld_sbpmg                         ; work         ;
;                      |sld_sbpmg:\gen_sbpmg_pipeline_less_than_two:sm0:28:sm1|                                                           ; 2 (2)       ; 2 (2)                     ; 0 (0)         ; 0           ; 0    ; 0            ; 0       ; 0         ; 0    ; 0            ; 0 (0)        ; 0 (0)             ; 2 (2)            ; |top|sld_signaltap:auto_signaltap_0|sld_signaltap_impl:sld_signaltap_body|sld_signaltap_implb:sld_signaltap_body|sld_ela_control:ela_control|sld_ela_basic_multi_level_trigger:\basic_multi_level_mbpm_trigger_gen:multi_level_mbpm|sld_mbpmg:\trigger_modules_gen:0:trigger_match|sld_sbpmg:\gen_sbpmg_pipeline_less_than_two:sm0:28:sm1       ; sld_sbpmg                         ; work         ;
;                      |sld_sbpmg:\gen_sbpmg_pipeline_less_than_two:sm0:29:sm1|                                                           ; 2 (2)       ; 2 (2)                     ; 0 (0)         ; 0           ; 0    ; 0            ; 0       ; 0         ; 0    ; 0            ; 0 (0)        ; 0 (0)             ; 2 (2)            ; |top|sld_signaltap:auto_signaltap_0|sld_signaltap_impl:sld_signaltap_body|sld_signaltap_implb:sld_signaltap_body|sld_ela_control:ela_control|sld_ela_basic_multi_level_trigger:\basic_multi_level_mbpm_trigger_gen:multi_level_mbpm|sld_mbpmg:\trigger_modules_gen:0:trigger_match|sld_sbpmg:\gen_sbpmg_pipeline_less_than_two:sm0:29:sm1       ; sld_sbpmg                         ; work         ;
;                      |sld_sbpmg:\gen_sbpmg_pipeline_less_than_two:sm0:2:sm1|                                                            ; 2 (2)       ; 2 (2)                     ; 0 (0)         ; 0           ; 0    ; 0            ; 0       ; 0         ; 0    ; 0            ; 0 (0)        ; 0 (0)             ; 2 (2)            ; |top|sld_signaltap:auto_signaltap_0|sld_signaltap_impl:sld_signaltap_body|sld_signaltap_implb:sld_signaltap_body|sld_ela_control:ela_control|sld_ela_basic_multi_level_trigger:\basic_multi_level_mbpm_trigger_gen:multi_level_mbpm|sld_mbpmg:\trigger_modules_gen:0:trigger_match|sld_sbpmg:\gen_sbpmg_pipeline_less_than_two:sm0:2:sm1        ; sld_sbpmg                         ; work         ;
;                      |sld_sbpmg:\gen_sbpmg_pipeline_less_than_two:sm0:30:sm1|                                                           ; 2 (2)       ; 2 (2)                     ; 0 (0)         ; 0           ; 0    ; 0            ; 0       ; 0         ; 0    ; 0            ; 0 (0)        ; 0 (0)             ; 2 (2)            ; |top|sld_signaltap:auto_signaltap_0|sld_signaltap_impl:sld_signaltap_body|sld_signaltap_implb:sld_signaltap_body|sld_ela_control:ela_control|sld_ela_basic_multi_level_trigger:\basic_multi_level_mbpm_trigger_gen:multi_level_mbpm|sld_mbpmg:\trigger_modules_gen:0:trigger_match|sld_sbpmg:\gen_sbpmg_pipeline_less_than_two:sm0:30:sm1       ; sld_sbpmg                         ; work         ;
;                      |sld_sbpmg:\gen_sbpmg_pipeline_less_than_two:sm0:31:sm1|                                                           ; 2 (2)       ; 2 (2)                     ; 0 (0)         ; 0           ; 0    ; 0            ; 0       ; 0         ; 0    ; 0            ; 0 (0)        ; 0 (0)             ; 2 (2)            ; |top|sld_signaltap:auto_signaltap_0|sld_signaltap_impl:sld_signaltap_body|sld_signaltap_implb:sld_signaltap_body|sld_ela_control:ela_control|sld_ela_basic_multi_level_trigger:\basic_multi_level_mbpm_trigger_gen:multi_level_mbpm|sld_mbpmg:\trigger_modules_gen:0:trigger_match|sld_sbpmg:\gen_sbpmg_pipeline_less_than_two:sm0:31:sm1       ; sld_sbpmg                         ; work         ;
;                      |sld_sbpmg:\gen_sbpmg_pipeline_less_than_two:sm0:32:sm1|                                                           ; 2 (2)       ; 2 (2)                     ; 0 (0)         ; 0           ; 0    ; 0            ; 0       ; 0         ; 0    ; 0            ; 0 (0)        ; 0 (0)             ; 2 (2)            ; |top|sld_signaltap:auto_signaltap_0|sld_signaltap_impl:sld_signaltap_body|sld_signaltap_implb:sld_signaltap_body|sld_ela_control:ela_control|sld_ela_basic_multi_level_trigger:\basic_multi_level_mbpm_trigger_gen:multi_level_mbpm|sld_mbpmg:\trigger_modules_gen:0:trigger_match|sld_sbpmg:\gen_sbpmg_pipeline_less_than_two:sm0:32:sm1       ; sld_sbpmg                         ; work         ;
;                      |sld_sbpmg:\gen_sbpmg_pipeline_less_than_two:sm0:33:sm1|                                                           ; 2 (2)       ; 2 (2)                     ; 0 (0)         ; 0           ; 0    ; 0            ; 0       ; 0         ; 0    ; 0            ; 0 (0)        ; 0 (0)             ; 2 (2)            ; |top|sld_signaltap:auto_signaltap_0|sld_signaltap_impl:sld_signaltap_body|sld_signaltap_implb:sld_signaltap_body|sld_ela_control:ela_control|sld_ela_basic_multi_level_trigger:\basic_multi_level_mbpm_trigger_gen:multi_level_mbpm|sld_mbpmg:\trigger_modules_gen:0:trigger_match|sld_sbpmg:\gen_sbpmg_pipeline_less_than_two:sm0:33:sm1       ; sld_sbpmg                         ; work         ;
;                      |sld_sbpmg:\gen_sbpmg_pipeline_less_than_two:sm0:34:sm1|                                                           ; 2 (2)       ; 2 (2)                     ; 0 (0)         ; 0           ; 0    ; 0            ; 0       ; 0         ; 0    ; 0            ; 0 (0)        ; 0 (0)             ; 2 (2)            ; |top|sld_signaltap:auto_signaltap_0|sld_signaltap_impl:sld_signaltap_body|sld_signaltap_implb:sld_signaltap_body|sld_ela_control:ela_control|sld_ela_basic_multi_level_trigger:\basic_multi_level_mbpm_trigger_gen:multi_level_mbpm|sld_mbpmg:\trigger_modules_gen:0:trigger_match|sld_sbpmg:\gen_sbpmg_pipeline_less_than_two:sm0:34:sm1       ; sld_sbpmg                         ; work         ;
;                      |sld_sbpmg:\gen_sbpmg_pipeline_less_than_two:sm0:35:sm1|                                                           ; 2 (2)       ; 2 (2)                     ; 0 (0)         ; 0           ; 0    ; 0            ; 0       ; 0         ; 0    ; 0            ; 0 (0)        ; 0 (0)             ; 2 (2)            ; |top|sld_signaltap:auto_signaltap_0|sld_signaltap_impl:sld_signaltap_body|sld_signaltap_implb:sld_signaltap_body|sld_ela_control:ela_control|sld_ela_basic_multi_level_trigger:\basic_multi_level_mbpm_trigger_gen:multi_level_mbpm|sld_mbpmg:\trigger_modules_gen:0:trigger_match|sld_sbpmg:\gen_sbpmg_pipeline_less_than_two:sm0:35:sm1       ; sld_sbpmg                         ; work         ;
;                      |sld_sbpmg:\gen_sbpmg_pipeline_less_than_two:sm0:36:sm1|                                                           ; 2 (2)       ; 2 (2)                     ; 0 (0)         ; 0           ; 0    ; 0            ; 0       ; 0         ; 0    ; 0            ; 0 (0)        ; 0 (0)             ; 2 (2)            ; |top|sld_signaltap:auto_signaltap_0|sld_signaltap_impl:sld_signaltap_body|sld_signaltap_implb:sld_signaltap_body|sld_ela_control:ela_control|sld_ela_basic_multi_level_trigger:\basic_multi_level_mbpm_trigger_gen:multi_level_mbpm|sld_mbpmg:\trigger_modules_gen:0:trigger_match|sld_sbpmg:\gen_sbpmg_pipeline_less_than_two:sm0:36:sm1       ; sld_sbpmg                         ; work         ;
;                      |sld_sbpmg:\gen_sbpmg_pipeline_less_than_two:sm0:37:sm1|                                                           ; 3 (3)       ; 2 (2)                     ; 0 (0)         ; 0           ; 0    ; 0            ; 0       ; 0         ; 0    ; 0            ; 0 (0)        ; 1 (1)             ; 2 (2)            ; |top|sld_signaltap:auto_signaltap_0|sld_signaltap_impl:sld_signaltap_body|sld_signaltap_implb:sld_signaltap_body|sld_ela_control:ela_control|sld_ela_basic_multi_level_trigger:\basic_multi_level_mbpm_trigger_gen:multi_level_mbpm|sld_mbpmg:\trigger_modules_gen:0:trigger_match|sld_sbpmg:\gen_sbpmg_pipeline_less_than_two:sm0:37:sm1       ; sld_sbpmg                         ; work         ;
;                      |sld_sbpmg:\gen_sbpmg_pipeline_less_than_two:sm0:38:sm1|                                                           ; 2 (2)       ; 2 (2)                     ; 0 (0)         ; 0           ; 0    ; 0            ; 0       ; 0         ; 0    ; 0            ; 0 (0)        ; 0 (0)             ; 2 (2)            ; |top|sld_signaltap:auto_signaltap_0|sld_signaltap_impl:sld_signaltap_body|sld_signaltap_implb:sld_signaltap_body|sld_ela_control:ela_control|sld_ela_basic_multi_level_trigger:\basic_multi_level_mbpm_trigger_gen:multi_level_mbpm|sld_mbpmg:\trigger_modules_gen:0:trigger_match|sld_sbpmg:\gen_sbpmg_pipeline_less_than_two:sm0:38:sm1       ; sld_sbpmg                         ; work         ;
;                      |sld_sbpmg:\gen_sbpmg_pipeline_less_than_two:sm0:39:sm1|                                                           ; 2 (2)       ; 2 (2)                     ; 0 (0)         ; 0           ; 0    ; 0            ; 0       ; 0         ; 0    ; 0            ; 0 (0)        ; 0 (0)             ; 2 (2)            ; |top|sld_signaltap:auto_signaltap_0|sld_signaltap_impl:sld_signaltap_body|sld_signaltap_implb:sld_signaltap_body|sld_ela_control:ela_control|sld_ela_basic_multi_level_trigger:\basic_multi_level_mbpm_trigger_gen:multi_level_mbpm|sld_mbpmg:\trigger_modules_gen:0:trigger_match|sld_sbpmg:\gen_sbpmg_pipeline_less_than_two:sm0:39:sm1       ; sld_sbpmg                         ; work         ;
;                      |sld_sbpmg:\gen_sbpmg_pipeline_less_than_two:sm0:3:sm1|                                                            ; 2 (2)       ; 2 (2)                     ; 0 (0)         ; 0           ; 0    ; 0            ; 0       ; 0         ; 0    ; 0            ; 0 (0)        ; 0 (0)             ; 2 (2)            ; |top|sld_signaltap:auto_signaltap_0|sld_signaltap_impl:sld_signaltap_body|sld_signaltap_implb:sld_signaltap_body|sld_ela_control:ela_control|sld_ela_basic_multi_level_trigger:\basic_multi_level_mbpm_trigger_gen:multi_level_mbpm|sld_mbpmg:\trigger_modules_gen:0:trigger_match|sld_sbpmg:\gen_sbpmg_pipeline_less_than_two:sm0:3:sm1        ; sld_sbpmg                         ; work         ;
;                      |sld_sbpmg:\gen_sbpmg_pipeline_less_than_two:sm0:40:sm1|                                                           ; 2 (2)       ; 2 (2)                     ; 0 (0)         ; 0           ; 0    ; 0            ; 0       ; 0         ; 0    ; 0            ; 0 (0)        ; 0 (0)             ; 2 (2)            ; |top|sld_signaltap:auto_signaltap_0|sld_signaltap_impl:sld_signaltap_body|sld_signaltap_implb:sld_signaltap_body|sld_ela_control:ela_control|sld_ela_basic_multi_level_trigger:\basic_multi_level_mbpm_trigger_gen:multi_level_mbpm|sld_mbpmg:\trigger_modules_gen:0:trigger_match|sld_sbpmg:\gen_sbpmg_pipeline_less_than_two:sm0:40:sm1       ; sld_sbpmg                         ; work         ;
;                      |sld_sbpmg:\gen_sbpmg_pipeline_less_than_two:sm0:41:sm1|                                                           ; 2 (2)       ; 2 (2)                     ; 0 (0)         ; 0           ; 0    ; 0            ; 0       ; 0         ; 0    ; 0            ; 0 (0)        ; 0 (0)             ; 2 (2)            ; |top|sld_signaltap:auto_signaltap_0|sld_signaltap_impl:sld_signaltap_body|sld_signaltap_implb:sld_signaltap_body|sld_ela_control:ela_control|sld_ela_basic_multi_level_trigger:\basic_multi_level_mbpm_trigger_gen:multi_level_mbpm|sld_mbpmg:\trigger_modules_gen:0:trigger_match|sld_sbpmg:\gen_sbpmg_pipeline_less_than_two:sm0:41:sm1       ; sld_sbpmg                         ; work         ;
;                      |sld_sbpmg:\gen_sbpmg_pipeline_less_than_two:sm0:42:sm1|                                                           ; 3 (3)       ; 2 (2)                     ; 0 (0)         ; 0           ; 0    ; 0            ; 0       ; 0         ; 0    ; 0            ; 0 (0)        ; 1 (1)             ; 2 (2)            ; |top|sld_signaltap:auto_signaltap_0|sld_signaltap_impl:sld_signaltap_body|sld_signaltap_implb:sld_signaltap_body|sld_ela_control:ela_control|sld_ela_basic_multi_level_trigger:\basic_multi_level_mbpm_trigger_gen:multi_level_mbpm|sld_mbpmg:\trigger_modules_gen:0:trigger_match|sld_sbpmg:\gen_sbpmg_pipeline_less_than_two:sm0:42:sm1       ; sld_sbpmg                         ; work         ;
;                      |sld_sbpmg:\gen_sbpmg_pipeline_less_than_two:sm0:43:sm1|                                                           ; 2 (2)       ; 2 (2)                     ; 0 (0)         ; 0           ; 0    ; 0            ; 0       ; 0         ; 0    ; 0            ; 0 (0)        ; 0 (0)             ; 2 (2)            ; |top|sld_signaltap:auto_signaltap_0|sld_signaltap_impl:sld_signaltap_body|sld_signaltap_implb:sld_signaltap_body|sld_ela_control:ela_control|sld_ela_basic_multi_level_trigger:\basic_multi_level_mbpm_trigger_gen:multi_level_mbpm|sld_mbpmg:\trigger_modules_gen:0:trigger_match|sld_sbpmg:\gen_sbpmg_pipeline_less_than_two:sm0:43:sm1       ; sld_sbpmg                         ; work         ;
;                      |sld_sbpmg:\gen_sbpmg_pipeline_less_than_two:sm0:44:sm1|                                                           ; 2 (2)       ; 2 (2)                     ; 0 (0)         ; 0           ; 0    ; 0            ; 0       ; 0         ; 0    ; 0            ; 0 (0)        ; 0 (0)             ; 2 (2)            ; |top|sld_signaltap:auto_signaltap_0|sld_signaltap_impl:sld_signaltap_body|sld_signaltap_implb:sld_signaltap_body|sld_ela_control:ela_control|sld_ela_basic_multi_level_trigger:\basic_multi_level_mbpm_trigger_gen:multi_level_mbpm|sld_mbpmg:\trigger_modules_gen:0:trigger_match|sld_sbpmg:\gen_sbpmg_pipeline_less_than_two:sm0:44:sm1       ; sld_sbpmg                         ; work         ;
;                      |sld_sbpmg:\gen_sbpmg_pipeline_less_than_two:sm0:45:sm1|                                                           ; 2 (2)       ; 2 (2)                     ; 0 (0)         ; 0           ; 0    ; 0            ; 0       ; 0         ; 0    ; 0            ; 0 (0)        ; 0 (0)             ; 2 (2)            ; |top|sld_signaltap:auto_signaltap_0|sld_signaltap_impl:sld_signaltap_body|sld_signaltap_implb:sld_signaltap_body|sld_ela_control:ela_control|sld_ela_basic_multi_level_trigger:\basic_multi_level_mbpm_trigger_gen:multi_level_mbpm|sld_mbpmg:\trigger_modules_gen:0:trigger_match|sld_sbpmg:\gen_sbpmg_pipeline_less_than_two:sm0:45:sm1       ; sld_sbpmg                         ; work         ;
;                      |sld_sbpmg:\gen_sbpmg_pipeline_less_than_two:sm0:46:sm1|                                                           ; 2 (2)       ; 2 (2)                     ; 0 (0)         ; 0           ; 0    ; 0            ; 0       ; 0         ; 0    ; 0            ; 0 (0)        ; 0 (0)             ; 2 (2)            ; |top|sld_signaltap:auto_signaltap_0|sld_signaltap_impl:sld_signaltap_body|sld_signaltap_implb:sld_signaltap_body|sld_ela_control:ela_control|sld_ela_basic_multi_level_trigger:\basic_multi_level_mbpm_trigger_gen:multi_level_mbpm|sld_mbpmg:\trigger_modules_gen:0:trigger_match|sld_sbpmg:\gen_sbpmg_pipeline_less_than_two:sm0:46:sm1       ; sld_sbpmg                         ; work         ;
;                      |sld_sbpmg:\gen_sbpmg_pipeline_less_than_two:sm0:47:sm1|                                                           ; 3 (3)       ; 2 (2)                     ; 0 (0)         ; 0           ; 0    ; 0            ; 0       ; 0         ; 0    ; 0            ; 0 (0)        ; 1 (1)             ; 2 (2)            ; |top|sld_signaltap:auto_signaltap_0|sld_signaltap_impl:sld_signaltap_body|sld_signaltap_implb:sld_signaltap_body|sld_ela_control:ela_control|sld_ela_basic_multi_level_trigger:\basic_multi_level_mbpm_trigger_gen:multi_level_mbpm|sld_mbpmg:\trigger_modules_gen:0:trigger_match|sld_sbpmg:\gen_sbpmg_pipeline_less_than_two:sm0:47:sm1       ; sld_sbpmg                         ; work         ;
;                      |sld_sbpmg:\gen_sbpmg_pipeline_less_than_two:sm0:48:sm1|                                                           ; 2 (2)       ; 2 (2)                     ; 0 (0)         ; 0           ; 0    ; 0            ; 0       ; 0         ; 0    ; 0            ; 0 (0)        ; 0 (0)             ; 2 (2)            ; |top|sld_signaltap:auto_signaltap_0|sld_signaltap_impl:sld_signaltap_body|sld_signaltap_implb:sld_signaltap_body|sld_ela_control:ela_control|sld_ela_basic_multi_level_trigger:\basic_multi_level_mbpm_trigger_gen:multi_level_mbpm|sld_mbpmg:\trigger_modules_gen:0:trigger_match|sld_sbpmg:\gen_sbpmg_pipeline_less_than_two:sm0:48:sm1       ; sld_sbpmg                         ; work         ;
;                      |sld_sbpmg:\gen_sbpmg_pipeline_less_than_two:sm0:49:sm1|                                                           ; 2 (2)       ; 2 (2)                     ; 0 (0)         ; 0           ; 0    ; 0            ; 0       ; 0         ; 0    ; 0            ; 0 (0)        ; 0 (0)             ; 2 (2)            ; |top|sld_signaltap:auto_signaltap_0|sld_signaltap_impl:sld_signaltap_body|sld_signaltap_implb:sld_signaltap_body|sld_ela_control:ela_control|sld_ela_basic_multi_level_trigger:\basic_multi_level_mbpm_trigger_gen:multi_level_mbpm|sld_mbpmg:\trigger_modules_gen:0:trigger_match|sld_sbpmg:\gen_sbpmg_pipeline_less_than_two:sm0:49:sm1       ; sld_sbpmg                         ; work         ;
;                      |sld_sbpmg:\gen_sbpmg_pipeline_less_than_two:sm0:4:sm1|                                                            ; 2 (2)       ; 2 (2)                     ; 0 (0)         ; 0           ; 0    ; 0            ; 0       ; 0         ; 0    ; 0            ; 0 (0)        ; 0 (0)             ; 2 (2)            ; |top|sld_signaltap:auto_signaltap_0|sld_signaltap_impl:sld_signaltap_body|sld_signaltap_implb:sld_signaltap_body|sld_ela_control:ela_control|sld_ela_basic_multi_level_trigger:\basic_multi_level_mbpm_trigger_gen:multi_level_mbpm|sld_mbpmg:\trigger_modules_gen:0:trigger_match|sld_sbpmg:\gen_sbpmg_pipeline_less_than_two:sm0:4:sm1        ; sld_sbpmg                         ; work         ;
;                      |sld_sbpmg:\gen_sbpmg_pipeline_less_than_two:sm0:50:sm1|                                                           ; 2 (2)       ; 2 (2)                     ; 0 (0)         ; 0           ; 0    ; 0            ; 0       ; 0         ; 0    ; 0            ; 0 (0)        ; 0 (0)             ; 2 (2)            ; |top|sld_signaltap:auto_signaltap_0|sld_signaltap_impl:sld_signaltap_body|sld_signaltap_implb:sld_signaltap_body|sld_ela_control:ela_control|sld_ela_basic_multi_level_trigger:\basic_multi_level_mbpm_trigger_gen:multi_level_mbpm|sld_mbpmg:\trigger_modules_gen:0:trigger_match|sld_sbpmg:\gen_sbpmg_pipeline_less_than_two:sm0:50:sm1       ; sld_sbpmg                         ; work         ;
;                      |sld_sbpmg:\gen_sbpmg_pipeline_less_than_two:sm0:51:sm1|                                                           ; 2 (2)       ; 2 (2)                     ; 0 (0)         ; 0           ; 0    ; 0            ; 0       ; 0         ; 0    ; 0            ; 0 (0)        ; 0 (0)             ; 2 (2)            ; |top|sld_signaltap:auto_signaltap_0|sld_signaltap_impl:sld_signaltap_body|sld_signaltap_implb:sld_signaltap_body|sld_ela_control:ela_control|sld_ela_basic_multi_level_trigger:\basic_multi_level_mbpm_trigger_gen:multi_level_mbpm|sld_mbpmg:\trigger_modules_gen:0:trigger_match|sld_sbpmg:\gen_sbpmg_pipeline_less_than_two:sm0:51:sm1       ; sld_sbpmg                         ; work         ;
;                      |sld_sbpmg:\gen_sbpmg_pipeline_less_than_two:sm0:52:sm1|                                                           ; 2 (2)       ; 2 (2)                     ; 0 (0)         ; 0           ; 0    ; 0            ; 0       ; 0         ; 0    ; 0            ; 0 (0)        ; 0 (0)             ; 2 (2)            ; |top|sld_signaltap:auto_signaltap_0|sld_signaltap_impl:sld_signaltap_body|sld_signaltap_implb:sld_signaltap_body|sld_ela_control:ela_control|sld_ela_basic_multi_level_trigger:\basic_multi_level_mbpm_trigger_gen:multi_level_mbpm|sld_mbpmg:\trigger_modules_gen:0:trigger_match|sld_sbpmg:\gen_sbpmg_pipeline_less_than_two:sm0:52:sm1       ; sld_sbpmg                         ; work         ;
;                      |sld_sbpmg:\gen_sbpmg_pipeline_less_than_two:sm0:53:sm1|                                                           ; 2 (2)       ; 2 (2)                     ; 0 (0)         ; 0           ; 0    ; 0            ; 0       ; 0         ; 0    ; 0            ; 0 (0)        ; 0 (0)             ; 2 (2)            ; |top|sld_signaltap:auto_signaltap_0|sld_signaltap_impl:sld_signaltap_body|sld_signaltap_implb:sld_signaltap_body|sld_ela_control:ela_control|sld_ela_basic_multi_level_trigger:\basic_multi_level_mbpm_trigger_gen:multi_level_mbpm|sld_mbpmg:\trigger_modules_gen:0:trigger_match|sld_sbpmg:\gen_sbpmg_pipeline_less_than_two:sm0:53:sm1       ; sld_sbpmg                         ; work         ;
;                      |sld_sbpmg:\gen_sbpmg_pipeline_less_than_two:sm0:54:sm1|                                                           ; 2 (2)       ; 2 (2)                     ; 0 (0)         ; 0           ; 0    ; 0            ; 0       ; 0         ; 0    ; 0            ; 0 (0)        ; 0 (0)             ; 2 (2)            ; |top|sld_signaltap:auto_signaltap_0|sld_signaltap_impl:sld_signaltap_body|sld_signaltap_implb:sld_signaltap_body|sld_ela_control:ela_control|sld_ela_basic_multi_level_trigger:\basic_multi_level_mbpm_trigger_gen:multi_level_mbpm|sld_mbpmg:\trigger_modules_gen:0:trigger_match|sld_sbpmg:\gen_sbpmg_pipeline_less_than_two:sm0:54:sm1       ; sld_sbpmg                         ; work         ;
;                      |sld_sbpmg:\gen_sbpmg_pipeline_less_than_two:sm0:55:sm1|                                                           ; 2 (2)       ; 2 (2)                     ; 0 (0)         ; 0           ; 0    ; 0            ; 0       ; 0         ; 0    ; 0            ; 0 (0)        ; 0 (0)             ; 2 (2)            ; |top|sld_signaltap:auto_signaltap_0|sld_signaltap_impl:sld_signaltap_body|sld_signaltap_implb:sld_signaltap_body|sld_ela_control:ela_control|sld_ela_basic_multi_level_trigger:\basic_multi_level_mbpm_trigger_gen:multi_level_mbpm|sld_mbpmg:\trigger_modules_gen:0:trigger_match|sld_sbpmg:\gen_sbpmg_pipeline_less_than_two:sm0:55:sm1       ; sld_sbpmg                         ; work         ;
;                      |sld_sbpmg:\gen_sbpmg_pipeline_less_than_two:sm0:56:sm1|                                                           ; 2 (2)       ; 2 (2)                     ; 0 (0)         ; 0           ; 0    ; 0            ; 0       ; 0         ; 0    ; 0            ; 0 (0)        ; 0 (0)             ; 2 (2)            ; |top|sld_signaltap:auto_signaltap_0|sld_signaltap_impl:sld_signaltap_body|sld_signaltap_implb:sld_signaltap_body|sld_ela_control:ela_control|sld_ela_basic_multi_level_trigger:\basic_multi_level_mbpm_trigger_gen:multi_level_mbpm|sld_mbpmg:\trigger_modules_gen:0:trigger_match|sld_sbpmg:\gen_sbpmg_pipeline_less_than_two:sm0:56:sm1       ; sld_sbpmg                         ; work         ;
;                      |sld_sbpmg:\gen_sbpmg_pipeline_less_than_two:sm0:57:sm1|                                                           ; 2 (2)       ; 2 (2)                     ; 0 (0)         ; 0           ; 0    ; 0            ; 0       ; 0         ; 0    ; 0            ; 0 (0)        ; 0 (0)             ; 2 (2)            ; |top|sld_signaltap:auto_signaltap_0|sld_signaltap_impl:sld_signaltap_body|sld_signaltap_implb:sld_signaltap_body|sld_ela_control:ela_control|sld_ela_basic_multi_level_trigger:\basic_multi_level_mbpm_trigger_gen:multi_level_mbpm|sld_mbpmg:\trigger_modules_gen:0:trigger_match|sld_sbpmg:\gen_sbpmg_pipeline_less_than_two:sm0:57:sm1       ; sld_sbpmg                         ; work         ;
;                      |sld_sbpmg:\gen_sbpmg_pipeline_less_than_two:sm0:58:sm1|                                                           ; 2 (2)       ; 2 (2)                     ; 0 (0)         ; 0           ; 0    ; 0            ; 0       ; 0         ; 0    ; 0            ; 0 (0)        ; 0 (0)             ; 2 (2)            ; |top|sld_signaltap:auto_signaltap_0|sld_signaltap_impl:sld_signaltap_body|sld_signaltap_implb:sld_signaltap_body|sld_ela_control:ela_control|sld_ela_basic_multi_level_trigger:\basic_multi_level_mbpm_trigger_gen:multi_level_mbpm|sld_mbpmg:\trigger_modules_gen:0:trigger_match|sld_sbpmg:\gen_sbpmg_pipeline_less_than_two:sm0:58:sm1       ; sld_sbpmg                         ; work         ;
;                      |sld_sbpmg:\gen_sbpmg_pipeline_less_than_two:sm0:59:sm1|                                                           ; 2 (2)       ; 2 (2)                     ; 0 (0)         ; 0           ; 0    ; 0            ; 0       ; 0         ; 0    ; 0            ; 0 (0)        ; 0 (0)             ; 2 (2)            ; |top|sld_signaltap:auto_signaltap_0|sld_signaltap_impl:sld_signaltap_body|sld_signaltap_implb:sld_signaltap_body|sld_ela_control:ela_control|sld_ela_basic_multi_level_trigger:\basic_multi_level_mbpm_trigger_gen:multi_level_mbpm|sld_mbpmg:\trigger_modules_gen:0:trigger_match|sld_sbpmg:\gen_sbpmg_pipeline_less_than_two:sm0:59:sm1       ; sld_sbpmg                         ; work         ;
;                      |sld_sbpmg:\gen_sbpmg_pipeline_less_than_two:sm0:5:sm1|                                                            ; 2 (2)       ; 2 (2)                     ; 0 (0)         ; 0           ; 0    ; 0            ; 0       ; 0         ; 0    ; 0            ; 0 (0)        ; 0 (0)             ; 2 (2)            ; |top|sld_signaltap:auto_signaltap_0|sld_signaltap_impl:sld_signaltap_body|sld_signaltap_implb:sld_signaltap_body|sld_ela_control:ela_control|sld_ela_basic_multi_level_trigger:\basic_multi_level_mbpm_trigger_gen:multi_level_mbpm|sld_mbpmg:\trigger_modules_gen:0:trigger_match|sld_sbpmg:\gen_sbpmg_pipeline_less_than_two:sm0:5:sm1        ; sld_sbpmg                         ; work         ;
;                      |sld_sbpmg:\gen_sbpmg_pipeline_less_than_two:sm0:60:sm1|                                                           ; 2 (2)       ; 2 (2)                     ; 0 (0)         ; 0           ; 0    ; 0            ; 0       ; 0         ; 0    ; 0            ; 0 (0)        ; 0 (0)             ; 2 (2)            ; |top|sld_signaltap:auto_signaltap_0|sld_signaltap_impl:sld_signaltap_body|sld_signaltap_implb:sld_signaltap_body|sld_ela_control:ela_control|sld_ela_basic_multi_level_trigger:\basic_multi_level_mbpm_trigger_gen:multi_level_mbpm|sld_mbpmg:\trigger_modules_gen:0:trigger_match|sld_sbpmg:\gen_sbpmg_pipeline_less_than_two:sm0:60:sm1       ; sld_sbpmg                         ; work         ;
;                      |sld_sbpmg:\gen_sbpmg_pipeline_less_than_two:sm0:61:sm1|                                                           ; 2 (2)       ; 2 (2)                     ; 0 (0)         ; 0           ; 0    ; 0            ; 0       ; 0         ; 0    ; 0            ; 0 (0)        ; 0 (0)             ; 2 (2)            ; |top|sld_signaltap:auto_signaltap_0|sld_signaltap_impl:sld_signaltap_body|sld_signaltap_implb:sld_signaltap_body|sld_ela_control:ela_control|sld_ela_basic_multi_level_trigger:\basic_multi_level_mbpm_trigger_gen:multi_level_mbpm|sld_mbpmg:\trigger_modules_gen:0:trigger_match|sld_sbpmg:\gen_sbpmg_pipeline_less_than_two:sm0:61:sm1       ; sld_sbpmg                         ; work         ;
;                      |sld_sbpmg:\gen_sbpmg_pipeline_less_than_two:sm0:62:sm1|                                                           ; 2 (2)       ; 2 (2)                     ; 0 (0)         ; 0           ; 0    ; 0            ; 0       ; 0         ; 0    ; 0            ; 0 (0)        ; 0 (0)             ; 2 (2)            ; |top|sld_signaltap:auto_signaltap_0|sld_signaltap_impl:sld_signaltap_body|sld_signaltap_implb:sld_signaltap_body|sld_ela_control:ela_control|sld_ela_basic_multi_level_trigger:\basic_multi_level_mbpm_trigger_gen:multi_level_mbpm|sld_mbpmg:\trigger_modules_gen:0:trigger_match|sld_sbpmg:\gen_sbpmg_pipeline_less_than_two:sm0:62:sm1       ; sld_sbpmg                         ; work         ;
;                      |sld_sbpmg:\gen_sbpmg_pipeline_less_than_two:sm0:63:sm1|                                                           ; 2 (2)       ; 2 (2)                     ; 0 (0)         ; 0           ; 0    ; 0            ; 0       ; 0         ; 0    ; 0            ; 0 (0)        ; 0 (0)             ; 2 (2)            ; |top|sld_signaltap:auto_signaltap_0|sld_signaltap_impl:sld_signaltap_body|sld_signaltap_implb:sld_signaltap_body|sld_ela_control:ela_control|sld_ela_basic_multi_level_trigger:\basic_multi_level_mbpm_trigger_gen:multi_level_mbpm|sld_mbpmg:\trigger_modules_gen:0:trigger_match|sld_sbpmg:\gen_sbpmg_pipeline_less_than_two:sm0:63:sm1       ; sld_sbpmg                         ; work         ;
;                      |sld_sbpmg:\gen_sbpmg_pipeline_less_than_two:sm0:64:sm1|                                                           ; 2 (2)       ; 2 (2)                     ; 0 (0)         ; 0           ; 0    ; 0            ; 0       ; 0         ; 0    ; 0            ; 0 (0)        ; 0 (0)             ; 2 (2)            ; |top|sld_signaltap:auto_signaltap_0|sld_signaltap_impl:sld_signaltap_body|sld_signaltap_implb:sld_signaltap_body|sld_ela_control:ela_control|sld_ela_basic_multi_level_trigger:\basic_multi_level_mbpm_trigger_gen:multi_level_mbpm|sld_mbpmg:\trigger_modules_gen:0:trigger_match|sld_sbpmg:\gen_sbpmg_pipeline_less_than_two:sm0:64:sm1       ; sld_sbpmg                         ; work         ;
;                      |sld_sbpmg:\gen_sbpmg_pipeline_less_than_two:sm0:65:sm1|                                                           ; 2 (2)       ; 2 (2)                     ; 0 (0)         ; 0           ; 0    ; 0            ; 0       ; 0         ; 0    ; 0            ; 0 (0)        ; 0 (0)             ; 2 (2)            ; |top|sld_signaltap:auto_signaltap_0|sld_signaltap_impl:sld_signaltap_body|sld_signaltap_implb:sld_signaltap_body|sld_ela_control:ela_control|sld_ela_basic_multi_level_trigger:\basic_multi_level_mbpm_trigger_gen:multi_level_mbpm|sld_mbpmg:\trigger_modules_gen:0:trigger_match|sld_sbpmg:\gen_sbpmg_pipeline_less_than_two:sm0:65:sm1       ; sld_sbpmg                         ; work         ;
;                      |sld_sbpmg:\gen_sbpmg_pipeline_less_than_two:sm0:66:sm1|                                                           ; 2 (2)       ; 2 (2)                     ; 0 (0)         ; 0           ; 0    ; 0            ; 0       ; 0         ; 0    ; 0            ; 0 (0)        ; 0 (0)             ; 2 (2)            ; |top|sld_signaltap:auto_signaltap_0|sld_signaltap_impl:sld_signaltap_body|sld_signaltap_implb:sld_signaltap_body|sld_ela_control:ela_control|sld_ela_basic_multi_level_trigger:\basic_multi_level_mbpm_trigger_gen:multi_level_mbpm|sld_mbpmg:\trigger_modules_gen:0:trigger_match|sld_sbpmg:\gen_sbpmg_pipeline_less_than_two:sm0:66:sm1       ; sld_sbpmg                         ; work         ;
;                      |sld_sbpmg:\gen_sbpmg_pipeline_less_than_two:sm0:67:sm1|                                                           ; 2 (2)       ; 2 (2)                     ; 0 (0)         ; 0           ; 0    ; 0            ; 0       ; 0         ; 0    ; 0            ; 0 (0)        ; 0 (0)             ; 2 (2)            ; |top|sld_signaltap:auto_signaltap_0|sld_signaltap_impl:sld_signaltap_body|sld_signaltap_implb:sld_signaltap_body|sld_ela_control:ela_control|sld_ela_basic_multi_level_trigger:\basic_multi_level_mbpm_trigger_gen:multi_level_mbpm|sld_mbpmg:\trigger_modules_gen:0:trigger_match|sld_sbpmg:\gen_sbpmg_pipeline_less_than_two:sm0:67:sm1       ; sld_sbpmg                         ; work         ;
;                      |sld_sbpmg:\gen_sbpmg_pipeline_less_than_two:sm0:68:sm1|                                                           ; 2 (2)       ; 2 (2)                     ; 0 (0)         ; 0           ; 0    ; 0            ; 0       ; 0         ; 0    ; 0            ; 0 (0)        ; 0 (0)             ; 2 (2)            ; |top|sld_signaltap:auto_signaltap_0|sld_signaltap_impl:sld_signaltap_body|sld_signaltap_implb:sld_signaltap_body|sld_ela_control:ela_control|sld_ela_basic_multi_level_trigger:\basic_multi_level_mbpm_trigger_gen:multi_level_mbpm|sld_mbpmg:\trigger_modules_gen:0:trigger_match|sld_sbpmg:\gen_sbpmg_pipeline_less_than_two:sm0:68:sm1       ; sld_sbpmg                         ; work         ;
;                      |sld_sbpmg:\gen_sbpmg_pipeline_less_than_two:sm0:69:sm1|                                                           ; 2 (2)       ; 2 (2)                     ; 0 (0)         ; 0           ; 0    ; 0            ; 0       ; 0         ; 0    ; 0            ; 0 (0)        ; 0 (0)             ; 2 (2)            ; |top|sld_signaltap:auto_signaltap_0|sld_signaltap_impl:sld_signaltap_body|sld_signaltap_implb:sld_signaltap_body|sld_ela_control:ela_control|sld_ela_basic_multi_level_trigger:\basic_multi_level_mbpm_trigger_gen:multi_level_mbpm|sld_mbpmg:\trigger_modules_gen:0:trigger_match|sld_sbpmg:\gen_sbpmg_pipeline_less_than_two:sm0:69:sm1       ; sld_sbpmg                         ; work         ;
;                      |sld_sbpmg:\gen_sbpmg_pipeline_less_than_two:sm0:6:sm1|                                                            ; 2 (2)       ; 2 (2)                     ; 0 (0)         ; 0           ; 0    ; 0            ; 0       ; 0         ; 0    ; 0            ; 0 (0)        ; 0 (0)             ; 2 (2)            ; |top|sld_signaltap:auto_signaltap_0|sld_signaltap_impl:sld_signaltap_body|sld_signaltap_implb:sld_signaltap_body|sld_ela_control:ela_control|sld_ela_basic_multi_level_trigger:\basic_multi_level_mbpm_trigger_gen:multi_level_mbpm|sld_mbpmg:\trigger_modules_gen:0:trigger_match|sld_sbpmg:\gen_sbpmg_pipeline_less_than_two:sm0:6:sm1        ; sld_sbpmg                         ; work         ;
;                      |sld_sbpmg:\gen_sbpmg_pipeline_less_than_two:sm0:7:sm1|                                                            ; 2 (2)       ; 2 (2)                     ; 0 (0)         ; 0           ; 0    ; 0            ; 0       ; 0         ; 0    ; 0            ; 0 (0)        ; 0 (0)             ; 2 (2)            ; |top|sld_signaltap:auto_signaltap_0|sld_signaltap_impl:sld_signaltap_body|sld_signaltap_implb:sld_signaltap_body|sld_ela_control:ela_control|sld_ela_basic_multi_level_trigger:\basic_multi_level_mbpm_trigger_gen:multi_level_mbpm|sld_mbpmg:\trigger_modules_gen:0:trigger_match|sld_sbpmg:\gen_sbpmg_pipeline_less_than_two:sm0:7:sm1        ; sld_sbpmg                         ; work         ;
;                      |sld_sbpmg:\gen_sbpmg_pipeline_less_than_two:sm0:8:sm1|                                                            ; 2 (2)       ; 2 (2)                     ; 0 (0)         ; 0           ; 0    ; 0            ; 0       ; 0         ; 0    ; 0            ; 0 (0)        ; 0 (0)             ; 2 (2)            ; |top|sld_signaltap:auto_signaltap_0|sld_signaltap_impl:sld_signaltap_body|sld_signaltap_implb:sld_signaltap_body|sld_ela_control:ela_control|sld_ela_basic_multi_level_trigger:\basic_multi_level_mbpm_trigger_gen:multi_level_mbpm|sld_mbpmg:\trigger_modules_gen:0:trigger_match|sld_sbpmg:\gen_sbpmg_pipeline_less_than_two:sm0:8:sm1        ; sld_sbpmg                         ; work         ;
;                      |sld_sbpmg:\gen_sbpmg_pipeline_less_than_two:sm0:9:sm1|                                                            ; 2 (2)       ; 2 (2)                     ; 0 (0)         ; 0           ; 0    ; 0            ; 0       ; 0         ; 0    ; 0            ; 0 (0)        ; 0 (0)             ; 2 (2)            ; |top|sld_signaltap:auto_signaltap_0|sld_signaltap_impl:sld_signaltap_body|sld_signaltap_implb:sld_signaltap_body|sld_ela_control:ela_control|sld_ela_basic_multi_level_trigger:\basic_multi_level_mbpm_trigger_gen:multi_level_mbpm|sld_mbpmg:\trigger_modules_gen:0:trigger_match|sld_sbpmg:\gen_sbpmg_pipeline_less_than_two:sm0:9:sm1        ; sld_sbpmg                         ; work         ;
;                |sld_ela_trigger_flow_mgr:\builtin:ela_trigger_flow_mgr_entity|                                                          ; 34 (24)     ; 11 (1)                    ; 0 (0)         ; 0           ; 0    ; 0            ; 0       ; 0         ; 0    ; 0            ; 23 (23)      ; 10 (0)            ; 1 (1)            ; |top|sld_signaltap:auto_signaltap_0|sld_signaltap_impl:sld_signaltap_body|sld_signaltap_implb:sld_signaltap_body|sld_ela_control:ela_control|sld_ela_trigger_flow_mgr:\builtin:ela_trigger_flow_mgr_entity                                                                                                                                      ; sld_ela_trigger_flow_mgr          ; work         ;
;                   |lpm_shiftreg:trigger_config_deserialize|                                                                             ; 10 (10)     ; 10 (10)                   ; 0 (0)         ; 0           ; 0    ; 0            ; 0       ; 0         ; 0    ; 0            ; 0 (0)        ; 10 (10)           ; 0 (0)            ; |top|sld_signaltap:auto_signaltap_0|sld_signaltap_impl:sld_signaltap_body|sld_signaltap_implb:sld_signaltap_body|sld_ela_control:ela_control|sld_ela_trigger_flow_mgr:\builtin:ela_trigger_flow_mgr_entity|lpm_shiftreg:trigger_config_deserialize                                                                                              ; lpm_shiftreg                      ; work         ;
;             |sld_offload_buffer_mgr:\stp_non_zero_depth_offload_gen:stp_offload_buff_mgr_inst|                                          ; 163 (10)    ; 145 (0)                   ; 0 (0)         ; 0           ; 0    ; 0            ; 0       ; 0         ; 0    ; 0            ; 18 (10)      ; 0 (0)             ; 145 (0)          ; |top|sld_signaltap:auto_signaltap_0|sld_signaltap_impl:sld_signaltap_body|sld_signaltap_implb:sld_signaltap_body|sld_offload_buffer_mgr:\stp_non_zero_depth_offload_gen:stp_offload_buff_mgr_inst                                                                                                                                               ; sld_offload_buffer_mgr            ; work         ;
;                |lpm_counter:\adv_point_3_and_more:advance_pointer_counter|                                                              ; 9 (0)       ; 7 (0)                     ; 0 (0)         ; 0           ; 0    ; 0            ; 0       ; 0         ; 0    ; 0            ; 2 (0)        ; 0 (0)             ; 7 (0)            ; |top|sld_signaltap:auto_signaltap_0|sld_signaltap_impl:sld_signaltap_body|sld_signaltap_implb:sld_signaltap_body|sld_offload_buffer_mgr:\stp_non_zero_depth_offload_gen:stp_offload_buff_mgr_inst|lpm_counter:\adv_point_3_and_more:advance_pointer_counter                                                                                     ; lpm_counter                       ; work         ;
;                   |cntr_igi:auto_generated|                                                                                             ; 9 (9)       ; 7 (7)                     ; 0 (0)         ; 0           ; 0    ; 0            ; 0       ; 0         ; 0    ; 0            ; 2 (2)        ; 0 (0)             ; 7 (7)            ; |top|sld_signaltap:auto_signaltap_0|sld_signaltap_impl:sld_signaltap_body|sld_signaltap_implb:sld_signaltap_body|sld_offload_buffer_mgr:\stp_non_zero_depth_offload_gen:stp_offload_buff_mgr_inst|lpm_counter:\adv_point_3_and_more:advance_pointer_counter|cntr_igi:auto_generated                                                             ; cntr_igi                          ; work         ;
;                |lpm_counter:read_pointer_counter|                                                                                       ; 12 (0)      ; 12 (0)                    ; 0 (0)         ; 0           ; 0    ; 0            ; 0       ; 0         ; 0    ; 0            ; 0 (0)        ; 0 (0)             ; 12 (0)           ; |top|sld_signaltap:auto_signaltap_0|sld_signaltap_impl:sld_signaltap_body|sld_signaltap_implb:sld_signaltap_body|sld_offload_buffer_mgr:\stp_non_zero_depth_offload_gen:stp_offload_buff_mgr_inst|lpm_counter:read_pointer_counter                                                                                                              ; lpm_counter                       ; work         ;
;                   |cntr_m9j:auto_generated|                                                                                             ; 12 (12)     ; 12 (12)                   ; 0 (0)         ; 0           ; 0    ; 0            ; 0       ; 0         ; 0    ; 0            ; 0 (0)        ; 0 (0)             ; 12 (12)          ; |top|sld_signaltap:auto_signaltap_0|sld_signaltap_impl:sld_signaltap_body|sld_signaltap_implb:sld_signaltap_body|sld_offload_buffer_mgr:\stp_non_zero_depth_offload_gen:stp_offload_buff_mgr_inst|lpm_counter:read_pointer_counter|cntr_m9j:auto_generated                                                                                      ; cntr_m9j                          ; work         ;
;                |lpm_counter:status_advance_pointer_counter|                                                                             ; 7 (0)       ; 5 (0)                     ; 0 (0)         ; 0           ; 0    ; 0            ; 0       ; 0         ; 0    ; 0            ; 2 (0)        ; 0 (0)             ; 5 (0)            ; |top|sld_signaltap:auto_signaltap_0|sld_signaltap_impl:sld_signaltap_body|sld_signaltap_implb:sld_signaltap_body|sld_offload_buffer_mgr:\stp_non_zero_depth_offload_gen:stp_offload_buff_mgr_inst|lpm_counter:status_advance_pointer_counter                                                                                                    ; lpm_counter                       ; work         ;
;                   |cntr_ggi:auto_generated|                                                                                             ; 7 (7)       ; 5 (5)                     ; 0 (0)         ; 0           ; 0    ; 0            ; 0       ; 0         ; 0    ; 0            ; 2 (2)        ; 0 (0)             ; 5 (5)            ; |top|sld_signaltap:auto_signaltap_0|sld_signaltap_impl:sld_signaltap_body|sld_signaltap_implb:sld_signaltap_body|sld_offload_buffer_mgr:\stp_non_zero_depth_offload_gen:stp_offload_buff_mgr_inst|lpm_counter:status_advance_pointer_counter|cntr_ggi:auto_generated                                                                            ; cntr_ggi                          ; work         ;
;                |lpm_counter:status_read_pointer_counter|                                                                                ; 3 (0)       ; 1 (0)                     ; 0 (0)         ; 0           ; 0    ; 0            ; 0       ; 0         ; 0    ; 0            ; 2 (0)        ; 0 (0)             ; 1 (0)            ; |top|sld_signaltap:auto_signaltap_0|sld_signaltap_impl:sld_signaltap_body|sld_signaltap_implb:sld_signaltap_body|sld_offload_buffer_mgr:\stp_non_zero_depth_offload_gen:stp_offload_buff_mgr_inst|lpm_counter:status_read_pointer_counter                                                                                                       ; lpm_counter                       ; work         ;
;                   |cntr_23j:auto_generated|                                                                                             ; 3 (3)       ; 1 (1)                     ; 0 (0)         ; 0           ; 0    ; 0            ; 0       ; 0         ; 0    ; 0            ; 2 (2)        ; 0 (0)             ; 1 (1)            ; |top|sld_signaltap:auto_signaltap_0|sld_signaltap_impl:sld_signaltap_body|sld_signaltap_implb:sld_signaltap_body|sld_offload_buffer_mgr:\stp_non_zero_depth_offload_gen:stp_offload_buff_mgr_inst|lpm_counter:status_read_pointer_counter|cntr_23j:auto_generated                                                                               ; cntr_23j                          ; work         ;
;                |lpm_shiftreg:info_data_shift_out|                                                                                       ; 26 (26)     ; 25 (25)                   ; 0 (0)         ; 0           ; 0    ; 0            ; 0       ; 0         ; 0    ; 0            ; 1 (1)        ; 0 (0)             ; 25 (25)          ; |top|sld_signaltap:auto_signaltap_0|sld_signaltap_impl:sld_signaltap_body|sld_signaltap_implb:sld_signaltap_body|sld_offload_buffer_mgr:\stp_non_zero_depth_offload_gen:stp_offload_buff_mgr_inst|lpm_shiftreg:info_data_shift_out                                                                                                              ; lpm_shiftreg                      ; work         ;
;                |lpm_shiftreg:ram_data_shift_out|                                                                                        ; 70 (70)     ; 70 (70)                   ; 0 (0)         ; 0           ; 0    ; 0            ; 0       ; 0         ; 0    ; 0            ; 0 (0)        ; 0 (0)             ; 70 (70)          ; |top|sld_signaltap:auto_signaltap_0|sld_signaltap_impl:sld_signaltap_body|sld_signaltap_implb:sld_signaltap_body|sld_offload_buffer_mgr:\stp_non_zero_depth_offload_gen:stp_offload_buff_mgr_inst|lpm_shiftreg:ram_data_shift_out                                                                                                               ; lpm_shiftreg                      ; work         ;
;                |lpm_shiftreg:status_data_shift_out|                                                                                     ; 26 (26)     ; 25 (25)                   ; 0 (0)         ; 0           ; 0    ; 0            ; 0       ; 0         ; 0    ; 0            ; 1 (1)        ; 0 (0)             ; 25 (25)          ; |top|sld_signaltap:auto_signaltap_0|sld_signaltap_impl:sld_signaltap_body|sld_signaltap_implb:sld_signaltap_body|sld_offload_buffer_mgr:\stp_non_zero_depth_offload_gen:stp_offload_buff_mgr_inst|lpm_shiftreg:status_data_shift_out                                                                                                            ; lpm_shiftreg                      ; work         ;
;             |sld_rom_sr:crc_rom_sr|                                                                                                     ; 30 (30)     ; 8 (8)                     ; 0 (0)         ; 0           ; 0    ; 0            ; 0       ; 0         ; 0    ; 0            ; 22 (22)      ; 0 (0)             ; 8 (8)            ; |top|sld_signaltap:auto_signaltap_0|sld_signaltap_impl:sld_signaltap_body|sld_signaltap_implb:sld_signaltap_body|sld_rom_sr:crc_rom_sr                                                                                                                                                                                                          ; sld_rom_sr                        ; work         ;
+-----------------------------------------------------------------------------------------------------------------------------------------+-------------+---------------------------+---------------+-------------+------+--------------+---------+-----------+------+--------------+--------------+-------------------+------------------+-------------------------------------------------------------------------------------------------------------------------------------------------------------------------------------------------------------------------------------------------------------------------------------------------------------------------------------------------+-----------------------------------+--------------+
Note: For table entries with two numbers listed, the numbers in parentheses indicate the number of resources of the given type used by the specific entity alone. The numbers listed outside of parentheses indicate the total resources of the given type used by the specific entity and all of its sub-entities in the hierarchy.


+------------------------------------------------------------------------------------------------+
; Delay Chain Summary                                                                            ;
+----------------+----------+---------------+---------------+-----------------------+-----+------+
; Name           ; Pin Type ; Pad to Core 0 ; Pad to Core 1 ; Pad to Input Register ; TCO ; TCOE ;
+----------------+----------+---------------+---------------+-----------------------+-----+------+
; dcj_strb_n     ; Input    ; (6) 1314 ps   ; --            ; --                    ; --  ; --   ;
; dcj_clk2       ; Input    ; (6) 1314 ps   ; --            ; --                    ; --  ; --   ;
; dcj_cont_n     ; Output   ; --            ; --            ; --                    ; --  ; --   ;
; dcj_abort_n    ; Output   ; --            ; --            ; --                    ; --  ; --   ;
; dcj_irq[0]     ; Output   ; --            ; --            ; --                    ; --  ; --   ;
; dcj_irq[1]     ; Output   ; --            ; --            ; --                    ; --  ; --   ;
; dcj_event_n    ; Output   ; --            ; --            ; --                    ; --  ; --   ;
; sram_addr[0]   ; Output   ; --            ; --            ; --                    ; --  ; --   ;
; sram_addr[1]   ; Output   ; --            ; --            ; --                    ; --  ; --   ;
; sram_addr[2]   ; Output   ; --            ; --            ; --                    ; --  ; --   ;
; sram_addr[3]   ; Output   ; --            ; --            ; --                    ; --  ; --   ;
; sram_addr[4]   ; Output   ; --            ; --            ; --                    ; --  ; --   ;
; sram_addr[5]   ; Output   ; --            ; --            ; --                    ; --  ; --   ;
; sram_addr[6]   ; Output   ; --            ; --            ; --                    ; --  ; --   ;
; sram_addr[7]   ; Output   ; --            ; --            ; --                    ; --  ; --   ;
; sram_addr[8]   ; Output   ; --            ; --            ; --                    ; --  ; --   ;
; sram_addr[9]   ; Output   ; --            ; --            ; --                    ; --  ; --   ;
; sram_addr[10]  ; Output   ; --            ; --            ; --                    ; --  ; --   ;
; sram_addr[11]  ; Output   ; --            ; --            ; --                    ; --  ; --   ;
; sram_addr[12]  ; Output   ; --            ; --            ; --                    ; --  ; --   ;
; sram_addr[13]  ; Output   ; --            ; --            ; --                    ; --  ; --   ;
; sram_addr[14]  ; Output   ; --            ; --            ; --                    ; --  ; --   ;
; sram_addr[15]  ; Output   ; --            ; --            ; --                    ; --  ; --   ;
; sram_addr[16]  ; Output   ; --            ; --            ; --                    ; --  ; --   ;
; sram_addr[17]  ; Output   ; --            ; --            ; --                    ; --  ; --   ;
; sram_addr[18]  ; Output   ; --            ; --            ; --                    ; --  ; --   ;
; sram_addr[19]  ; Output   ; --            ; --            ; --                    ; --  ; --   ;
; sram_addr[20]  ; Output   ; --            ; --            ; --                    ; --  ; --   ;
; sram_ce1_n     ; Output   ; --            ; --            ; --                    ; --  ; --   ;
; sram_oe_n      ; Output   ; --            ; --            ; --                    ; --  ; --   ;
; sram_we_lo_n   ; Output   ; --            ; --            ; --                    ; --  ; --   ;
; sram_we_hi_n   ; Output   ; --            ; --            ; --                    ; --  ; --   ;
; uart_tx        ; Output   ; --            ; --            ; --                    ; --  ; --   ;
; led_run        ; Output   ; --            ; --            ; --                    ; --  ; --   ;
; led_halt       ; Output   ; --            ; --            ; --                    ; --  ; --   ;
; led_fetch      ; Output   ; --            ; --            ; --                    ; --  ; --   ;
; led_read       ; Output   ; --            ; --            ; --                    ; --  ; --   ;
; led_write      ; Output   ; --            ; --            ; --                    ; --  ; --   ;
; led_inack      ; Output   ; --            ; --            ; --                    ; --  ; --   ;
; led_io_space   ; Output   ; --            ; --            ; --                    ; --  ; --   ;
; led_err        ; Output   ; --            ; --            ; --                    ; --  ; --   ;
; led_addr_en    ; Output   ; --            ; --            ; --                    ; --  ; --   ;
; led_data_en    ; Output   ; --            ; --            ; --                    ; --  ; --   ;
; dcj_dal[0]     ; Bidir    ; (6) 1314 ps   ; --            ; --                    ; --  ; --   ;
; dcj_dal[1]     ; Bidir    ; --            ; (6) 1314 ps   ; --                    ; --  ; --   ;
; dcj_dal[2]     ; Bidir    ; --            ; (6) 1314 ps   ; --                    ; --  ; --   ;
; dcj_dal[3]     ; Bidir    ; (6) 1314 ps   ; --            ; --                    ; --  ; --   ;
; dcj_dal[4]     ; Bidir    ; --            ; (6) 1314 ps   ; --                    ; --  ; --   ;
; dcj_dal[5]     ; Bidir    ; --            ; (6) 1314 ps   ; --                    ; --  ; --   ;
; dcj_dal[6]     ; Bidir    ; --            ; (6) 1314 ps   ; --                    ; --  ; --   ;
; dcj_dal[7]     ; Bidir    ; --            ; (6) 1314 ps   ; --                    ; --  ; --   ;
; dcj_dal[8]     ; Bidir    ; (6) 1314 ps   ; --            ; --                    ; --  ; --   ;
; dcj_dal[9]     ; Bidir    ; (6) 1314 ps   ; --            ; --                    ; --  ; --   ;
; dcj_dal[10]    ; Bidir    ; --            ; (6) 1314 ps   ; --                    ; --  ; --   ;
; dcj_dal[11]    ; Bidir    ; (6) 1314 ps   ; --            ; --                    ; --  ; --   ;
; dcj_dal[12]    ; Bidir    ; (6) 1314 ps   ; --            ; --                    ; --  ; --   ;
; dcj_dal[13]    ; Bidir    ; (6) 1314 ps   ; --            ; --                    ; --  ; --   ;
; dcj_dal[14]    ; Bidir    ; --            ; (6) 1314 ps   ; --                    ; --  ; --   ;
; dcj_dal[15]    ; Bidir    ; --            ; (6) 1314 ps   ; --                    ; --  ; --   ;
; dcj_init_n     ; Bidir    ; (6) 1314 ps   ; --            ; --                    ; --  ; --   ;
; dcj_dv         ; Bidir    ; --            ; --            ; --                    ; --  ; --   ;
; dcj_miss_n     ; Bidir    ; --            ; --            ; --                    ; --  ; --   ;
; sram_dq_lo[0]  ; Bidir    ; (6) 1314 ps   ; --            ; --                    ; --  ; --   ;
; sram_dq_lo[1]  ; Bidir    ; (6) 1314 ps   ; --            ; --                    ; --  ; --   ;
; sram_dq_lo[2]  ; Bidir    ; (6) 1314 ps   ; --            ; --                    ; --  ; --   ;
; sram_dq_lo[3]  ; Bidir    ; (6) 1314 ps   ; --            ; --                    ; --  ; --   ;
; sram_dq_lo[4]  ; Bidir    ; --            ; (6) 1314 ps   ; --                    ; --  ; --   ;
; sram_dq_lo[5]  ; Bidir    ; (6) 1314 ps   ; --            ; --                    ; --  ; --   ;
; sram_dq_lo[6]  ; Bidir    ; (6) 1314 ps   ; --            ; --                    ; --  ; --   ;
; sram_dq_lo[7]  ; Bidir    ; (6) 1314 ps   ; --            ; --                    ; --  ; --   ;
; sram_dq_hi[0]  ; Bidir    ; --            ; (6) 1314 ps   ; --                    ; --  ; --   ;
; sram_dq_hi[1]  ; Bidir    ; (6) 1314 ps   ; --            ; --                    ; --  ; --   ;
; sram_dq_hi[2]  ; Bidir    ; --            ; (6) 1314 ps   ; --                    ; --  ; --   ;
; sram_dq_hi[3]  ; Bidir    ; --            ; (6) 1314 ps   ; --                    ; --  ; --   ;
; sram_dq_hi[4]  ; Bidir    ; (6) 1314 ps   ; --            ; --                    ; --  ; --   ;
; sram_dq_hi[5]  ; Bidir    ; (6) 1314 ps   ; --            ; --                    ; --  ; --   ;
; sram_dq_hi[6]  ; Bidir    ; (6) 1314 ps   ; --            ; --                    ; --  ; --   ;
; sram_dq_hi[7]  ; Bidir    ; (6) 1314 ps   ; --            ; --                    ; --  ; --   ;
; led_i2c_scl    ; Bidir    ; --            ; --            ; --                    ; --  ; --   ;
; led_i2c_sda    ; Bidir    ; --            ; --            ; --                    ; --  ; --   ;
; clk50          ; Input    ; (0) 0 ps      ; --            ; --                    ; --  ; --   ;
; dcj_bufctl_n   ; Input    ; (6) 1314 ps   ; --            ; --                    ; --  ; --   ;
; dcj_bs[1]      ; Input    ; (6) 1314 ps   ; --            ; --                    ; --  ; --   ;
; dcj_ale_n      ; Input    ; (6) 1314 ps   ; (0) 0 ps      ; --                    ; --  ; --   ;
; dcj_bs[0]      ; Input    ; (6) 1314 ps   ; --            ; --                    ; --  ; --   ;
; dcj_aio[3]     ; Input    ; (6) 1314 ps   ; --            ; --                    ; --  ; --   ;
; dcj_aio[2]     ; Input    ; --            ; (6) 1314 ps   ; --                    ; --  ; --   ;
; dcj_aio[1]     ; Input    ; (6) 1314 ps   ; --            ; --                    ; --  ; --   ;
; dcj_dal_hi[21] ; Input    ; (6) 1314 ps   ; --            ; --                    ; --  ; --   ;
; dcj_dal_hi[20] ; Input    ; (6) 1314 ps   ; --            ; --                    ; --  ; --   ;
; dcj_dal_hi[19] ; Input    ; (6) 1314 ps   ; --            ; --                    ; --  ; --   ;
; dcj_dal_hi[18] ; Input    ; (6) 1314 ps   ; --            ; --                    ; --  ; --   ;
; dcj_dal_hi[17] ; Input    ; (6) 1314 ps   ; --            ; --                    ; --  ; --   ;
; dcj_dal_hi[16] ; Input    ; (6) 1314 ps   ; --            ; --                    ; --  ; --   ;
; dcj_aio[0]     ; Input    ; --            ; (6) 1314 ps   ; --                    ; --  ; --   ;
; dcj_sctl_n     ; Input    ; (0) 0 ps      ; (6) 1314 ps   ; --                    ; --  ; --   ;
; uart_rx        ; Input    ; (6) 1314 ps   ; --            ; --                    ; --  ; --   ;
+----------------+----------+---------------+---------------+-----------------------+-----+------+


+---------------------------------------------------------------------------------------------------------+
; Pad To Core Delay Chain Fanout                                                                          ;
+---------------------------------------------------------------------------+-------------------+---------+
; Source Pin / Fanout                                                       ; Pad To Core Index ; Setting ;
+---------------------------------------------------------------------------+-------------------+---------+
; dcj_strb_n                                                                ;                   ;         ;
;      - sld_signaltap:auto_signaltap_0|acq_trigger_in_reg[28]              ; 0                 ; 6       ;
;      - sld_signaltap:auto_signaltap_0|acq_data_in_reg[28]~feeder          ; 0                 ; 6       ;
; dcj_clk2                                                                  ;                   ;         ;
;      - sld_signaltap:auto_signaltap_0|acq_data_in_reg[9]~feeder           ; 0                 ; 6       ;
;      - sld_signaltap:auto_signaltap_0|acq_trigger_in_reg[9]~feeder        ; 0                 ; 6       ;
; dcj_dal[0]                                                                ;                   ;         ;
;      - sld_signaltap:auto_signaltap_0|acq_data_in_reg[11]~feeder          ; 0                 ; 6       ;
;      - sld_signaltap:auto_signaltap_0|acq_trigger_in_reg[11]~feeder       ; 0                 ; 6       ;
;      - write_dal[0]~feeder                                                ; 0                 ; 6       ;
;      - latched_addr[0]~feeder                                             ; 0                 ; 6       ;
; dcj_dal[1]                                                                ;                   ;         ;
;      - latched_addr[1]                                                    ; 1                 ; 6       ;
;      - write_dal[1]                                                       ; 1                 ; 6       ;
;      - sld_signaltap:auto_signaltap_0|acq_data_in_reg[18]                 ; 1                 ; 6       ;
;      - sld_signaltap:auto_signaltap_0|acq_trigger_in_reg[18]~feeder       ; 1                 ; 6       ;
; dcj_dal[2]                                                                ;                   ;         ;
;      - latched_addr[2]                                                    ; 1                 ; 6       ;
;      - write_dal[2]                                                       ; 1                 ; 6       ;
;      - sld_signaltap:auto_signaltap_0|acq_trigger_in_reg[19]              ; 1                 ; 6       ;
;      - sld_signaltap:auto_signaltap_0|acq_data_in_reg[19]~feeder          ; 1                 ; 6       ;
; dcj_dal[3]                                                                ;                   ;         ;
;      - latched_addr[3]                                                    ; 0                 ; 6       ;
;      - sld_signaltap:auto_signaltap_0|acq_trigger_in_reg[20]              ; 0                 ; 6       ;
;      - sld_signaltap:auto_signaltap_0|acq_data_in_reg[20]~feeder          ; 0                 ; 6       ;
;      - write_dal[3]~feeder                                                ; 0                 ; 6       ;
; dcj_dal[4]                                                                ;                   ;         ;
;      - latched_addr[4]                                                    ; 1                 ; 6       ;
;      - write_dal[4]                                                       ; 1                 ; 6       ;
;      - sld_signaltap:auto_signaltap_0|acq_data_in_reg[21]~feeder          ; 1                 ; 6       ;
;      - sld_signaltap:auto_signaltap_0|acq_trigger_in_reg[21]~feeder       ; 1                 ; 6       ;
; dcj_dal[5]                                                                ;                   ;         ;
;      - sld_signaltap:auto_signaltap_0|acq_data_in_reg[22]~feeder          ; 1                 ; 6       ;
;      - sld_signaltap:auto_signaltap_0|acq_trigger_in_reg[22]~feeder       ; 1                 ; 6       ;
;      - write_dal[5]~feeder                                                ; 1                 ; 6       ;
;      - latched_addr[5]~feeder                                             ; 1                 ; 6       ;
; dcj_dal[6]                                                                ;                   ;         ;
;      - latched_addr[6]                                                    ; 1                 ; 6       ;
;      - write_dal[6]                                                       ; 1                 ; 6       ;
;      - sld_signaltap:auto_signaltap_0|acq_data_in_reg[23]                 ; 1                 ; 6       ;
;      - sld_signaltap:auto_signaltap_0|acq_trigger_in_reg[23]~feeder       ; 1                 ; 6       ;
; dcj_dal[7]                                                                ;                   ;         ;
;      - sld_signaltap:auto_signaltap_0|acq_trigger_in_reg[24]~feeder       ; 1                 ; 6       ;
;      - write_dal[7]~feeder                                                ; 1                 ; 6       ;
;      - sld_signaltap:auto_signaltap_0|acq_data_in_reg[24]~feeder          ; 1                 ; 6       ;
;      - latched_addr[7]~feeder                                             ; 1                 ; 6       ;
; dcj_dal[8]                                                                ;                   ;         ;
;      - latched_addr[8]                                                    ; 0                 ; 6       ;
;      - write_dal[8]                                                       ; 0                 ; 6       ;
;      - sld_signaltap:auto_signaltap_0|acq_data_in_reg[25]~feeder          ; 0                 ; 6       ;
;      - sld_signaltap:auto_signaltap_0|acq_trigger_in_reg[25]~feeder       ; 0                 ; 6       ;
; dcj_dal[9]                                                                ;                   ;         ;
;      - sld_signaltap:auto_signaltap_0|acq_trigger_in_reg[26]              ; 0                 ; 6       ;
;      - sld_signaltap:auto_signaltap_0|acq_data_in_reg[26]                 ; 0                 ; 6       ;
;      - write_dal[9]~feeder                                                ; 0                 ; 6       ;
;      - latched_addr[9]~feeder                                             ; 0                 ; 6       ;
; dcj_dal[10]                                                               ;                   ;         ;
;      - sld_signaltap:auto_signaltap_0|acq_trigger_in_reg[12]              ; 1                 ; 6       ;
;      - sld_signaltap:auto_signaltap_0|acq_data_in_reg[12]~feeder          ; 1                 ; 6       ;
;      - write_dal[10]~feeder                                               ; 1                 ; 6       ;
;      - latched_addr[10]~feeder                                            ; 1                 ; 6       ;
; dcj_dal[11]                                                               ;                   ;         ;
;      - write_dal[11]                                                      ; 0                 ; 6       ;
;      - sld_signaltap:auto_signaltap_0|acq_trigger_in_reg[13]              ; 0                 ; 6       ;
;      - sld_signaltap:auto_signaltap_0|acq_data_in_reg[13]~feeder          ; 0                 ; 6       ;
;      - latched_addr[11]~feeder                                            ; 0                 ; 6       ;
; dcj_dal[12]                                                               ;                   ;         ;
;      - sld_signaltap:auto_signaltap_0|acq_trigger_in_reg[14]              ; 0                 ; 6       ;
;      - sld_signaltap:auto_signaltap_0|acq_data_in_reg[14]~feeder          ; 0                 ; 6       ;
;      - write_dal[12]~feeder                                               ; 0                 ; 6       ;
;      - latched_addr[12]~feeder                                            ; 0                 ; 6       ;
; dcj_dal[13]                                                               ;                   ;         ;
;      - latched_addr[13]                                                   ; 0                 ; 6       ;
;      - write_dal[13]                                                      ; 0                 ; 6       ;
;      - sld_signaltap:auto_signaltap_0|acq_trigger_in_reg[15]              ; 0                 ; 6       ;
;      - sld_signaltap:auto_signaltap_0|acq_data_in_reg[15]~feeder          ; 0                 ; 6       ;
; dcj_dal[14]                                                               ;                   ;         ;
;      - sld_signaltap:auto_signaltap_0|acq_trigger_in_reg[16]              ; 1                 ; 6       ;
;      - sld_signaltap:auto_signaltap_0|acq_data_in_reg[16]~feeder          ; 1                 ; 6       ;
;      - latched_addr[14]~feeder                                            ; 1                 ; 6       ;
;      - write_dal[14]~feeder                                               ; 1                 ; 6       ;
; dcj_dal[15]                                                               ;                   ;         ;
;      - latched_addr[15]                                                   ; 1                 ; 6       ;
;      - write_dal[15]                                                      ; 1                 ; 6       ;
;      - sld_signaltap:auto_signaltap_0|acq_data_in_reg[17]                 ; 1                 ; 6       ;
;      - sld_signaltap:auto_signaltap_0|acq_trigger_in_reg[17]~feeder       ; 1                 ; 6       ;
; dcj_init_n                                                                ;                   ;         ;
;      - dcj11_sram_2kb_hello_core:core|mem_read_pending                    ; 0                 ; 6       ;
;      - dcj11_sram_2kb_hello_core:core|mem_read_ready                      ; 0                 ; 6       ;
;      - dcj11_sram_2kb_hello_core:core|mem_write_pending                   ; 0                 ; 6       ;
;      - dcj11_sram_2kb_hello_core:core|abort_active                        ; 0                 ; 6       ;
;      - dcj11_sram_2kb_hello_core:core|bus_reset                           ; 0                 ; 6       ;
;      - dcj11_sram_2kb_hello_core:core|odt_seen                            ; 0                 ; 6       ;
;      - dcj11_sram_2kb_hello_core:core|abort_led_active                    ; 0                 ; 6       ;
;      - dcj11_sram_2kb_hello_core:core|mem_read_bufctl_seen                ; 0                 ; 6       ;
;      - dcj11_sram_2kb_hello_core:core|mem_write_armed                     ; 0                 ; 6       ;
;      - dcj11_sram_2kb_hello_core:core|led_run~0                           ; 0                 ; 6       ;
;      - dcj11_sram_2kb_hello_core:core|bus_reset~0                         ; 0                 ; 6       ;
;      - dcj11_sram_2kb_hello_core:core|last_aio~0                          ; 0                 ; 6       ;
;      - dcj11_sram_2kb_hello_core:core|last_aio[3]~1                       ; 0                 ; 6       ;
;      - dcj11_sram_2kb_hello_core:core|last_aio~2                          ; 0                 ; 6       ;
;      - dcj11_sram_2kb_hello_core:core|last_aio~3                          ; 0                 ; 6       ;
;      - dcj11_sram_2kb_hello_core:core|last_aio~4                          ; 0                 ; 6       ;
;      - dcj11_sram_2kb_hello_core:core|last_bs~0                           ; 0                 ; 6       ;
;      - dcj11_sram_2kb_hello_core:core|last_bs~1                           ; 0                 ; 6       ;
;      - always2~0                                                          ; 0                 ; 6       ;
;      - dcj11_sram_2kb_hello_core:core|abort_pulse_count[12]~1             ; 0                 ; 6       ;
;      - dcj11_sram_2kb_hello_core:core|abort_pulse_count[12]~29            ; 0                 ; 6       ;
;      - dcj11_sram_2kb_hello_core:core|ctrl_addr[6]~13                     ; 0                 ; 6       ;
;      - dcj11_sram_2kb_hello_core:core|last_addr~0                         ; 0                 ; 6       ;
;      - dcj11_sram_2kb_hello_core:core|last_addr~1                         ; 0                 ; 6       ;
;      - dcj11_sram_2kb_hello_core:core|last_addr~2                         ; 0                 ; 6       ;
;      - dcj11_sram_2kb_hello_core:core|last_addr~3                         ; 0                 ; 6       ;
;      - dcj11_sram_2kb_hello_core:core|last_addr~4                         ; 0                 ; 6       ;
;      - dcj11_sram_2kb_hello_core:core|last_addr~5                         ; 0                 ; 6       ;
;      - dcj11_sram_2kb_hello_core:core|last_addr~6                         ; 0                 ; 6       ;
;      - dcj11_sram_2kb_hello_core:core|last_addr~7                         ; 0                 ; 6       ;
;      - dcj11_sram_2kb_hello_core:core|last_addr~8                         ; 0                 ; 6       ;
;      - dcj11_sram_2kb_hello_core:core|last_addr~9                         ; 0                 ; 6       ;
;      - dcj11_sram_2kb_hello_core:core|last_addr~10                        ; 0                 ; 6       ;
;      - dcj11_sram_2kb_hello_core:core|last_addr~11                        ; 0                 ; 6       ;
;      - dcj11_sram_2kb_hello_core:core|last_addr~12                        ; 0                 ; 6       ;
;      - dcj11_sram_2kb_hello_core:core|last_addr~13                        ; 0                 ; 6       ;
;      - dcj11_sram_2kb_hello_core:core|last_addr~14                        ; 0                 ; 6       ;
;      - dcj11_sram_2kb_hello_core:core|last_addr~15                        ; 0                 ; 6       ;
;      - dcj11_sram_2kb_hello_core:core|last_addr~16                        ; 0                 ; 6       ;
;      - dcj11_sram_2kb_hello_core:core|last_addr~17                        ; 0                 ; 6       ;
;      - dcj11_sram_2kb_hello_core:core|last_addr~18                        ; 0                 ; 6       ;
;      - dcj11_sram_2kb_hello_core:core|last_addr~19                        ; 0                 ; 6       ;
;      - dcj11_sram_2kb_hello_core:core|last_addr~20                        ; 0                 ; 6       ;
;      - dcj11_sram_2kb_hello_core:core|last_addr~21                        ; 0                 ; 6       ;
;      - dcj11_sram_2kb_hello_core:core|last_data_phase[7]~43               ; 0                 ; 6       ;
;      - dcj11_sram_2kb_hello_core:core|mem_read_data[0]~0                  ; 0                 ; 6       ;
;      - dcj11_sram_2kb_hello_core:core|ctrl_addr[15]~40                    ; 0                 ; 6       ;
;      - dcj11_sram_2kb_hello_core:core|Selector0~2                         ; 0                 ; 6       ;
;      - dcj11_sram_2kb_hello_core:core|Add3~104                            ; 0                 ; 6       ;
;      - dcj11_sram_2kb_hello_core:core|Add3~105                            ; 0                 ; 6       ;
;      - dcj11_sram_2kb_hello_core:core|Add3~106                            ; 0                 ; 6       ;
;      - dcj11_sram_2kb_hello_core:core|Add3~107                            ; 0                 ; 6       ;
;      - dcj11_sram_2kb_hello_core:core|Add3~108                            ; 0                 ; 6       ;
;      - dcj11_sram_2kb_hello_core:core|Add3~109                            ; 0                 ; 6       ;
;      - dcj11_sram_2kb_hello_core:core|Add3~110                            ; 0                 ; 6       ;
;      - dcj11_sram_2kb_hello_core:core|Add3~111                            ; 0                 ; 6       ;
;      - dcj11_sram_2kb_hello_core:core|Add3~112                            ; 0                 ; 6       ;
;      - dcj11_sram_2kb_hello_core:core|Add3~113                            ; 0                 ; 6       ;
;      - dcj11_sram_2kb_hello_core:core|Add3~114                            ; 0                 ; 6       ;
;      - dcj11_sram_2kb_hello_core:core|Add3~115                            ; 0                 ; 6       ;
;      - dcj11_sram_2kb_hello_core:core|abort_led_pulse_count~27            ; 0                 ; 6       ;
;      - dcj11_sram_2kb_hello_core:core|abort_led_pulse_count~28            ; 0                 ; 6       ;
;      - dcj11_sram_2kb_hello_core:core|abort_led_pulse_count~29            ; 0                 ; 6       ;
;      - dcj11_sram_2kb_hello_core:core|abort_led_pulse_count~30            ; 0                 ; 6       ;
;      - dcj11_sram_2kb_hello_core:core|Add3~116                            ; 0                 ; 6       ;
;      - dcj11_sram_2kb_hello_core:core|abort_led_pulse_count~31            ; 0                 ; 6       ;
;      - dcj11_sram_2kb_hello_core:core|Add3~117                            ; 0                 ; 6       ;
;      - dcj11_sram_2kb_hello_core:core|Add3~118                            ; 0                 ; 6       ;
;      - dcj11_sram_2kb_hello_core:core|Add3~119                            ; 0                 ; 6       ;
;      - dcj11_sram_2kb_hello_core:core|Add3~120                            ; 0                 ; 6       ;
;      - dcj11_sram_2kb_hello_core:core|abort_led_pulse_count~32            ; 0                 ; 6       ;
;      - dcj11_sram_2kb_hello_core:core|Add3~121                            ; 0                 ; 6       ;
;      - dcj11_sram_2kb_hello_core:core|Add3~122                            ; 0                 ; 6       ;
;      - dcj11_sram_2kb_hello_core:core|Add3~123                            ; 0                 ; 6       ;
;      - dcj11_sram_2kb_hello_core:core|abort_led_pulse_count~33            ; 0                 ; 6       ;
;      - dcj11_sram_2kb_hello_core:core|abort_led_pulse_count~34            ; 0                 ; 6       ;
;      - dcj11_sram_2kb_hello_core:core|abort_led_pulse_count~35            ; 0                 ; 6       ;
;      - dcj11_sram_2kb_hello_core:core|abort_led_pulse_count~36            ; 0                 ; 6       ;
;      - dcj11_sram_2kb_hello_core:core|abort_led_pulse_count~37            ; 0                 ; 6       ;
;      - dcj11_sram_2kb_hello_core:core|abort_led_pulse_count~38            ; 0                 ; 6       ;
;      - dcj11_sram_2kb_hello_core:core|mem_write_addr[1]~5                 ; 0                 ; 6       ;
;      - dcj11_sram_2kb_hello_core:core|last_data_phase~67                  ; 0                 ; 6       ;
; dcj_dv                                                                    ;                   ;         ;
; dcj_miss_n                                                                ;                   ;         ;
; sram_dq_lo[0]                                                             ;                   ;         ;
;      - dcj11_sram_2kb_hello_core:core|dal_out[0]~0                        ; 0                 ; 6       ;
;      - dcj11_sram_2kb_hello_core:core|sram_dual_x8_bus16:sram_ip|rdata~7  ; 0                 ; 6       ;
;      - sld_signaltap:auto_signaltap_0|acq_data_in_reg[59]                 ; 0                 ; 6       ;
;      - sld_signaltap:auto_signaltap_0|acq_trigger_in_reg[59]~feeder       ; 0                 ; 6       ;
; sram_dq_lo[1]                                                             ;                   ;         ;
;      - dcj11_sram_2kb_hello_core:core|dal_out[1]~2                        ; 0                 ; 6       ;
;      - dcj11_sram_2kb_hello_core:core|sram_dual_x8_bus16:sram_ip|rdata~8  ; 0                 ; 6       ;
;      - sld_signaltap:auto_signaltap_0|acq_data_in_reg[60]                 ; 0                 ; 6       ;
;      - sld_signaltap:auto_signaltap_0|acq_trigger_in_reg[60]~feeder       ; 0                 ; 6       ;
; sram_dq_lo[2]                                                             ;                   ;         ;
;      - dcj11_sram_2kb_hello_core:core|dal_out[2]~4                        ; 0                 ; 6       ;
;      - dcj11_sram_2kb_hello_core:core|sram_dual_x8_bus16:sram_ip|rdata~9  ; 0                 ; 6       ;
;      - sld_signaltap:auto_signaltap_0|acq_trigger_in_reg[61]              ; 0                 ; 6       ;
;      - sld_signaltap:auto_signaltap_0|acq_data_in_reg[61]                 ; 0                 ; 6       ;
; sram_dq_lo[3]                                                             ;                   ;         ;
;      - dcj11_sram_2kb_hello_core:core|dal_out[3]~6                        ; 0                 ; 6       ;
;      - dcj11_sram_2kb_hello_core:core|sram_dual_x8_bus16:sram_ip|rdata~10 ; 0                 ; 6       ;
;      - sld_signaltap:auto_signaltap_0|acq_trigger_in_reg[62]              ; 0                 ; 6       ;
;      - sld_signaltap:auto_signaltap_0|acq_data_in_reg[62]                 ; 0                 ; 6       ;
; sram_dq_lo[4]                                                             ;                   ;         ;
;      - dcj11_sram_2kb_hello_core:core|dal_out[4]~8                        ; 1                 ; 6       ;
;      - dcj11_sram_2kb_hello_core:core|sram_dual_x8_bus16:sram_ip|rdata~11 ; 1                 ; 6       ;
;      - sld_signaltap:auto_signaltap_0|acq_trigger_in_reg[63]~feeder       ; 1                 ; 6       ;
;      - sld_signaltap:auto_signaltap_0|acq_data_in_reg[63]~feeder          ; 1                 ; 6       ;
; sram_dq_lo[5]                                                             ;                   ;         ;
;      - dcj11_sram_2kb_hello_core:core|dal_out[5]~10                       ; 0                 ; 6       ;
;      - dcj11_sram_2kb_hello_core:core|sram_dual_x8_bus16:sram_ip|rdata~12 ; 0                 ; 6       ;
;      - sld_signaltap:auto_signaltap_0|acq_data_in_reg[64]                 ; 0                 ; 6       ;
;      - sld_signaltap:auto_signaltap_0|acq_trigger_in_reg[64]~feeder       ; 0                 ; 6       ;
; sram_dq_lo[6]                                                             ;                   ;         ;
;      - dcj11_sram_2kb_hello_core:core|dal_out[6]~12                       ; 0                 ; 6       ;
;      - dcj11_sram_2kb_hello_core:core|sram_dual_x8_bus16:sram_ip|rdata~13 ; 0                 ; 6       ;
;      - sld_signaltap:auto_signaltap_0|acq_data_in_reg[65]~feeder          ; 0                 ; 6       ;
;      - sld_signaltap:auto_signaltap_0|acq_trigger_in_reg[65]~feeder       ; 0                 ; 6       ;
; sram_dq_lo[7]                                                             ;                   ;         ;
;      - dcj11_sram_2kb_hello_core:core|dal_out[7]~14                       ; 0                 ; 6       ;
;      - dcj11_sram_2kb_hello_core:core|sram_dual_x8_bus16:sram_ip|rdata~14 ; 0                 ; 6       ;
;      - sld_signaltap:auto_signaltap_0|acq_data_in_reg[66]~feeder          ; 0                 ; 6       ;
;      - sld_signaltap:auto_signaltap_0|acq_trigger_in_reg[66]~feeder       ; 0                 ; 6       ;
; sram_dq_hi[0]                                                             ;                   ;         ;
;      - dcj11_sram_2kb_hello_core:core|dal_out[8]~16                       ; 1                 ; 6       ;
;      - dcj11_sram_2kb_hello_core:core|sram_dual_x8_bus16:sram_ip|rdata~15 ; 1                 ; 6       ;
;      - sld_signaltap:auto_signaltap_0|acq_trigger_in_reg[51]              ; 1                 ; 6       ;
;      - sld_signaltap:auto_signaltap_0|acq_data_in_reg[51]                 ; 1                 ; 6       ;
; sram_dq_hi[1]                                                             ;                   ;         ;
;      - dcj11_sram_2kb_hello_core:core|dal_out[9]~17                       ; 0                 ; 6       ;
;      - dcj11_sram_2kb_hello_core:core|sram_dual_x8_bus16:sram_ip|rdata~16 ; 0                 ; 6       ;
;      - sld_signaltap:auto_signaltap_0|acq_trigger_in_reg[52]~feeder       ; 0                 ; 6       ;
;      - sld_signaltap:auto_signaltap_0|acq_data_in_reg[52]~feeder          ; 0                 ; 6       ;
; sram_dq_hi[2]                                                             ;                   ;         ;
;      - dcj11_sram_2kb_hello_core:core|dal_out[10]~18                      ; 1                 ; 6       ;
;      - dcj11_sram_2kb_hello_core:core|sram_dual_x8_bus16:sram_ip|rdata~0  ; 1                 ; 6       ;
;      - sld_signaltap:auto_signaltap_0|acq_data_in_reg[53]                 ; 1                 ; 6       ;
;      - sld_signaltap:auto_signaltap_0|acq_trigger_in_reg[53]~feeder       ; 1                 ; 6       ;
; sram_dq_hi[3]                                                             ;                   ;         ;
;      - dcj11_sram_2kb_hello_core:core|dal_out[11]~19                      ; 1                 ; 6       ;
;      - dcj11_sram_2kb_hello_core:core|sram_dual_x8_bus16:sram_ip|rdata~2  ; 1                 ; 6       ;
;      - sld_signaltap:auto_signaltap_0|acq_trigger_in_reg[54]              ; 1                 ; 6       ;
;      - sld_signaltap:auto_signaltap_0|acq_data_in_reg[54]~feeder          ; 1                 ; 6       ;
; sram_dq_hi[4]                                                             ;                   ;         ;
;      - dcj11_sram_2kb_hello_core:core|dal_out[12]~20                      ; 0                 ; 6       ;
;      - dcj11_sram_2kb_hello_core:core|sram_dual_x8_bus16:sram_ip|rdata~3  ; 0                 ; 6       ;
;      - sld_signaltap:auto_signaltap_0|acq_trigger_in_reg[55]              ; 0                 ; 6       ;
;      - sld_signaltap:auto_signaltap_0|acq_data_in_reg[55]~feeder          ; 0                 ; 6       ;
; sram_dq_hi[5]                                                             ;                   ;         ;
;      - dcj11_sram_2kb_hello_core:core|dal_out[13]~21                      ; 0                 ; 6       ;
;      - dcj11_sram_2kb_hello_core:core|sram_dual_x8_bus16:sram_ip|rdata~4  ; 0                 ; 6       ;
;      - sld_signaltap:auto_signaltap_0|acq_trigger_in_reg[56]              ; 0                 ; 6       ;
;      - sld_signaltap:auto_signaltap_0|acq_data_in_reg[56]~feeder          ; 0                 ; 6       ;
; sram_dq_hi[6]                                                             ;                   ;         ;
;      - dcj11_sram_2kb_hello_core:core|dal_out[14]~22                      ; 0                 ; 6       ;
;      - dcj11_sram_2kb_hello_core:core|sram_dual_x8_bus16:sram_ip|rdata~5  ; 0                 ; 6       ;
;      - sld_signaltap:auto_signaltap_0|acq_trigger_in_reg[57]              ; 0                 ; 6       ;
;      - sld_signaltap:auto_signaltap_0|acq_data_in_reg[57]~feeder          ; 0                 ; 6       ;
; sram_dq_hi[7]                                                             ;                   ;         ;
;      - dcj11_sram_2kb_hello_core:core|dal_out[15]~23                      ; 0                 ; 6       ;
;      - dcj11_sram_2kb_hello_core:core|sram_dual_x8_bus16:sram_ip|rdata~6  ; 0                 ; 6       ;
;      - sld_signaltap:auto_signaltap_0|acq_trigger_in_reg[58]~feeder       ; 0                 ; 6       ;
;      - sld_signaltap:auto_signaltap_0|acq_data_in_reg[58]~feeder          ; 0                 ; 6       ;
; led_i2c_scl                                                               ;                   ;         ;
; led_i2c_sda                                                               ;                   ;         ;
; clk50                                                                     ;                   ;         ;
; dcj_bufctl_n                                                              ;                   ;         ;
;      - dcj11_sram_2kb_hello_core:core|mem_read_pending~2                  ; 0                 ; 6       ;
;      - dcj11_sram_2kb_hello_core:core|mem_read_bufctl_seen~1              ; 0                 ; 6       ;
;      - dcj11_sram_2kb_hello_core:core|mem_read_live_dal_oe~0              ; 0                 ; 6       ;
;      - dcj11_sram_2kb_hello_core:core|dal_oe~2                            ; 0                 ; 6       ;
;      - dcj11_sram_2kb_hello_core:core|dal_oe~3                            ; 0                 ; 6       ;
;      - dcj11_sram_2kb_hello_core:core|always1~1                           ; 0                 ; 6       ;
;      - dcj11_sram_2kb_hello_core:core|last_data_phase~20                  ; 0                 ; 6       ;
;      - sld_signaltap:auto_signaltap_0|acq_data_in_reg[8]~feeder           ; 0                 ; 6       ;
;      - sld_signaltap:auto_signaltap_0|acq_trigger_in_reg[8]~feeder        ; 0                 ; 6       ;
; dcj_bs[1]                                                                 ;                   ;         ;
;      - sld_signaltap:auto_signaltap_0|acq_trigger_in_reg[7]               ; 0                 ; 6       ;
;      - sld_signaltap:auto_signaltap_0|acq_data_in_reg[7]                  ; 0                 ; 6       ;
;      - latched_bs[1]~feeder                                               ; 0                 ; 6       ;
; dcj_ale_n                                                                 ;                   ;         ;
;      - ale_toggle                                                         ; 1                 ; 0       ;
;      - latched_bs[0]                                                      ; 1                 ; 0       ;
;      - latched_bs[1]                                                      ; 1                 ; 0       ;
;      - latched_aio[0]                                                     ; 1                 ; 0       ;
;      - latched_aio[1]                                                     ; 1                 ; 0       ;
;      - latched_aio[2]                                                     ; 1                 ; 0       ;
;      - latched_aio[3]                                                     ; 1                 ; 0       ;
;      - latched_addr[0]                                                    ; 1                 ; 0       ;
;      - latched_addr[1]                                                    ; 1                 ; 0       ;
;      - latched_addr[2]                                                    ; 1                 ; 0       ;
;      - latched_addr[3]                                                    ; 1                 ; 0       ;
;      - latched_addr[4]                                                    ; 1                 ; 0       ;
;      - latched_addr[5]                                                    ; 1                 ; 0       ;
;      - latched_addr[6]                                                    ; 1                 ; 0       ;
;      - latched_addr[7]                                                    ; 1                 ; 0       ;
;      - latched_addr[8]                                                    ; 1                 ; 0       ;
;      - latched_addr[9]                                                    ; 1                 ; 0       ;
;      - latched_addr[10]                                                   ; 1                 ; 0       ;
;      - latched_addr[11]                                                   ; 1                 ; 0       ;
;      - latched_addr[12]                                                   ; 1                 ; 0       ;
;      - latched_addr[13]                                                   ; 1                 ; 0       ;
;      - latched_addr[14]                                                   ; 1                 ; 0       ;
;      - latched_addr[15]                                                   ; 1                 ; 0       ;
;      - latched_addr[16]                                                   ; 1                 ; 0       ;
;      - latched_addr[17]                                                   ; 1                 ; 0       ;
;      - latched_addr[18]                                                   ; 1                 ; 0       ;
;      - latched_addr[19]                                                   ; 1                 ; 0       ;
;      - latched_addr[20]                                                   ; 1                 ; 0       ;
;      - latched_addr[21]                                                   ; 1                 ; 0       ;
;      - sld_signaltap:auto_signaltap_0|acq_trigger_in_reg[5]               ; 0                 ; 6       ;
;      - sld_signaltap:auto_signaltap_0|acq_data_in_reg[5]                  ; 0                 ; 6       ;
; dcj_bs[0]                                                                 ;                   ;         ;
;      - latched_bs[0]                                                      ; 0                 ; 6       ;
;      - sld_signaltap:auto_signaltap_0|acq_trigger_in_reg[6]~feeder        ; 0                 ; 6       ;
;      - sld_signaltap:auto_signaltap_0|acq_data_in_reg[6]~feeder           ; 0                 ; 6       ;
; dcj_aio[3]                                                                ;                   ;         ;
;      - latched_aio[3]~0                                                   ; 0                 ; 6       ;
;      - sld_signaltap:auto_signaltap_0|acq_data_in_reg[4]~feeder           ; 0                 ; 6       ;
;      - sld_signaltap:auto_signaltap_0|acq_trigger_in_reg[4]~feeder        ; 0                 ; 6       ;
; dcj_aio[2]                                                                ;                   ;         ;
;      - latched_aio[2]~1                                                   ; 1                 ; 6       ;
;      - sld_signaltap:auto_signaltap_0|acq_data_in_reg[3]                  ; 1                 ; 6       ;
;      - sld_signaltap:auto_signaltap_0|acq_trigger_in_reg[3]~feeder        ; 1                 ; 6       ;
; dcj_aio[1]                                                                ;                   ;         ;
;      - latched_aio[1]~2                                                   ; 0                 ; 6       ;
;      - sld_signaltap:auto_signaltap_0|acq_trigger_in_reg[2]               ; 0                 ; 6       ;
;      - sld_signaltap:auto_signaltap_0|acq_data_in_reg[2]~feeder           ; 0                 ; 6       ;
; dcj_dal_hi[21]                                                            ;                   ;         ;
;      - latched_addr[21]~feeder                                            ; 0                 ; 6       ;
; dcj_dal_hi[20]                                                            ;                   ;         ;
;      - latched_addr[20]                                                   ; 0                 ; 6       ;
; dcj_dal_hi[19]                                                            ;                   ;         ;
;      - latched_addr[19]~feeder                                            ; 0                 ; 6       ;
; dcj_dal_hi[18]                                                            ;                   ;         ;
;      - latched_addr[18]                                                   ; 0                 ; 6       ;
; dcj_dal_hi[17]                                                            ;                   ;         ;
;      - latched_addr[17]~feeder                                            ; 0                 ; 6       ;
; dcj_dal_hi[16]                                                            ;                   ;         ;
;      - latched_addr[16]~feeder                                            ; 0                 ; 6       ;
; dcj_aio[0]                                                                ;                   ;         ;
;      - latched_aio[0]~3                                                   ; 1                 ; 6       ;
;      - sld_signaltap:auto_signaltap_0|acq_trigger_in_reg[1]               ; 1                 ; 6       ;
;      - sld_signaltap:auto_signaltap_0|acq_data_in_reg[1]                  ; 1                 ; 6       ;
; dcj_sctl_n                                                                ;                   ;         ;
;      - write_dal[6]                                                       ; 0                 ; 0       ;
;      - sctl_toggle                                                        ; 0                 ; 0       ;
;      - write_dal[0]                                                       ; 0                 ; 0       ;
;      - write_dal[10]                                                      ; 0                 ; 0       ;
;      - write_dal[2]                                                       ; 0                 ; 0       ;
;      - write_dal[11]                                                      ; 0                 ; 0       ;
;      - write_dal[3]                                                       ; 0                 ; 0       ;
;      - write_dal[12]                                                      ; 0                 ; 0       ;
;      - write_dal[4]                                                       ; 0                 ; 0       ;
;      - write_dal[13]                                                      ; 0                 ; 0       ;
;      - write_dal[5]                                                       ; 0                 ; 0       ;
;      - write_dal[14]                                                      ; 0                 ; 0       ;
;      - write_dal[15]                                                      ; 0                 ; 0       ;
;      - write_dal[7]                                                       ; 0                 ; 0       ;
;      - write_dal[1]                                                       ; 0                 ; 0       ;
;      - write_dal[8]                                                       ; 0                 ; 0       ;
;      - write_dal[9]                                                       ; 0                 ; 0       ;
;      - sld_signaltap:auto_signaltap_0|acq_data_in_reg[27]                 ; 1                 ; 6       ;
;      - sld_signaltap:auto_signaltap_0|acq_trigger_in_reg[27]~feeder       ; 1                 ; 6       ;
; uart_rx                                                                   ;                   ;         ;
;      - dcj11_sram_2kb_hello_core:core|Kl11Lite:kl11|UartRx:rx|rxMeta~0    ; 0                 ; 6       ;
+---------------------------------------------------------------------------+-------------------+---------+


+-------------------------------------------------------------------------------------------------------------------------------------------------------------------------------------------------------------------------------------------------------------------------------------------------------------------------------------------------------------------------------------------------------------------------------------------------------------------------------------------------------------------+
; Control Signals                                                                                                                                                                                                                                                                                                                                                                                                                                                                                                   ;
+-------------------------------------------------------------------------------------------------------------------------------------------------------------------------------------------------------------------------------------------------------------------------------------------------------------------------------------------------------------+--------------------+---------+---------------------------------------+--------+----------------------+------------------+---------------------------+
; Name                                                                                                                                                                                                                                                                                                                                                        ; Location           ; Fan-Out ; Usage                                 ; Global ; Global Resource Used ; Global Line Name ; Enable Signal Source Name ;
+-------------------------------------------------------------------------------------------------------------------------------------------------------------------------------------------------------------------------------------------------------------------------------------------------------------------------------------------------------------+--------------------+---------+---------------------------------------+--------+----------------------+------------------+---------------------------+
; altera_internal_jtag~TCKUTAP                                                                                                                                                                                                                                                                                                                                ; JTAG_X1_Y15_N0     ; 621     ; Clock                                 ; yes    ; Global Clock         ; GCLK4            ; --                        ;
; altera_internal_jtag~TMSUTAP                                                                                                                                                                                                                                                                                                                                ; JTAG_X1_Y15_N0     ; 23      ; Sync. clear                           ; no     ; --                   ; --               ; --                        ;
; always2~0                                                                                                                                                                                                                                                                                                                                                   ; LCCOMB_X26_Y10_N18 ; 46      ; Async. clear                          ; yes    ; Global Clock         ; GCLK7            ; --                        ;
; aw21024_led_panel:led_panel|Aw21024I2cBurstWriter:writer|bitIndex[0]~5                                                                                                                                                                                                                                                                                      ; LCCOMB_X15_Y17_N16 ; 3       ; Clock enable                          ; no     ; --                   ; --               ; --                        ;
; aw21024_led_panel:led_panel|Aw21024I2cBurstWriter:writer|byteIndex[1]~10                                                                                                                                                                                                                                                                                    ; LCCOMB_X15_Y18_N8  ; 6       ; Sync. clear                           ; no     ; --                   ; --               ; --                        ;
; aw21024_led_panel:led_panel|Aw21024I2cBurstWriter:writer|byteIndex[1]~12                                                                                                                                                                                                                                                                                    ; LCCOMB_X15_Y17_N22 ; 6       ; Clock enable                          ; no     ; --                   ; --               ; --                        ;
; aw21024_led_panel:led_panel|Aw21024I2cBurstWriter:writer|currentByte[2]~9                                                                                                                                                                                                                                                                                   ; LCCOMB_X14_Y17_N20 ; 7       ; Clock enable                          ; no     ; --                   ; --               ; --                        ;
; aw21024_led_panel:led_panel|Aw21024I2cBurstWriter:writer|lengthReg[4]~3                                                                                                                                                                                                                                                                                     ; LCCOMB_X15_Y17_N4  ; 49      ; Clock enable                          ; no     ; --                   ; --               ; --                        ;
; aw21024_led_panel:led_panel|Aw21024I2cBurstWriter:writer|tickCount[5]~10                                                                                                                                                                                                                                                                                    ; LCCOMB_X14_Y17_N0  ; 8       ; Sync. clear                           ; no     ; --                   ; --               ; --                        ;
; aw21024_led_panel:led_panel|delayCount[12]~19                                                                                                                                                                                                                                                                                                               ; LCCOMB_X12_Y19_N24 ; 17      ; Sync. clear                           ; no     ; --                   ; --               ; --                        ;
; aw21024_led_panel:led_panel|delayCount[12]~21                                                                                                                                                                                                                                                                                                               ; LCCOMB_X12_Y19_N12 ; 17      ; Clock enable                          ; no     ; --                   ; --               ; --                        ;
; aw21024_led_panel:led_panel|displayedAddr[13]~1                                                                                                                                                                                                                                                                                                             ; LCCOMB_X17_Y17_N26 ; 61      ; Clock enable, Sync. load              ; no     ; --                   ; --               ; --                        ;
; aw21024_led_panel:led_panel|holdCount[10]~25                                                                                                                                                                                                                                                                                                                ; LCCOMB_X17_Y17_N20 ; 23      ; Clock enable                          ; no     ; --                   ; --               ; --                        ;
; aw21024_led_panel:led_panel|initIndex[1]~4                                                                                                                                                                                                                                                                                                                  ; LCCOMB_X12_Y19_N26 ; 4       ; Clock enable                          ; no     ; --                   ; --               ; --                        ;
; aw21024_led_panel:led_panel|refreshData[15]~1                                                                                                                                                                                                                                                                                                               ; LCCOMB_X20_Y18_N4  ; 38      ; Clock enable                          ; no     ; --                   ; --               ; --                        ;
; aw21024_led_panel:led_panel|refreshIndex[1]~3                                                                                                                                                                                                                                                                                                               ; LCCOMB_X10_Y19_N4  ; 3       ; Clock enable                          ; no     ; --                   ; --               ; --                        ;
; aw21024_led_panel:led_panel|sampledData[4]~1                                                                                                                                                                                                                                                                                                                ; LCCOMB_X24_Y18_N22 ; 58      ; Clock enable, Sync. clear             ; no     ; --                   ; --               ; --                        ;
; aw21024_led_panel:led_panel|state~9                                                                                                                                                                                                                                                                                                                         ; LCCOMB_X11_Y17_N10 ; 3       ; Clock enable                          ; no     ; --                   ; --               ; --                        ;
; clk50                                                                                                                                                                                                                                                                                                                                                       ; PIN_G21            ; 1509    ; Clock                                 ; yes    ; Global Clock         ; GCLK9            ; --                        ;
; dcj11_sram_2kb_hello_core:core|Kl11Lite:kl11|Queue64_UInt8:txQueue|do_enq~4                                                                                                                                                                                                                                                                                 ; LCCOMB_X21_Y9_N10  ; 3       ; Clock enable, Write enable            ; no     ; --                   ; --               ; --                        ;
; dcj11_sram_2kb_hello_core:core|Kl11Lite:kl11|Queue64_UInt8:txQueue|enq_ptr_value[5]~10                                                                                                                                                                                                                                                                      ; LCCOMB_X21_Y9_N8   ; 6       ; Clock enable                          ; no     ; --                   ; --               ; --                        ;
; dcj11_sram_2kb_hello_core:core|Kl11Lite:kl11|UartRx:rx|bitIndex[2]~4                                                                                                                                                                                                                                                                                        ; LCCOMB_X27_Y21_N18 ; 3       ; Clock enable                          ; no     ; --                   ; --               ; --                        ;
; dcj11_sram_2kb_hello_core:core|Kl11Lite:kl11|UartRx:rx|bitTimer[7]~5                                                                                                                                                                                                                                                                                        ; LCCOMB_X27_Y21_N28 ; 9       ; Clock enable, Sync. load              ; no     ; --                   ; --               ; --                        ;
; dcj11_sram_2kb_hello_core:core|Kl11Lite:kl11|UartRx:rx|dataReg[6]~25                                                                                                                                                                                                                                                                                        ; LCCOMB_X27_Y21_N22 ; 8       ; Clock enable                          ; no     ; --                   ; --               ; --                        ;
; dcj11_sram_2kb_hello_core:core|Kl11Lite:kl11|UartRx:rx|idleHighCount[6]~11                                                                                                                                                                                                                                                                                  ; LCCOMB_X27_Y22_N4  ; 10      ; Sync. clear                           ; no     ; --                   ; --               ; --                        ;
; dcj11_sram_2kb_hello_core:core|Kl11Lite:kl11|UartRx:rx|idleHighCount[6]~12                                                                                                                                                                                                                                                                                  ; LCCOMB_X27_Y22_N6  ; 9       ; Clock enable                          ; no     ; --                   ; --               ; --                        ;
; dcj11_sram_2kb_hello_core:core|Kl11Lite:kl11|rxData[3]~1                                                                                                                                                                                                                                                                                                    ; LCCOMB_X23_Y11_N2  ; 8       ; Clock enable                          ; no     ; --                   ; --               ; --                        ;
; dcj11_sram_2kb_hello_core:core|UartTx:tx|bitIndex[3]~1                                                                                                                                                                                                                                                                                                      ; LCCOMB_X20_Y10_N24 ; 12      ; Clock enable                          ; no     ; --                   ; --               ; --                        ;
; dcj11_sram_2kb_hello_core:core|UartTx:tx|bitTimer[8]~11                                                                                                                                                                                                                                                                                                     ; LCCOMB_X21_Y10_N8  ; 9       ; Sync. load                            ; no     ; --                   ; --               ; --                        ;
; dcj11_sram_2kb_hello_core:core|UartTx:tx|bitTimer[8]~12                                                                                                                                                                                                                                                                                                     ; LCCOMB_X21_Y10_N10 ; 9       ; Clock enable                          ; no     ; --                   ; --               ; --                        ;
; dcj11_sram_2kb_hello_core:core|abort_led_pulse_count[11]~26                                                                                                                                                                                                                                                                                                 ; LCCOMB_X30_Y8_N4   ; 32      ; Clock enable                          ; no     ; --                   ; --               ; --                        ;
; dcj11_sram_2kb_hello_core:core|abort_pulse_count[12]~1                                                                                                                                                                                                                                                                                                      ; LCCOMB_X10_Y13_N22 ; 49      ; Clock enable                          ; no     ; --                   ; --               ; --                        ;
; dcj11_sram_2kb_hello_core:core|abort_pulse_count[12]~3                                                                                                                                                                                                                                                                                                      ; LCCOMB_X10_Y13_N8  ; 32      ; Clock enable                          ; no     ; --                   ; --               ; --                        ;
; dcj11_sram_2kb_hello_core:core|bus_reset~0                                                                                                                                                                                                                                                                                                                  ; LCCOMB_X21_Y9_N4   ; 2       ; Clock enable                          ; no     ; --                   ; --               ; --                        ;
; dcj11_sram_2kb_hello_core:core|ctrl_addr[15]~41                                                                                                                                                                                                                                                                                                             ; LCCOMB_X23_Y12_N18 ; 10      ; Clock enable                          ; no     ; --                   ; --               ; --                        ;
; dcj11_sram_2kb_hello_core:core|ctrl_addr[6]~14                                                                                                                                                                                                                                                                                                              ; LCCOMB_X22_Y12_N26 ; 27      ; Clock enable                          ; no     ; --                   ; --               ; --                        ;
; dcj11_sram_2kb_hello_core:core|ctrl_byte_en[0]~6                                                                                                                                                                                                                                                                                                            ; LCCOMB_X23_Y12_N12 ; 2       ; Clock enable                          ; no     ; --                   ; --               ; --                        ;
; dcj11_sram_2kb_hello_core:core|ctrl_wdata[9]~9                                                                                                                                                                                                                                                                                                              ; LCCOMB_X27_Y13_N24 ; 16      ; Sync. clear                           ; no     ; --                   ; --               ; --                        ;
; dcj11_sram_2kb_hello_core:core|dal_oe~3                                                                                                                                                                                                                                                                                                                     ; LCCOMB_X22_Y4_N8   ; 16      ; Output enable                         ; no     ; --                   ; --               ; --                        ;
; dcj11_sram_2kb_hello_core:core|last_aio[3]~1                                                                                                                                                                                                                                                                                                                ; LCCOMB_X10_Y13_N4  ; 6       ; Clock enable                          ; no     ; --                   ; --               ; --                        ;
; dcj11_sram_2kb_hello_core:core|last_data_phase[15]~23                                                                                                                                                                                                                                                                                                       ; LCCOMB_X23_Y13_N26 ; 16      ; Clock enable                          ; no     ; --                   ; --               ; --                        ;
; dcj11_sram_2kb_hello_core:core|last_data_phase[7]~43                                                                                                                                                                                                                                                                                                        ; LCCOMB_X22_Y14_N8  ; 8       ; Sync. clear                           ; no     ; --                   ; --               ; --                        ;
; dcj11_sram_2kb_hello_core:core|mem_read_data[0]~0                                                                                                                                                                                                                                                                                                           ; LCCOMB_X21_Y11_N2  ; 16      ; Clock enable                          ; no     ; --                   ; --               ; --                        ;
; dcj11_sram_2kb_hello_core:core|mem_write_addr[1]~5                                                                                                                                                                                                                                                                                                          ; LCCOMB_X26_Y10_N0  ; 23      ; Clock enable                          ; no     ; --                   ; --               ; --                        ;
; dcj11_sram_2kb_hello_core:core|preload_done                                                                                                                                                                                                                                                                                                                 ; FF_X22_Y12_N13     ; 138     ; Clock enable, Sync. clear, Sync. load ; no     ; --                   ; --               ; --                        ;
; dcj11_sram_2kb_hello_core:core|preload_index[5]~9                                                                                                                                                                                                                                                                                                           ; LCCOMB_X22_Y13_N0  ; 6       ; Clock enable                          ; no     ; --                   ; --               ; --                        ;
; dcj11_sram_2kb_hello_core:core|preload_state.PRE_PROG_WAIT                                                                                                                                                                                                                                                                                                  ; FF_X22_Y14_N1      ; 11      ; Sync. clear                           ; no     ; --                   ; --               ; --                        ;
; dcj11_sram_2kb_hello_core:core|preload_state~18                                                                                                                                                                                                                                                                                                             ; LCCOMB_X22_Y14_N18 ; 2       ; Clock enable                          ; no     ; --                   ; --               ; --                        ;
; dcj11_sram_2kb_hello_core:core|preload_word[10]~14                                                                                                                                                                                                                                                                                                          ; LCCOMB_X22_Y14_N22 ; 10      ; Clock enable                          ; no     ; --                   ; --               ; --                        ;
; dcj11_sram_2kb_hello_core:core|sram_dual_x8_bus16:sram_ip|rdata[12]~1                                                                                                                                                                                                                                                                                       ; LCCOMB_X22_Y16_N20 ; 16      ; Clock enable                          ; no     ; --                   ; --               ; --                        ;
; dcj11_sram_2kb_hello_core:core|sram_dual_x8_bus16:sram_ip|sram_addr[17]~1                                                                                                                                                                                                                                                                                   ; LCCOMB_X22_Y16_N12 ; 22      ; Clock enable                          ; no     ; --                   ; --               ; --                        ;
; dcj11_sram_2kb_hello_core:core|sram_dual_x8_bus16:sram_ip|sram_dq_hi_drive                                                                                                                                                                                                                                                                                  ; FF_X22_Y16_N5      ; 9       ; Output enable                         ; no     ; --                   ; --               ; --                        ;
; dcj11_sram_2kb_hello_core:core|sram_dual_x8_bus16:sram_ip|sram_dq_hi_out~0                                                                                                                                                                                                                                                                                  ; LCCOMB_X22_Y16_N14 ; 16      ; Clock enable                          ; no     ; --                   ; --               ; --                        ;
; dcj11_sram_2kb_hello_core:core|sram_dual_x8_bus16:sram_ip|sram_dq_lo_drive                                                                                                                                                                                                                                                                                  ; FF_X22_Y16_N19     ; 9       ; Output enable                         ; no     ; --                   ; --               ; --                        ;
; dcj11_sram_2kb_hello_core:core|sram_dual_x8_bus16:sram_ip|sram_we_lo_n~1                                                                                                                                                                                                                                                                                    ; LCCOMB_X21_Y16_N16 ; 35      ; Clock enable, Sync. clear             ; no     ; --                   ; --               ; --                        ;
; dcj11_sram_2kb_hello_core:core|sram_dual_x8_bus16:sram_ip|wait_count[20]~34                                                                                                                                                                                                                                                                                 ; LCCOMB_X22_Y16_N28 ; 32      ; Clock enable                          ; no     ; --                   ; --               ; --                        ;
; dcj_ale_n                                                                                                                                                                                                                                                                                                                                                   ; PIN_Y22            ; 31      ; Clock                                 ; no     ; --                   ; --               ; --                        ;
; dcj_init_n                                                                                                                                                                                                                                                                                                                                                  ; PIN_W20            ; 82      ; Sync. clear, Sync. load               ; no     ; --                   ; --               ; --                        ;
; dcj_sctl_n                                                                                                                                                                                                                                                                                                                                                  ; PIN_W22            ; 19      ; Clock                                 ; no     ; --                   ; --               ; --                        ;
; fpga_reset_n                                                                                                                                                                                                                                                                                                                                                ; FF_X30_Y23_N1      ; 295     ; Sync. clear, Sync. load               ; no     ; --                   ; --               ; --                        ;
; fpga_reset_n                                                                                                                                                                                                                                                                                                                                                ; FF_X30_Y23_N1      ; 228     ; Async. clear                          ; yes    ; Global Clock         ; GCLK0            ; --                        ;
; fpga_reset_n~9                                                                                                                                                                                                                                                                                                                                              ; LCCOMB_X30_Y23_N10 ; 32      ; Clock enable                          ; no     ; --                   ; --               ; --                        ;
; init_drive_low~0                                                                                                                                                                                                                                                                                                                                            ; LCCOMB_X26_Y10_N28 ; 33      ; Sync. clear                           ; no     ; --                   ; --               ; --                        ;
; init_drive_low~1                                                                                                                                                                                                                                                                                                                                            ; LCCOMB_X26_Y10_N6  ; 33      ; Clock enable                          ; no     ; --                   ; --               ; --                        ;
; sld_hub:auto_hub|alt_sld_fab_with_jtag_input:\instrumentation_fabric_with_node_gen:fabric_gen_new_way:with_jtag_input_gen:instrumentation_fabric|alt_sld_fab:instrumentation_fabric|alt_sld_fab_alt_sld_fab:alt_sld_fab|alt_sld_fab_alt_sld_fab_sldfabric:sldfabric|sld_jtag_hub:\jtag_hub_gen:real_sld_jtag_hub|clr_reg                                    ; FF_X10_Y15_N17     ; 27      ; Async. clear                          ; no     ; --                   ; --               ; --                        ;
; sld_hub:auto_hub|alt_sld_fab_with_jtag_input:\instrumentation_fabric_with_node_gen:fabric_gen_new_way:with_jtag_input_gen:instrumentation_fabric|alt_sld_fab:instrumentation_fabric|alt_sld_fab_alt_sld_fab:alt_sld_fab|alt_sld_fab_alt_sld_fab_sldfabric:sldfabric|sld_jtag_hub:\jtag_hub_gen:real_sld_jtag_hub|design_hash_proc~0                         ; LCCOMB_X9_Y14_N6   ; 4       ; Sync. load                            ; no     ; --                   ; --               ; --                        ;
; sld_hub:auto_hub|alt_sld_fab_with_jtag_input:\instrumentation_fabric_with_node_gen:fabric_gen_new_way:with_jtag_input_gen:instrumentation_fabric|alt_sld_fab:instrumentation_fabric|alt_sld_fab_alt_sld_fab:alt_sld_fab|alt_sld_fab_alt_sld_fab_sldfabric:sldfabric|sld_jtag_hub:\jtag_hub_gen:real_sld_jtag_hub|hub_info_reg_ena                           ; LCCOMB_X9_Y14_N8   ; 4       ; Clock enable                          ; no     ; --                   ; --               ; --                        ;
; sld_hub:auto_hub|alt_sld_fab_with_jtag_input:\instrumentation_fabric_with_node_gen:fabric_gen_new_way:with_jtag_input_gen:instrumentation_fabric|alt_sld_fab:instrumentation_fabric|alt_sld_fab_alt_sld_fab:alt_sld_fab|alt_sld_fab_alt_sld_fab_sldfabric:sldfabric|sld_jtag_hub:\jtag_hub_gen:real_sld_jtag_hub|hub_info_reg_ena~0                         ; LCCOMB_X12_Y15_N12 ; 5       ; Clock enable                          ; no     ; --                   ; --               ; --                        ;
; sld_hub:auto_hub|alt_sld_fab_with_jtag_input:\instrumentation_fabric_with_node_gen:fabric_gen_new_way:with_jtag_input_gen:instrumentation_fabric|alt_sld_fab:instrumentation_fabric|alt_sld_fab_alt_sld_fab:alt_sld_fab|alt_sld_fab_alt_sld_fab_sldfabric:sldfabric|sld_jtag_hub:\jtag_hub_gen:real_sld_jtag_hub|identity_contrib_shift_reg[0]~1            ; LCCOMB_X10_Y16_N2  ; 4       ; Clock enable                          ; no     ; --                   ; --               ; --                        ;
; sld_hub:auto_hub|alt_sld_fab_with_jtag_input:\instrumentation_fabric_with_node_gen:fabric_gen_new_way:with_jtag_input_gen:instrumentation_fabric|alt_sld_fab:instrumentation_fabric|alt_sld_fab_alt_sld_fab:alt_sld_fab|alt_sld_fab_alt_sld_fab_sldfabric:sldfabric|sld_jtag_hub:\jtag_hub_gen:real_sld_jtag_hub|irf_reg[1][0]~0                            ; LCCOMB_X11_Y15_N26 ; 10      ; Clock enable                          ; no     ; --                   ; --               ; --                        ;
; sld_hub:auto_hub|alt_sld_fab_with_jtag_input:\instrumentation_fabric_with_node_gen:fabric_gen_new_way:with_jtag_input_gen:instrumentation_fabric|alt_sld_fab:instrumentation_fabric|alt_sld_fab_alt_sld_fab:alt_sld_fab|alt_sld_fab_alt_sld_fab_sldfabric:sldfabric|sld_jtag_hub:\jtag_hub_gen:real_sld_jtag_hub|irf_reg[1][4]                              ; FF_X15_Y15_N1      ; 41      ; Clock enable                          ; no     ; --                   ; --               ; --                        ;
; sld_hub:auto_hub|alt_sld_fab_with_jtag_input:\instrumentation_fabric_with_node_gen:fabric_gen_new_way:with_jtag_input_gen:instrumentation_fabric|alt_sld_fab:instrumentation_fabric|alt_sld_fab_alt_sld_fab:alt_sld_fab|alt_sld_fab_alt_sld_fab_sldfabric:sldfabric|sld_jtag_hub:\jtag_hub_gen:real_sld_jtag_hub|irf_reg[1][7]                              ; FF_X15_Y15_N31     ; 31      ; Clock enable                          ; no     ; --                   ; --               ; --                        ;
; sld_hub:auto_hub|alt_sld_fab_with_jtag_input:\instrumentation_fabric_with_node_gen:fabric_gen_new_way:with_jtag_input_gen:instrumentation_fabric|alt_sld_fab:instrumentation_fabric|alt_sld_fab_alt_sld_fab:alt_sld_fab|alt_sld_fab_alt_sld_fab_sldfabric:sldfabric|sld_jtag_hub:\jtag_hub_gen:real_sld_jtag_hub|irsr_reg[2]~2                              ; LCCOMB_X14_Y15_N28 ; 9       ; Clock enable                          ; no     ; --                   ; --               ; --                        ;
; sld_hub:auto_hub|alt_sld_fab_with_jtag_input:\instrumentation_fabric_with_node_gen:fabric_gen_new_way:with_jtag_input_gen:instrumentation_fabric|alt_sld_fab:instrumentation_fabric|alt_sld_fab_alt_sld_fab:alt_sld_fab|alt_sld_fab_alt_sld_fab_sldfabric:sldfabric|sld_jtag_hub:\jtag_hub_gen:real_sld_jtag_hub|mixer_addr_reg_internal[4]~10              ; LCCOMB_X10_Y14_N14 ; 5       ; Clock enable                          ; no     ; --                   ; --               ; --                        ;
; sld_hub:auto_hub|alt_sld_fab_with_jtag_input:\instrumentation_fabric_with_node_gen:fabric_gen_new_way:with_jtag_input_gen:instrumentation_fabric|alt_sld_fab:instrumentation_fabric|alt_sld_fab_alt_sld_fab:alt_sld_fab|alt_sld_fab_alt_sld_fab_sldfabric:sldfabric|sld_jtag_hub:\jtag_hub_gen:real_sld_jtag_hub|mixer_addr_reg_internal[4]~19              ; LCCOMB_X10_Y14_N28 ; 5       ; Sync. load                            ; no     ; --                   ; --               ; --                        ;
; sld_hub:auto_hub|alt_sld_fab_with_jtag_input:\instrumentation_fabric_with_node_gen:fabric_gen_new_way:with_jtag_input_gen:instrumentation_fabric|alt_sld_fab:instrumentation_fabric|alt_sld_fab_alt_sld_fab:alt_sld_fab|alt_sld_fab_alt_sld_fab_sldfabric:sldfabric|sld_jtag_hub:\jtag_hub_gen:real_sld_jtag_hub|reset_ena_reg_proc~0                       ; LCCOMB_X11_Y15_N14 ; 3       ; Clock enable                          ; no     ; --                   ; --               ; --                        ;
; sld_hub:auto_hub|alt_sld_fab_with_jtag_input:\instrumentation_fabric_with_node_gen:fabric_gen_new_way:with_jtag_input_gen:instrumentation_fabric|alt_sld_fab:instrumentation_fabric|alt_sld_fab_alt_sld_fab:alt_sld_fab|alt_sld_fab_alt_sld_fab_sldfabric:sldfabric|sld_jtag_hub:\jtag_hub_gen:real_sld_jtag_hub|sld_rom_sr:hub_info_reg|WORD_SR[1]~17      ; LCCOMB_X9_Y14_N22  ; 4       ; Clock enable                          ; no     ; --                   ; --               ; --                        ;
; sld_hub:auto_hub|alt_sld_fab_with_jtag_input:\instrumentation_fabric_with_node_gen:fabric_gen_new_way:with_jtag_input_gen:instrumentation_fabric|alt_sld_fab:instrumentation_fabric|alt_sld_fab_alt_sld_fab:alt_sld_fab|alt_sld_fab_alt_sld_fab_sldfabric:sldfabric|sld_jtag_hub:\jtag_hub_gen:real_sld_jtag_hub|sld_rom_sr:hub_info_reg|word_counter[0]~13 ; LCCOMB_X8_Y14_N4   ; 5       ; Sync. clear                           ; no     ; --                   ; --               ; --                        ;
; sld_hub:auto_hub|alt_sld_fab_with_jtag_input:\instrumentation_fabric_with_node_gen:fabric_gen_new_way:with_jtag_input_gen:instrumentation_fabric|alt_sld_fab:instrumentation_fabric|alt_sld_fab_alt_sld_fab:alt_sld_fab|alt_sld_fab_alt_sld_fab_sldfabric:sldfabric|sld_jtag_hub:\jtag_hub_gen:real_sld_jtag_hub|sld_rom_sr:hub_info_reg|word_counter[0]~20 ; LCCOMB_X9_Y14_N24  ; 5       ; Clock enable                          ; no     ; --                   ; --               ; --                        ;
; sld_hub:auto_hub|alt_sld_fab_with_jtag_input:\instrumentation_fabric_with_node_gen:fabric_gen_new_way:with_jtag_input_gen:instrumentation_fabric|alt_sld_fab:instrumentation_fabric|alt_sld_fab_alt_sld_fab:alt_sld_fab|alt_sld_fab_alt_sld_fab_sldfabric:sldfabric|sld_jtag_hub:\jtag_hub_gen:real_sld_jtag_hub|sld_shadow_jsm:shadow_jsm|state[0]         ; FF_X10_Y15_N27     ; 15      ; Async. clear                          ; no     ; --                   ; --               ; --                        ;
; sld_hub:auto_hub|alt_sld_fab_with_jtag_input:\instrumentation_fabric_with_node_gen:fabric_gen_new_way:with_jtag_input_gen:instrumentation_fabric|alt_sld_fab:instrumentation_fabric|alt_sld_fab_alt_sld_fab:alt_sld_fab|alt_sld_fab_alt_sld_fab_sldfabric:sldfabric|sld_jtag_hub:\jtag_hub_gen:real_sld_jtag_hub|sld_shadow_jsm:shadow_jsm|state[11]        ; FF_X10_Y15_N19     ; 12      ; Clock enable                          ; no     ; --                   ; --               ; --                        ;
; sld_hub:auto_hub|alt_sld_fab_with_jtag_input:\instrumentation_fabric_with_node_gen:fabric_gen_new_way:with_jtag_input_gen:instrumentation_fabric|alt_sld_fab:instrumentation_fabric|alt_sld_fab_alt_sld_fab:alt_sld_fab|alt_sld_fab_alt_sld_fab_sldfabric:sldfabric|sld_jtag_hub:\jtag_hub_gen:real_sld_jtag_hub|sld_shadow_jsm:shadow_jsm|state[3]         ; FF_X10_Y15_N23     ; 36      ; Sync. load                            ; no     ; --                   ; --               ; --                        ;
; sld_hub:auto_hub|alt_sld_fab_with_jtag_input:\instrumentation_fabric_with_node_gen:fabric_gen_new_way:with_jtag_input_gen:instrumentation_fabric|alt_sld_fab:instrumentation_fabric|alt_sld_fab_alt_sld_fab:alt_sld_fab|alt_sld_fab_alt_sld_fab_sldfabric:sldfabric|sld_jtag_hub:\jtag_hub_gen:real_sld_jtag_hub|sld_shadow_jsm:shadow_jsm|state[4]         ; FF_X11_Y15_N1      ; 32      ; Sync. load                            ; no     ; --                   ; --               ; --                        ;
; sld_hub:auto_hub|alt_sld_fab_with_jtag_input:\instrumentation_fabric_with_node_gen:fabric_gen_new_way:with_jtag_input_gen:instrumentation_fabric|alt_sld_fab:instrumentation_fabric|alt_sld_fab_alt_sld_fab:alt_sld_fab|alt_sld_fab_alt_sld_fab_sldfabric:sldfabric|sld_jtag_hub:\jtag_hub_gen:real_sld_jtag_hub|virtual_ir_dr_scan_proc~0                  ; LCCOMB_X10_Y15_N6  ; 3       ; Clock enable                          ; no     ; --                   ; --               ; --                        ;
; sld_hub:auto_hub|alt_sld_fab_with_jtag_input:\instrumentation_fabric_with_node_gen:fabric_gen_new_way:with_jtag_input_gen:instrumentation_fabric|alt_sld_fab:instrumentation_fabric|alt_sld_fab_alt_sld_fab:alt_sld_fab|alt_sld_fab_alt_sld_fab_sldfabric:sldfabric|sld_jtag_hub:\jtag_hub_gen:real_sld_jtag_hub|virtual_ir_scan_reg                        ; FF_X11_Y14_N17     ; 35      ; Async. clear, Clock enable            ; no     ; --                   ; --               ; --                        ;
; sld_hub:auto_hub|alt_sld_fab_with_jtag_input:\instrumentation_fabric_with_node_gen:fabric_gen_new_way:with_jtag_input_gen:instrumentation_fabric|alt_sld_fab:instrumentation_fabric|alt_sld_fab_alt_sld_fab:alt_sld_fab|sldfabric_ident_writedata[0]~0                                                                                                      ; LCCOMB_X10_Y16_N12 ; 4       ; Clock enable                          ; no     ; --                   ; --               ; --                        ;
; sld_signaltap:auto_signaltap_0|sld_signaltap_impl:sld_signaltap_body|sld_signaltap_implb:sld_signaltap_body|altdpram:\stp_non_zero_ram_gen:attribute_mem_gen:attribute_mem|lpm_decode:wdecoder|decode_dvf:auto_generated|eq_node[0]~1                                                                                                                       ; LCCOMB_X21_Y23_N18 ; 25      ; Clock enable                          ; no     ; --                   ; --               ; --                        ;
; sld_signaltap:auto_signaltap_0|sld_signaltap_impl:sld_signaltap_body|sld_signaltap_implb:sld_signaltap_body|altdpram:\stp_non_zero_ram_gen:attribute_mem_gen:attribute_mem|lpm_decode:wdecoder|decode_dvf:auto_generated|eq_node[1]~0                                                                                                                       ; LCCOMB_X21_Y23_N20 ; 25      ; Clock enable                          ; no     ; --                   ; --               ; --                        ;
; sld_signaltap:auto_signaltap_0|sld_signaltap_impl:sld_signaltap_body|sld_signaltap_implb:sld_signaltap_body|buffer_write_enable_delayed                                                                                                                                                                                                                     ; FF_X17_Y19_N31     ; 38      ; Clock enable, Write enable            ; no     ; --                   ; --               ; --                        ;
; sld_signaltap:auto_signaltap_0|sld_signaltap_impl:sld_signaltap_body|sld_signaltap_implb:sld_signaltap_body|collect_data                                                                                                                                                                                                                                    ; LCCOMB_X17_Y23_N10 ; 30      ; Clock enable                          ; no     ; --                   ; --               ; --                        ;
; sld_signaltap:auto_signaltap_0|sld_signaltap_impl:sld_signaltap_body|sld_signaltap_implb:sld_signaltap_body|process_0~0                                                                                                                                                                                                                                     ; LCCOMB_X16_Y15_N20 ; 32      ; Sync. clear                           ; no     ; --                   ; --               ; --                        ;
; sld_signaltap:auto_signaltap_0|sld_signaltap_impl:sld_signaltap_body|sld_signaltap_implb:sld_signaltap_body|process_0~1                                                                                                                                                                                                                                     ; LCCOMB_X16_Y15_N30 ; 32      ; Sync. load                            ; no     ; --                   ; --               ; --                        ;
; sld_signaltap:auto_signaltap_0|sld_signaltap_impl:sld_signaltap_body|sld_signaltap_implb:sld_signaltap_body|reset_all                                                                                                                                                                                                                                       ; FF_X19_Y15_N1      ; 416     ; Async. clear                          ; yes    ; Global Clock         ; GCLK5            ; --                        ;
; sld_signaltap:auto_signaltap_0|sld_signaltap_impl:sld_signaltap_body|sld_signaltap_implb:sld_signaltap_body|serial_crc_16:\tdo_crc_gen:tdo_crc_calc|lfsr[6]~1                                                                                                                                                                                               ; LCCOMB_X16_Y14_N26 ; 13      ; Clock enable                          ; no     ; --                   ; --               ; --                        ;
; sld_signaltap:auto_signaltap_0|sld_signaltap_impl:sld_signaltap_body|sld_signaltap_implb:sld_signaltap_body|sld_buffer_manager:sld_buffer_manager_inst|final_trigger_set~0                                                                                                                                                                                  ; LCCOMB_X17_Y19_N14 ; 26      ; Clock enable                          ; no     ; --                   ; --               ; --                        ;
; sld_signaltap:auto_signaltap_0|sld_signaltap_impl:sld_signaltap_body|sld_signaltap_implb:sld_signaltap_body|sld_buffer_manager:sld_buffer_manager_inst|last_buffer_write_address_sig[0]~0                                                                                                                                                                   ; LCCOMB_X17_Y19_N28 ; 12      ; Clock enable                          ; no     ; --                   ; --               ; --                        ;
; sld_signaltap:auto_signaltap_0|sld_signaltap_impl:sld_signaltap_body|sld_signaltap_implb:sld_signaltap_body|sld_offload_buffer_mgr:\stp_non_zero_depth_offload_gen:stp_offload_buff_mgr_inst|Equal2~1                                                                                                                                                       ; LCCOMB_X19_Y19_N24 ; 1       ; Clock enable                          ; no     ; --                   ; --               ; --                        ;
; sld_signaltap:auto_signaltap_0|sld_signaltap_impl:sld_signaltap_body|sld_signaltap_implb:sld_signaltap_body|sld_offload_buffer_mgr:\stp_non_zero_depth_offload_gen:stp_offload_buff_mgr_inst|acq_buf_read_reset                                                                                                                                             ; LCCOMB_X19_Y15_N28 ; 12      ; Sync. load                            ; no     ; --                   ; --               ; --                        ;
; sld_signaltap:auto_signaltap_0|sld_signaltap_impl:sld_signaltap_body|sld_signaltap_implb:sld_signaltap_body|sld_offload_buffer_mgr:\stp_non_zero_depth_offload_gen:stp_offload_buff_mgr_inst|lpm_counter:\adv_point_3_and_more:advance_pointer_counter|cntr_igi:auto_generated|counter_reg_bit[6]~0                                                         ; LCCOMB_X19_Y15_N26 ; 7       ; Sync. load                            ; no     ; --                   ; --               ; --                        ;
; sld_signaltap:auto_signaltap_0|sld_signaltap_impl:sld_signaltap_body|sld_signaltap_implb:sld_signaltap_body|sld_offload_buffer_mgr:\stp_non_zero_depth_offload_gen:stp_offload_buff_mgr_inst|lpm_counter:status_advance_pointer_counter|cntr_ggi:auto_generated|counter_reg_bit[4]~0                                                                        ; LCCOMB_X19_Y19_N28 ; 5       ; Sync. load                            ; no     ; --                   ; --               ; --                        ;
; sld_signaltap:auto_signaltap_0|sld_signaltap_impl:sld_signaltap_body|sld_signaltap_implb:sld_signaltap_body|sld_offload_buffer_mgr:\stp_non_zero_depth_offload_gen:stp_offload_buff_mgr_inst|lpm_counter:status_read_pointer_counter|cntr_23j:auto_generated|counter_reg_bit[0]~0                                                                           ; LCCOMB_X21_Y15_N8  ; 1       ; Sync. load                            ; no     ; --                   ; --               ; --                        ;
; sld_signaltap:auto_signaltap_0|sld_signaltap_impl:sld_signaltap_body|sld_signaltap_implb:sld_signaltap_body|sld_offload_buffer_mgr:\stp_non_zero_depth_offload_gen:stp_offload_buff_mgr_inst|read_pointer_counter_clk_ena                                                                                                                                   ; LCCOMB_X19_Y15_N30 ; 12      ; Clock enable                          ; no     ; --                   ; --               ; --                        ;
; sld_signaltap:auto_signaltap_0|sld_signaltap_impl:sld_signaltap_body|sld_signaltap_implb:sld_signaltap_body|sld_rom_sr:crc_rom_sr|WORD_SR[3]~8                                                                                                                                                                                                              ; LCCOMB_X27_Y11_N26 ; 4       ; Sync. clear                           ; no     ; --                   ; --               ; --                        ;
; sld_signaltap:auto_signaltap_0|sld_signaltap_impl:sld_signaltap_body|sld_signaltap_implb:sld_signaltap_body|sld_rom_sr:crc_rom_sr|WORD_SR[3]~9                                                                                                                                                                                                              ; LCCOMB_X27_Y11_N22 ; 4       ; Clock enable                          ; no     ; --                   ; --               ; --                        ;
; sld_signaltap:auto_signaltap_0|sld_signaltap_impl:sld_signaltap_body|sld_signaltap_implb:sld_signaltap_body|sld_rom_sr:crc_rom_sr|word_counter[2]~5                                                                                                                                                                                                         ; LCCOMB_X27_Y11_N0  ; 4       ; Clock enable                          ; no     ; --                   ; --               ; --                        ;
; sld_signaltap:auto_signaltap_0|sld_signaltap_impl:sld_signaltap_body|sld_signaltap_implb:sld_signaltap_body|status_shift_enable~1                                                                                                                                                                                                                           ; LCCOMB_X17_Y15_N18 ; 17      ; Clock enable                          ; no     ; --                   ; --               ; --                        ;
; sld_signaltap:auto_signaltap_0|sld_signaltap_impl:sld_signaltap_body|sld_signaltap_implb:sld_signaltap_body|tdo_crc_len_reg[14]~34                                                                                                                                                                                                                          ; LCCOMB_X17_Y14_N8  ; 32      ; Clock enable                          ; no     ; --                   ; --               ; --                        ;
; sld_signaltap:auto_signaltap_0|sld_signaltap_impl:sld_signaltap_body|sld_signaltap_implb:sld_signaltap_body|tdo_crc_val_shift_reg[0]~1                                                                                                                                                                                                                      ; LCCOMB_X17_Y14_N26 ; 16      ; Clock enable                          ; no     ; --                   ; --               ; --                        ;
; sld_signaltap:auto_signaltap_0|sld_signaltap_impl:sld_signaltap_body|sld_signaltap_implb:sld_signaltap_body|trigger_setup_ena                                                                                                                                                                                                                               ; LCCOMB_X16_Y15_N2  ; 236     ; Clock enable                          ; no     ; --                   ; --               ; --                        ;
+-------------------------------------------------------------------------------------------------------------------------------------------------------------------------------------------------------------------------------------------------------------------------------------------------------------------------------------------------------------+--------------------+---------+---------------------------------------+--------+----------------------+------------------+---------------------------+


+-------------------------------------------------------------------------------------------------------------------------------------------------------------------------------------------------------------------------------------------------------------------+
; Global & Other Fast Signals                                                                                                                                                                                                                                       ;
+-----------------------------------------------------------------------------------------------------------------------+--------------------+---------+--------------------------------------+----------------------+------------------+---------------------------+
; Name                                                                                                                  ; Location           ; Fan-Out ; Fan-Out Using Intentional Clock Skew ; Global Resource Used ; Global Line Name ; Enable Signal Source Name ;
+-----------------------------------------------------------------------------------------------------------------------+--------------------+---------+--------------------------------------+----------------------+------------------+---------------------------+
; altera_internal_jtag~TCKUTAP                                                                                          ; JTAG_X1_Y15_N0     ; 621     ; 0                                    ; Global Clock         ; GCLK4            ; --                        ;
; always2~0                                                                                                             ; LCCOMB_X26_Y10_N18 ; 46      ; 0                                    ; Global Clock         ; GCLK7            ; --                        ;
; clk50                                                                                                                 ; PIN_G21            ; 1509    ; 0                                    ; Global Clock         ; GCLK9            ; --                        ;
; fpga_reset_n                                                                                                          ; FF_X30_Y23_N1      ; 228     ; 0                                    ; Global Clock         ; GCLK0            ; --                        ;
; sld_signaltap:auto_signaltap_0|sld_signaltap_impl:sld_signaltap_body|sld_signaltap_implb:sld_signaltap_body|reset_all ; FF_X19_Y15_N1      ; 416     ; 0                                    ; Global Clock         ; GCLK5            ; --                        ;
+-----------------------------------------------------------------------------------------------------------------------+--------------------+---------+--------------------------------------+----------------------+------------------+---------------------------+


+-------------------------------------------------------------------------------------------------------------------------------------------------------------------------------------------------------------------------------------------------------------------------------------------------------------------------------------------------------------------------------------------------------------------------------------------------------------------------------------------------------------------------------------------------------------------------------------------------------------------------------------------------------------------------------------------------------------------------------------------------------------------------------------------------------------------------------------------------------------------------------------------------------------------------------------------------------------------------------------------------------------------------------------------------------------------------------------------------------------------------------------------------------------------------------------------------------------------------------------------------------------------------------------------+
; Fitter RAM Summary                                                                                                                                                                                                                                                                                                                                                                                                                                                                                                                                                                                                                                                                                                                                                                                                                                                                                                                                                                                                                                                                                                                                                                                                                                                                        ;
+-------------------------------------------------------------------------------------------------------------------------------------------------------------------------------------------------------+------+------------------+--------------+--------------+--------------+--------------+--------------+------------------------+-------------------------+------------------------+-------------------------+--------+-----------------------------+-----------------------------+-----------------------------+-----------------------------+---------------------+------+------+----------------------------------------------------------------------------------------------------------------------------------------------------------------------------------------------------------------------------------------------------------------------------------------------------------------------------------------------------------------------------------------------------------------------------------------------------------------------------------------------------------------------------------------------------------------------+----------------------+------------------------+------------------------+----------+------------------------+---------------+
; Name                                                                                                                                                                                                  ; Type ; Mode             ; Clock Mode   ; Port A Depth ; Port A Width ; Port B Depth ; Port B Width ; Port A Input Registers ; Port A Output Registers ; Port B Input Registers ; Port B Output Registers ; Size   ; Implementation Port A Depth ; Implementation Port A Width ; Implementation Port B Depth ; Implementation Port B Width ; Implementation Bits ; M9Ks ; MIF  ; Location                                                                                                                                                                                                                                                                                                                                                                                                                                                                                                                                                             ; Mixed Width RDW Mode ; Port A RDW Mode        ; Port B RDW Mode        ; ECC Mode ; ECC Pipeline Registers ; Fits in MLABs ;
+-------------------------------------------------------------------------------------------------------------------------------------------------------------------------------------------------------+------+------------------+--------------+--------------+--------------+--------------+--------------+------------------------+-------------------------+------------------------+-------------------------+--------+-----------------------------+-----------------------------+-----------------------------+-----------------------------+---------------------+------+------+----------------------------------------------------------------------------------------------------------------------------------------------------------------------------------------------------------------------------------------------------------------------------------------------------------------------------------------------------------------------------------------------------------------------------------------------------------------------------------------------------------------------------------------------------------------------+----------------------+------------------------+------------------------+----------+------------------------+---------------+
; dcj11_sram_2kb_hello_core:core|Kl11Lite:kl11|Queue64_UInt8:txQueue|ram_64x8:ram_ext|altsyncram:Memory_rtl_0|altsyncram_8ac1:auto_generated|ALTSYNCRAM                                                 ; AUTO ; Simple Dual Port ; Single Clock ; 64           ; 8            ; 64           ; 8            ; yes                    ; no                      ; yes                    ; no                      ; 512    ; 64                          ; 8                           ; 64                          ; 8                           ; 512                 ; 1    ; None ; M9K_X13_Y9_N0                                                                                                                                                                                                                                                                                                                                                                                                                                                                                                                                                        ; Don't care           ; New data with NBE Read ; New data with NBE Read ; Off      ; No                     ; No - Unknown  ;
; sld_signaltap:auto_signaltap_0|sld_signaltap_impl:sld_signaltap_body|sld_signaltap_implb:sld_signaltap_body|altsyncram:\stp_non_zero_ram_gen:stp_buffer_ram|altsyncram_cb24:auto_generated|ALTSYNCRAM ; AUTO ; Simple Dual Port ; Dual Clocks  ; 4096         ; 70           ; 4096         ; 70           ; yes                    ; no                      ; yes                    ; no                      ; 286720 ; 4096                        ; 70                          ; 4096                        ; 70                          ; 286720              ; 35   ; None ; M9K_X13_Y6_N0, M9K_X13_Y5_N0, M9K_X13_Y7_N0, M9K_X13_Y13_N0, M9K_X13_Y10_N0, M9K_X13_Y17_N0, M9K_X13_Y8_N0, M9K_X25_Y7_N0, M9K_X25_Y11_N0, M9K_X25_Y4_N0, M9K_X25_Y10_N0, M9K_X25_Y6_N0, M9K_X25_Y8_N0, M9K_X25_Y5_N0, M9K_X25_Y16_N0, M9K_X25_Y14_N0, M9K_X13_Y23_N0, M9K_X13_Y19_N0, M9K_X13_Y26_N0, M9K_X25_Y19_N0, M9K_X25_Y26_N0, M9K_X13_Y21_N0, M9K_X13_Y22_N0, M9K_X13_Y25_N0, M9K_X25_Y21_N0, M9K_X13_Y20_N0, M9K_X25_Y18_N0, M9K_X25_Y20_N0, M9K_X25_Y15_N0, M9K_X13_Y15_N0, M9K_X13_Y14_N0, M9K_X13_Y4_N0, M9K_X13_Y12_N0, M9K_X13_Y18_N0, M9K_X13_Y16_N0 ; Don't care           ; New data with NBE Read ; New data with NBE Read ; Off      ; No                     ; No - Unknown  ;
+-------------------------------------------------------------------------------------------------------------------------------------------------------------------------------------------------------+------+------------------+--------------+--------------+--------------+--------------+--------------+------------------------+-------------------------+------------------------+-------------------------+--------+-----------------------------+-----------------------------+-----------------------------+-----------------------------+---------------------+------+------+----------------------------------------------------------------------------------------------------------------------------------------------------------------------------------------------------------------------------------------------------------------------------------------------------------------------------------------------------------------------------------------------------------------------------------------------------------------------------------------------------------------------------------------------------------------------+----------------------+------------------------+------------------------+----------+------------------------+---------------+
Note: Fitter may spread logical memories into multiple blocks to improve timing. The actual required RAM blocks can be found in the Fitter Resource Usage section.


+-------------------------------------------------+
; Routing Usage Summary                           ;
+-----------------------+-------------------------+
; Routing Resource Type ; Usage                   ;
+-----------------------+-------------------------+
; Block interconnects   ; 3,723 / 47,787 ( 8 % )  ;
; C16 interconnects     ; 104 / 1,804 ( 6 % )     ;
; C4 interconnects      ; 1,849 / 31,272 ( 6 % )  ;
; Direct links          ; 742 / 47,787 ( 2 % )    ;
; Global clocks         ; 5 / 20 ( 25 % )         ;
; Local interconnects   ; 1,849 / 15,408 ( 12 % ) ;
; R24 interconnects     ; 109 / 1,775 ( 6 % )     ;
; R4 interconnects      ; 2,054 / 41,310 ( 5 % )  ;
+-----------------------+-------------------------+


+-----------------------------------------------------------------------------+
; LAB Logic Elements                                                          ;
+---------------------------------------------+-------------------------------+
; Number of Logic Elements  (Average = 11.85) ; Number of LABs  (Total = 247) ;
+---------------------------------------------+-------------------------------+
; 1                                           ; 21                            ;
; 2                                           ; 5                             ;
; 3                                           ; 7                             ;
; 4                                           ; 2                             ;
; 5                                           ; 12                            ;
; 6                                           ; 6                             ;
; 7                                           ; 3                             ;
; 8                                           ; 2                             ;
; 9                                           ; 7                             ;
; 10                                          ; 13                            ;
; 11                                          ; 10                            ;
; 12                                          ; 8                             ;
; 13                                          ; 8                             ;
; 14                                          ; 12                            ;
; 15                                          ; 33                            ;
; 16                                          ; 98                            ;
+---------------------------------------------+-------------------------------+


+--------------------------------------------------------------------+
; LAB-wide Signals                                                   ;
+------------------------------------+-------------------------------+
; LAB-wide Signals  (Average = 1.96) ; Number of LABs  (Total = 247) ;
+------------------------------------+-------------------------------+
; 1 Async. clear                     ; 95                            ;
; 1 Clock                            ; 180                           ;
; 1 Clock enable                     ; 92                            ;
; 1 Sync. clear                      ; 22                            ;
; 1 Sync. load                       ; 13                            ;
; 2 Async. clears                    ; 2                             ;
; 2 Clock enables                    ; 34                            ;
; 2 Clocks                           ; 46                            ;
+------------------------------------+-------------------------------+


+------------------------------------------------------------------------------+
; LAB Signals Sourced                                                          ;
+----------------------------------------------+-------------------------------+
; Number of Signals Sourced  (Average = 19.40) ; Number of LABs  (Total = 247) ;
+----------------------------------------------+-------------------------------+
; 0                                            ; 1                             ;
; 1                                            ; 8                             ;
; 2                                            ; 14                            ;
; 3                                            ; 3                             ;
; 4                                            ; 3                             ;
; 5                                            ; 4                             ;
; 6                                            ; 2                             ;
; 7                                            ; 0                             ;
; 8                                            ; 5                             ;
; 9                                            ; 3                             ;
; 10                                           ; 6                             ;
; 11                                           ; 5                             ;
; 12                                           ; 3                             ;
; 13                                           ; 2                             ;
; 14                                           ; 3                             ;
; 15                                           ; 5                             ;
; 16                                           ; 11                            ;
; 17                                           ; 5                             ;
; 18                                           ; 16                            ;
; 19                                           ; 7                             ;
; 20                                           ; 11                            ;
; 21                                           ; 11                            ;
; 22                                           ; 8                             ;
; 23                                           ; 14                            ;
; 24                                           ; 14                            ;
; 25                                           ; 8                             ;
; 26                                           ; 6                             ;
; 27                                           ; 12                            ;
; 28                                           ; 17                            ;
; 29                                           ; 10                            ;
; 30                                           ; 14                            ;
; 31                                           ; 4                             ;
; 32                                           ; 12                            ;
+----------------------------------------------+-------------------------------+


+---------------------------------------------------------------------------------+
; LAB Signals Sourced Out                                                         ;
+-------------------------------------------------+-------------------------------+
; Number of Signals Sourced Out  (Average = 6.18) ; Number of LABs  (Total = 247) ;
+-------------------------------------------------+-------------------------------+
; 0                                               ; 1                             ;
; 1                                               ; 44                            ;
; 2                                               ; 43                            ;
; 3                                               ; 24                            ;
; 4                                               ; 19                            ;
; 5                                               ; 11                            ;
; 6                                               ; 7                             ;
; 7                                               ; 7                             ;
; 8                                               ; 11                            ;
; 9                                               ; 8                             ;
; 10                                              ; 12                            ;
; 11                                              ; 15                            ;
; 12                                              ; 8                             ;
; 13                                              ; 11                            ;
; 14                                              ; 4                             ;
; 15                                              ; 4                             ;
; 16                                              ; 15                            ;
; 17                                              ; 2                             ;
; 18                                              ; 0                             ;
; 19                                              ; 0                             ;
; 20                                              ; 0                             ;
; 21                                              ; 0                             ;
; 22                                              ; 0                             ;
; 23                                              ; 0                             ;
; 24                                              ; 0                             ;
; 25                                              ; 0                             ;
; 26                                              ; 0                             ;
; 27                                              ; 0                             ;
; 28                                              ; 1                             ;
+-------------------------------------------------+-------------------------------+


+------------------------------------------------------------------------------+
; LAB Distinct Inputs                                                          ;
+----------------------------------------------+-------------------------------+
; Number of Distinct Inputs  (Average = 10.56) ; Number of LABs  (Total = 247) ;
+----------------------------------------------+-------------------------------+
; 0                                            ; 0                             ;
; 1                                            ; 1                             ;
; 2                                            ; 21                            ;
; 3                                            ; 35                            ;
; 4                                            ; 12                            ;
; 5                                            ; 9                             ;
; 6                                            ; 12                            ;
; 7                                            ; 15                            ;
; 8                                            ; 8                             ;
; 9                                            ; 22                            ;
; 10                                           ; 7                             ;
; 11                                           ; 9                             ;
; 12                                           ; 7                             ;
; 13                                           ; 4                             ;
; 14                                           ; 11                            ;
; 15                                           ; 6                             ;
; 16                                           ; 8                             ;
; 17                                           ; 8                             ;
; 18                                           ; 5                             ;
; 19                                           ; 8                             ;
; 20                                           ; 7                             ;
; 21                                           ; 3                             ;
; 22                                           ; 8                             ;
; 23                                           ; 5                             ;
; 24                                           ; 4                             ;
; 25                                           ; 1                             ;
; 26                                           ; 2                             ;
; 27                                           ; 0                             ;
; 28                                           ; 4                             ;
; 29                                           ; 1                             ;
; 30                                           ; 1                             ;
; 31                                           ; 0                             ;
; 32                                           ; 0                             ;
; 33                                           ; 0                             ;
; 34                                           ; 0                             ;
; 35                                           ; 1                             ;
+----------------------------------------------+-------------------------------+


+------------------------------------------+
; I/O Rules Summary                        ;
+----------------------------------+-------+
; I/O Rules Statistic              ; Total ;
+----------------------------------+-------+
; Total I/O Rules                  ; 30    ;
; Number of I/O Rules Passed       ; 10    ;
; Number of I/O Rules Failed       ; 0     ;
; Number of I/O Rules Unchecked    ; 0     ;
; Number of I/O Rules Inapplicable ; 20    ;
+----------------------------------+-------+


+--------------------------------------------------------------------------------------------------------------------------------------------------------------------------------------------------------------------------------------------------------------------------------------+
; I/O Rules Details                                                                                                                                                                                                                                                                    ;
+--------------+-----------+-----------------------------------+------------------------------------------------------------------------------------------------------+----------+--------------------------------------------------------------------------+------+-------------------+
; Status       ; ID        ; Category                          ; Rule Description                                                                                     ; Severity ; Information                                                              ; Area ; Extra Information ;
+--------------+-----------+-----------------------------------+------------------------------------------------------------------------------------------------------+----------+--------------------------------------------------------------------------+------+-------------------+
; Pass         ; IO_000001 ; Capacity Checks                   ; Number of pins in an I/O bank should not exceed the number of locations available.                   ; Critical ; 0 such failures found.                                                   ; I/O  ;                   ;
; Inapplicable ; IO_000002 ; Capacity Checks                   ; Number of clocks in an I/O bank should not exceed the number of clocks available.                    ; Critical ; No Global Signal assignments found.                                      ; I/O  ;                   ;
; Pass         ; IO_000003 ; Capacity Checks                   ; Number of pins in a Vrefgroup should not exceed the number of locations available.                   ; Critical ; 0 such failures found.                                                   ; I/O  ;                   ;
; Inapplicable ; IO_000004 ; Voltage Compatibility Checks      ; The I/O bank should support the requested VCCIO.                                                     ; Critical ; No IOBANK_VCCIO assignments found.                                       ; I/O  ;                   ;
; Inapplicable ; IO_000005 ; Voltage Compatibility Checks      ; The I/O bank should not have competing VREF values.                                                  ; Critical ; No VREF I/O Standard assignments found.                                  ; I/O  ;                   ;
; Pass         ; IO_000006 ; Voltage Compatibility Checks      ; The I/O bank should not have competing VCCIO values.                                                 ; Critical ; 0 such failures found.                                                   ; I/O  ;                   ;
; Pass         ; IO_000007 ; Valid Location Checks             ; Checks for unavailable locations.                                                                    ; Critical ; 0 such failures found.                                                   ; I/O  ;                   ;
; Inapplicable ; IO_000008 ; Valid Location Checks             ; Checks for reserved locations.                                                                       ; Critical ; No reserved LogicLock region found.                                      ; I/O  ;                   ;
; Pass         ; IO_000009 ; I/O Properties Checks for One I/O ; The location should support the requested I/O standard.                                              ; Critical ; 0 such failures found.                                                   ; I/O  ;                   ;
; Pass         ; IO_000010 ; I/O Properties Checks for One I/O ; The location should support the requested I/O direction.                                             ; Critical ; 0 such failures found.                                                   ; I/O  ;                   ;
; Inapplicable ; IO_000011 ; I/O Properties Checks for One I/O ; The location should support the requested Current Strength.                                          ; Critical ; No Current Strength assignments found.                                   ; I/O  ;                   ;
; Inapplicable ; IO_000012 ; I/O Properties Checks for One I/O ; The location should support the requested On Chip Termination value.                                 ; Critical ; No Termination assignments found.                                        ; I/O  ;                   ;
; Inapplicable ; IO_000013 ; I/O Properties Checks for One I/O ; The location should support the requested Bus Hold value.                                            ; Critical ; No Enable Bus-Hold Circuitry assignments found.                          ; I/O  ;                   ;
; Inapplicable ; IO_000014 ; I/O Properties Checks for One I/O ; The location should support the requested Weak Pull Up value.                                        ; Critical ; No Weak Pull-Up Resistor assignments found.                              ; I/O  ;                   ;
; Pass         ; IO_000015 ; I/O Properties Checks for One I/O ; The location should support the requested PCI Clamp Diode.                                           ; Critical ; 0 such failures found.                                                   ; I/O  ;                   ;
; Inapplicable ; IO_000018 ; I/O Properties Checks for One I/O ; The I/O standard should support the requested Current Strength.                                      ; Critical ; No Current Strength assignments found.                                   ; I/O  ;                   ;
; Inapplicable ; IO_000019 ; I/O Properties Checks for One I/O ; The I/O standard should support the requested On Chip Termination value.                             ; Critical ; No Termination assignments found.                                        ; I/O  ;                   ;
; Pass         ; IO_000020 ; I/O Properties Checks for One I/O ; The I/O standard should support the requested PCI Clamp Diode.                                       ; Critical ; 0 such failures found.                                                   ; I/O  ;                   ;
; Inapplicable ; IO_000021 ; I/O Properties Checks for One I/O ; The I/O standard should support the requested Weak Pull Up value.                                    ; Critical ; No Weak Pull-Up Resistor assignments found.                              ; I/O  ;                   ;
; Inapplicable ; IO_000022 ; I/O Properties Checks for One I/O ; The I/O standard should support the requested Bus Hold value.                                        ; Critical ; No Enable Bus-Hold Circuitry assignments found.                          ; I/O  ;                   ;
; Pass         ; IO_000023 ; I/O Properties Checks for One I/O ; The I/O standard should support the Open Drain value.                                                ; Critical ; 0 such failures found.                                                   ; I/O  ;                   ;
; Inapplicable ; IO_000024 ; I/O Properties Checks for One I/O ; The I/O direction should support the On Chip Termination value.                                      ; Critical ; No Termination assignments found.                                        ; I/O  ;                   ;
; Inapplicable ; IO_000026 ; I/O Properties Checks for One I/O ; On Chip Termination and Current Strength should not be used at the same time.                        ; Critical ; No Current Strength or Termination assignments found.                    ; I/O  ;                   ;
; Inapplicable ; IO_000027 ; I/O Properties Checks for One I/O ; Weak Pull Up and Bus Hold should not be used at the same time.                                       ; Critical ; No Enable Bus-Hold Circuitry or Weak Pull-Up Resistor assignments found. ; I/O  ;                   ;
; Inapplicable ; IO_000045 ; I/O Properties Checks for One I/O ; The I/O standard should support the requested Slew Rate value.                                       ; Critical ; No Slew Rate assignments found.                                          ; I/O  ;                   ;
; Inapplicable ; IO_000046 ; I/O Properties Checks for One I/O ; The location should support the requested Slew Rate value.                                           ; Critical ; No Slew Rate assignments found.                                          ; I/O  ;                   ;
; Inapplicable ; IO_000047 ; I/O Properties Checks for One I/O ; On Chip Termination and Slew Rate should not be used at the same time.                               ; Critical ; No Slew Rate assignments found.                                          ; I/O  ;                   ;
; Pass         ; IO_000033 ; Electromigration Checks           ; Current density for consecutive I/Os should not exceed 240mA for row I/Os and 240mA for column I/Os. ; Critical ; 0 such failures found.                                                   ; I/O  ;                   ;
; Inapplicable ; IO_000034 ; SI Related Distance Checks        ; Single-ended outputs should be 5 LAB row(s) away from a differential I/O.                            ; High     ; No Differential I/O Standard assignments found.                          ; I/O  ;                   ;
; Inapplicable ; IO_000042 ; SI Related SSO Limit Checks       ; No more than 20 outputs are allowed in a VREF group when VREF is being read from.                    ; High     ; No VREF I/O Standard assignments found.                                  ; I/O  ;                   ;
+--------------+-----------+-----------------------------------+------------------------------------------------------------------------------------------------------+----------+--------------------------------------------------------------------------+------+-------------------+


+---------------------------------------------------------------------------------------------------------------------------------------------------------------------------------------------------------------------------------------------------------------------------------------------------------------------------------------------------------------------------------------------------------------------------------------------------------------------------+
; I/O Rules Matrix                                                                                                                                                                                                                                                                                                                                                                                                                                                          ;
+---------------------+--------------+--------------+--------------+--------------+--------------+-----------+--------------+--------------+-----------+-----------+--------------+--------------+--------------+--------------+--------------+--------------+--------------+--------------+--------------+--------------+--------------+--------------+--------------+--------------+--------------+--------------+--------------+-----------+--------------+--------------+
; Pin/Rules           ; IO_000001    ; IO_000002    ; IO_000003    ; IO_000004    ; IO_000005    ; IO_000006 ; IO_000007    ; IO_000008    ; IO_000009 ; IO_000010 ; IO_000011    ; IO_000012    ; IO_000013    ; IO_000014    ; IO_000015    ; IO_000018    ; IO_000019    ; IO_000020    ; IO_000021    ; IO_000022    ; IO_000023    ; IO_000024    ; IO_000026    ; IO_000027    ; IO_000045    ; IO_000046    ; IO_000047    ; IO_000033 ; IO_000034    ; IO_000042    ;
+---------------------+--------------+--------------+--------------+--------------+--------------+-----------+--------------+--------------+-----------+-----------+--------------+--------------+--------------+--------------+--------------+--------------+--------------+--------------+--------------+--------------+--------------+--------------+--------------+--------------+--------------+--------------+--------------+-----------+--------------+--------------+
; Total Pass          ; 97           ; 0            ; 97           ; 0            ; 0            ; 101       ; 97           ; 0            ; 101       ; 101       ; 0            ; 0            ; 0            ; 0            ; 56           ; 0            ; 0            ; 56           ; 0            ; 0            ; 5            ; 0            ; 0            ; 0            ; 0            ; 0            ; 0            ; 101       ; 0            ; 0            ;
; Total Unchecked     ; 0            ; 0            ; 0            ; 0            ; 0            ; 0         ; 0            ; 0            ; 0         ; 0         ; 0            ; 0            ; 0            ; 0            ; 0            ; 0            ; 0            ; 0            ; 0            ; 0            ; 0            ; 0            ; 0            ; 0            ; 0            ; 0            ; 0            ; 0         ; 0            ; 0            ;
; Total Inapplicable  ; 4            ; 101          ; 4            ; 101          ; 101          ; 0         ; 4            ; 101          ; 0         ; 0         ; 101          ; 101          ; 101          ; 101          ; 45           ; 101          ; 101          ; 45           ; 101          ; 101          ; 96           ; 101          ; 101          ; 101          ; 101          ; 101          ; 101          ; 0         ; 101          ; 101          ;
; Total Fail          ; 0            ; 0            ; 0            ; 0            ; 0            ; 0         ; 0            ; 0            ; 0         ; 0         ; 0            ; 0            ; 0            ; 0            ; 0            ; 0            ; 0            ; 0            ; 0            ; 0            ; 0            ; 0            ; 0            ; 0            ; 0            ; 0            ; 0            ; 0         ; 0            ; 0            ;
; dcj_strb_n          ; Pass         ; Inapplicable ; Pass         ; Inapplicable ; Inapplicable ; Pass      ; Pass         ; Inapplicable ; Pass      ; Pass      ; Inapplicable ; Inapplicable ; Inapplicable ; Inapplicable ; Pass         ; Inapplicable ; Inapplicable ; Pass         ; Inapplicable ; Inapplicable ; Inapplicable ; Inapplicable ; Inapplicable ; Inapplicable ; Inapplicable ; Inapplicable ; Inapplicable ; Pass      ; Inapplicable ; Inapplicable ;
; dcj_clk2            ; Pass         ; Inapplicable ; Pass         ; Inapplicable ; Inapplicable ; Pass      ; Pass         ; Inapplicable ; Pass      ; Pass      ; Inapplicable ; Inapplicable ; Inapplicable ; Inapplicable ; Pass         ; Inapplicable ; Inapplicable ; Pass         ; Inapplicable ; Inapplicable ; Inapplicable ; Inapplicable ; Inapplicable ; Inapplicable ; Inapplicable ; Inapplicable ; Inapplicable ; Pass      ; Inapplicable ; Inapplicable ;
; dcj_cont_n          ; Pass         ; Inapplicable ; Pass         ; Inapplicable ; Inapplicable ; Pass      ; Pass         ; Inapplicable ; Pass      ; Pass      ; Inapplicable ; Inapplicable ; Inapplicable ; Inapplicable ; Inapplicable ; Inapplicable ; Inapplicable ; Inapplicable ; Inapplicable ; Inapplicable ; Inapplicable ; Inapplicable ; Inapplicable ; Inapplicable ; Inapplicable ; Inapplicable ; Inapplicable ; Pass      ; Inapplicable ; Inapplicable ;
; dcj_abort_n         ; Pass         ; Inapplicable ; Pass         ; Inapplicable ; Inapplicable ; Pass      ; Pass         ; Inapplicable ; Pass      ; Pass      ; Inapplicable ; Inapplicable ; Inapplicable ; Inapplicable ; Inapplicable ; Inapplicable ; Inapplicable ; Inapplicable ; Inapplicable ; Inapplicable ; Inapplicable ; Inapplicable ; Inapplicable ; Inapplicable ; Inapplicable ; Inapplicable ; Inapplicable ; Pass      ; Inapplicable ; Inapplicable ;
; dcj_irq[0]          ; Pass         ; Inapplicable ; Pass         ; Inapplicable ; Inapplicable ; Pass      ; Pass         ; Inapplicable ; Pass      ; Pass      ; Inapplicable ; Inapplicable ; Inapplicable ; Inapplicable ; Inapplicable ; Inapplicable ; Inapplicable ; Inapplicable ; Inapplicable ; Inapplicable ; Inapplicable ; Inapplicable ; Inapplicable ; Inapplicable ; Inapplicable ; Inapplicable ; Inapplicable ; Pass      ; Inapplicable ; Inapplicable ;
; dcj_irq[1]          ; Pass         ; Inapplicable ; Pass         ; Inapplicable ; Inapplicable ; Pass      ; Pass         ; Inapplicable ; Pass      ; Pass      ; Inapplicable ; Inapplicable ; Inapplicable ; Inapplicable ; Inapplicable ; Inapplicable ; Inapplicable ; Inapplicable ; Inapplicable ; Inapplicable ; Inapplicable ; Inapplicable ; Inapplicable ; Inapplicable ; Inapplicable ; Inapplicable ; Inapplicable ; Pass      ; Inapplicable ; Inapplicable ;
; dcj_event_n         ; Pass         ; Inapplicable ; Pass         ; Inapplicable ; Inapplicable ; Pass      ; Pass         ; Inapplicable ; Pass      ; Pass      ; Inapplicable ; Inapplicable ; Inapplicable ; Inapplicable ; Inapplicable ; Inapplicable ; Inapplicable ; Inapplicable ; Inapplicable ; Inapplicable ; Inapplicable ; Inapplicable ; Inapplicable ; Inapplicable ; Inapplicable ; Inapplicable ; Inapplicable ; Pass      ; Inapplicable ; Inapplicable ;
; sram_addr[0]        ; Pass         ; Inapplicable ; Pass         ; Inapplicable ; Inapplicable ; Pass      ; Pass         ; Inapplicable ; Pass      ; Pass      ; Inapplicable ; Inapplicable ; Inapplicable ; Inapplicable ; Inapplicable ; Inapplicable ; Inapplicable ; Inapplicable ; Inapplicable ; Inapplicable ; Inapplicable ; Inapplicable ; Inapplicable ; Inapplicable ; Inapplicable ; Inapplicable ; Inapplicable ; Pass      ; Inapplicable ; Inapplicable ;
; sram_addr[1]        ; Pass         ; Inapplicable ; Pass         ; Inapplicable ; Inapplicable ; Pass      ; Pass         ; Inapplicable ; Pass      ; Pass      ; Inapplicable ; Inapplicable ; Inapplicable ; Inapplicable ; Inapplicable ; Inapplicable ; Inapplicable ; Inapplicable ; Inapplicable ; Inapplicable ; Inapplicable ; Inapplicable ; Inapplicable ; Inapplicable ; Inapplicable ; Inapplicable ; Inapplicable ; Pass      ; Inapplicable ; Inapplicable ;
; sram_addr[2]        ; Pass         ; Inapplicable ; Pass         ; Inapplicable ; Inapplicable ; Pass      ; Pass         ; Inapplicable ; Pass      ; Pass      ; Inapplicable ; Inapplicable ; Inapplicable ; Inapplicable ; Inapplicable ; Inapplicable ; Inapplicable ; Inapplicable ; Inapplicable ; Inapplicable ; Inapplicable ; Inapplicable ; Inapplicable ; Inapplicable ; Inapplicable ; Inapplicable ; Inapplicable ; Pass      ; Inapplicable ; Inapplicable ;
; sram_addr[3]        ; Pass         ; Inapplicable ; Pass         ; Inapplicable ; Inapplicable ; Pass      ; Pass         ; Inapplicable ; Pass      ; Pass      ; Inapplicable ; Inapplicable ; Inapplicable ; Inapplicable ; Inapplicable ; Inapplicable ; Inapplicable ; Inapplicable ; Inapplicable ; Inapplicable ; Inapplicable ; Inapplicable ; Inapplicable ; Inapplicable ; Inapplicable ; Inapplicable ; Inapplicable ; Pass      ; Inapplicable ; Inapplicable ;
; sram_addr[4]        ; Pass         ; Inapplicable ; Pass         ; Inapplicable ; Inapplicable ; Pass      ; Pass         ; Inapplicable ; Pass      ; Pass      ; Inapplicable ; Inapplicable ; Inapplicable ; Inapplicable ; Inapplicable ; Inapplicable ; Inapplicable ; Inapplicable ; Inapplicable ; Inapplicable ; Inapplicable ; Inapplicable ; Inapplicable ; Inapplicable ; Inapplicable ; Inapplicable ; Inapplicable ; Pass      ; Inapplicable ; Inapplicable ;
; sram_addr[5]        ; Pass         ; Inapplicable ; Pass         ; Inapplicable ; Inapplicable ; Pass      ; Pass         ; Inapplicable ; Pass      ; Pass      ; Inapplicable ; Inapplicable ; Inapplicable ; Inapplicable ; Inapplicable ; Inapplicable ; Inapplicable ; Inapplicable ; Inapplicable ; Inapplicable ; Inapplicable ; Inapplicable ; Inapplicable ; Inapplicable ; Inapplicable ; Inapplicable ; Inapplicable ; Pass      ; Inapplicable ; Inapplicable ;
; sram_addr[6]        ; Pass         ; Inapplicable ; Pass         ; Inapplicable ; Inapplicable ; Pass      ; Pass         ; Inapplicable ; Pass      ; Pass      ; Inapplicable ; Inapplicable ; Inapplicable ; Inapplicable ; Inapplicable ; Inapplicable ; Inapplicable ; Inapplicable ; Inapplicable ; Inapplicable ; Inapplicable ; Inapplicable ; Inapplicable ; Inapplicable ; Inapplicable ; Inapplicable ; Inapplicable ; Pass      ; Inapplicable ; Inapplicable ;
; sram_addr[7]        ; Pass         ; Inapplicable ; Pass         ; Inapplicable ; Inapplicable ; Pass      ; Pass         ; Inapplicable ; Pass      ; Pass      ; Inapplicable ; Inapplicable ; Inapplicable ; Inapplicable ; Inapplicable ; Inapplicable ; Inapplicable ; Inapplicable ; Inapplicable ; Inapplicable ; Inapplicable ; Inapplicable ; Inapplicable ; Inapplicable ; Inapplicable ; Inapplicable ; Inapplicable ; Pass      ; Inapplicable ; Inapplicable ;
; sram_addr[8]        ; Pass         ; Inapplicable ; Pass         ; Inapplicable ; Inapplicable ; Pass      ; Pass         ; Inapplicable ; Pass      ; Pass      ; Inapplicable ; Inapplicable ; Inapplicable ; Inapplicable ; Inapplicable ; Inapplicable ; Inapplicable ; Inapplicable ; Inapplicable ; Inapplicable ; Inapplicable ; Inapplicable ; Inapplicable ; Inapplicable ; Inapplicable ; Inapplicable ; Inapplicable ; Pass      ; Inapplicable ; Inapplicable ;
; sram_addr[9]        ; Pass         ; Inapplicable ; Pass         ; Inapplicable ; Inapplicable ; Pass      ; Pass         ; Inapplicable ; Pass      ; Pass      ; Inapplicable ; Inapplicable ; Inapplicable ; Inapplicable ; Inapplicable ; Inapplicable ; Inapplicable ; Inapplicable ; Inapplicable ; Inapplicable ; Inapplicable ; Inapplicable ; Inapplicable ; Inapplicable ; Inapplicable ; Inapplicable ; Inapplicable ; Pass      ; Inapplicable ; Inapplicable ;
; sram_addr[10]       ; Pass         ; Inapplicable ; Pass         ; Inapplicable ; Inapplicable ; Pass      ; Pass         ; Inapplicable ; Pass      ; Pass      ; Inapplicable ; Inapplicable ; Inapplicable ; Inapplicable ; Inapplicable ; Inapplicable ; Inapplicable ; Inapplicable ; Inapplicable ; Inapplicable ; Inapplicable ; Inapplicable ; Inapplicable ; Inapplicable ; Inapplicable ; Inapplicable ; Inapplicable ; Pass      ; Inapplicable ; Inapplicable ;
; sram_addr[11]       ; Pass         ; Inapplicable ; Pass         ; Inapplicable ; Inapplicable ; Pass      ; Pass         ; Inapplicable ; Pass      ; Pass      ; Inapplicable ; Inapplicable ; Inapplicable ; Inapplicable ; Inapplicable ; Inapplicable ; Inapplicable ; Inapplicable ; Inapplicable ; Inapplicable ; Inapplicable ; Inapplicable ; Inapplicable ; Inapplicable ; Inapplicable ; Inapplicable ; Inapplicable ; Pass      ; Inapplicable ; Inapplicable ;
; sram_addr[12]       ; Pass         ; Inapplicable ; Pass         ; Inapplicable ; Inapplicable ; Pass      ; Pass         ; Inapplicable ; Pass      ; Pass      ; Inapplicable ; Inapplicable ; Inapplicable ; Inapplicable ; Inapplicable ; Inapplicable ; Inapplicable ; Inapplicable ; Inapplicable ; Inapplicable ; Inapplicable ; Inapplicable ; Inapplicable ; Inapplicable ; Inapplicable ; Inapplicable ; Inapplicable ; Pass      ; Inapplicable ; Inapplicable ;
; sram_addr[13]       ; Pass         ; Inapplicable ; Pass         ; Inapplicable ; Inapplicable ; Pass      ; Pass         ; Inapplicable ; Pass      ; Pass      ; Inapplicable ; Inapplicable ; Inapplicable ; Inapplicable ; Inapplicable ; Inapplicable ; Inapplicable ; Inapplicable ; Inapplicable ; Inapplicable ; Inapplicable ; Inapplicable ; Inapplicable ; Inapplicable ; Inapplicable ; Inapplicable ; Inapplicable ; Pass      ; Inapplicable ; Inapplicable ;
; sram_addr[14]       ; Pass         ; Inapplicable ; Pass         ; Inapplicable ; Inapplicable ; Pass      ; Pass         ; Inapplicable ; Pass      ; Pass      ; Inapplicable ; Inapplicable ; Inapplicable ; Inapplicable ; Inapplicable ; Inapplicable ; Inapplicable ; Inapplicable ; Inapplicable ; Inapplicable ; Inapplicable ; Inapplicable ; Inapplicable ; Inapplicable ; Inapplicable ; Inapplicable ; Inapplicable ; Pass      ; Inapplicable ; Inapplicable ;
; sram_addr[15]       ; Pass         ; Inapplicable ; Pass         ; Inapplicable ; Inapplicable ; Pass      ; Pass         ; Inapplicable ; Pass      ; Pass      ; Inapplicable ; Inapplicable ; Inapplicable ; Inapplicable ; Inapplicable ; Inapplicable ; Inapplicable ; Inapplicable ; Inapplicable ; Inapplicable ; Inapplicable ; Inapplicable ; Inapplicable ; Inapplicable ; Inapplicable ; Inapplicable ; Inapplicable ; Pass      ; Inapplicable ; Inapplicable ;
; sram_addr[16]       ; Pass         ; Inapplicable ; Pass         ; Inapplicable ; Inapplicable ; Pass      ; Pass         ; Inapplicable ; Pass      ; Pass      ; Inapplicable ; Inapplicable ; Inapplicable ; Inapplicable ; Inapplicable ; Inapplicable ; Inapplicable ; Inapplicable ; Inapplicable ; Inapplicable ; Inapplicable ; Inapplicable ; Inapplicable ; Inapplicable ; Inapplicable ; Inapplicable ; Inapplicable ; Pass      ; Inapplicable ; Inapplicable ;
; sram_addr[17]       ; Pass         ; Inapplicable ; Pass         ; Inapplicable ; Inapplicable ; Pass      ; Pass         ; Inapplicable ; Pass      ; Pass      ; Inapplicable ; Inapplicable ; Inapplicable ; Inapplicable ; Inapplicable ; Inapplicable ; Inapplicable ; Inapplicable ; Inapplicable ; Inapplicable ; Inapplicable ; Inapplicable ; Inapplicable ; Inapplicable ; Inapplicable ; Inapplicable ; Inapplicable ; Pass      ; Inapplicable ; Inapplicable ;
; sram_addr[18]       ; Pass         ; Inapplicable ; Pass         ; Inapplicable ; Inapplicable ; Pass      ; Pass         ; Inapplicable ; Pass      ; Pass      ; Inapplicable ; Inapplicable ; Inapplicable ; Inapplicable ; Inapplicable ; Inapplicable ; Inapplicable ; Inapplicable ; Inapplicable ; Inapplicable ; Inapplicable ; Inapplicable ; Inapplicable ; Inapplicable ; Inapplicable ; Inapplicable ; Inapplicable ; Pass      ; Inapplicable ; Inapplicable ;
; sram_addr[19]       ; Pass         ; Inapplicable ; Pass         ; Inapplicable ; Inapplicable ; Pass      ; Pass         ; Inapplicable ; Pass      ; Pass      ; Inapplicable ; Inapplicable ; Inapplicable ; Inapplicable ; Inapplicable ; Inapplicable ; Inapplicable ; Inapplicable ; Inapplicable ; Inapplicable ; Inapplicable ; Inapplicable ; Inapplicable ; Inapplicable ; Inapplicable ; Inapplicable ; Inapplicable ; Pass      ; Inapplicable ; Inapplicable ;
; sram_addr[20]       ; Pass         ; Inapplicable ; Pass         ; Inapplicable ; Inapplicable ; Pass      ; Pass         ; Inapplicable ; Pass      ; Pass      ; Inapplicable ; Inapplicable ; Inapplicable ; Inapplicable ; Inapplicable ; Inapplicable ; Inapplicable ; Inapplicable ; Inapplicable ; Inapplicable ; Inapplicable ; Inapplicable ; Inapplicable ; Inapplicable ; Inapplicable ; Inapplicable ; Inapplicable ; Pass      ; Inapplicable ; Inapplicable ;
; sram_ce1_n          ; Pass         ; Inapplicable ; Pass         ; Inapplicable ; Inapplicable ; Pass      ; Pass         ; Inapplicable ; Pass      ; Pass      ; Inapplicable ; Inapplicable ; Inapplicable ; Inapplicable ; Inapplicable ; Inapplicable ; Inapplicable ; Inapplicable ; Inapplicable ; Inapplicable ; Inapplicable ; Inapplicable ; Inapplicable ; Inapplicable ; Inapplicable ; Inapplicable ; Inapplicable ; Pass      ; Inapplicable ; Inapplicable ;
; sram_oe_n           ; Pass         ; Inapplicable ; Pass         ; Inapplicable ; Inapplicable ; Pass      ; Pass         ; Inapplicable ; Pass      ; Pass      ; Inapplicable ; Inapplicable ; Inapplicable ; Inapplicable ; Inapplicable ; Inapplicable ; Inapplicable ; Inapplicable ; Inapplicable ; Inapplicable ; Inapplicable ; Inapplicable ; Inapplicable ; Inapplicable ; Inapplicable ; Inapplicable ; Inapplicable ; Pass      ; Inapplicable ; Inapplicable ;
; sram_we_lo_n        ; Pass         ; Inapplicable ; Pass         ; Inapplicable ; Inapplicable ; Pass      ; Pass         ; Inapplicable ; Pass      ; Pass      ; Inapplicable ; Inapplicable ; Inapplicable ; Inapplicable ; Inapplicable ; Inapplicable ; Inapplicable ; Inapplicable ; Inapplicable ; Inapplicable ; Inapplicable ; Inapplicable ; Inapplicable ; Inapplicable ; Inapplicable ; Inapplicable ; Inapplicable ; Pass      ; Inapplicable ; Inapplicable ;
; sram_we_hi_n        ; Pass         ; Inapplicable ; Pass         ; Inapplicable ; Inapplicable ; Pass      ; Pass         ; Inapplicable ; Pass      ; Pass      ; Inapplicable ; Inapplicable ; Inapplicable ; Inapplicable ; Inapplicable ; Inapplicable ; Inapplicable ; Inapplicable ; Inapplicable ; Inapplicable ; Inapplicable ; Inapplicable ; Inapplicable ; Inapplicable ; Inapplicable ; Inapplicable ; Inapplicable ; Pass      ; Inapplicable ; Inapplicable ;
; uart_tx             ; Pass         ; Inapplicable ; Pass         ; Inapplicable ; Inapplicable ; Pass      ; Pass         ; Inapplicable ; Pass      ; Pass      ; Inapplicable ; Inapplicable ; Inapplicable ; Inapplicable ; Inapplicable ; Inapplicable ; Inapplicable ; Inapplicable ; Inapplicable ; Inapplicable ; Inapplicable ; Inapplicable ; Inapplicable ; Inapplicable ; Inapplicable ; Inapplicable ; Inapplicable ; Pass      ; Inapplicable ; Inapplicable ;
; led_run             ; Pass         ; Inapplicable ; Pass         ; Inapplicable ; Inapplicable ; Pass      ; Pass         ; Inapplicable ; Pass      ; Pass      ; Inapplicable ; Inapplicable ; Inapplicable ; Inapplicable ; Inapplicable ; Inapplicable ; Inapplicable ; Inapplicable ; Inapplicable ; Inapplicable ; Inapplicable ; Inapplicable ; Inapplicable ; Inapplicable ; Inapplicable ; Inapplicable ; Inapplicable ; Pass      ; Inapplicable ; Inapplicable ;
; led_halt            ; Pass         ; Inapplicable ; Pass         ; Inapplicable ; Inapplicable ; Pass      ; Pass         ; Inapplicable ; Pass      ; Pass      ; Inapplicable ; Inapplicable ; Inapplicable ; Inapplicable ; Inapplicable ; Inapplicable ; Inapplicable ; Inapplicable ; Inapplicable ; Inapplicable ; Inapplicable ; Inapplicable ; Inapplicable ; Inapplicable ; Inapplicable ; Inapplicable ; Inapplicable ; Pass      ; Inapplicable ; Inapplicable ;
; led_fetch           ; Pass         ; Inapplicable ; Pass         ; Inapplicable ; Inapplicable ; Pass      ; Pass         ; Inapplicable ; Pass      ; Pass      ; Inapplicable ; Inapplicable ; Inapplicable ; Inapplicable ; Inapplicable ; Inapplicable ; Inapplicable ; Inapplicable ; Inapplicable ; Inapplicable ; Inapplicable ; Inapplicable ; Inapplicable ; Inapplicable ; Inapplicable ; Inapplicable ; Inapplicable ; Pass      ; Inapplicable ; Inapplicable ;
; led_read            ; Pass         ; Inapplicable ; Pass         ; Inapplicable ; Inapplicable ; Pass      ; Pass         ; Inapplicable ; Pass      ; Pass      ; Inapplicable ; Inapplicable ; Inapplicable ; Inapplicable ; Inapplicable ; Inapplicable ; Inapplicable ; Inapplicable ; Inapplicable ; Inapplicable ; Inapplicable ; Inapplicable ; Inapplicable ; Inapplicable ; Inapplicable ; Inapplicable ; Inapplicable ; Pass      ; Inapplicable ; Inapplicable ;
; led_write           ; Pass         ; Inapplicable ; Pass         ; Inapplicable ; Inapplicable ; Pass      ; Pass         ; Inapplicable ; Pass      ; Pass      ; Inapplicable ; Inapplicable ; Inapplicable ; Inapplicable ; Inapplicable ; Inapplicable ; Inapplicable ; Inapplicable ; Inapplicable ; Inapplicable ; Inapplicable ; Inapplicable ; Inapplicable ; Inapplicable ; Inapplicable ; Inapplicable ; Inapplicable ; Pass      ; Inapplicable ; Inapplicable ;
; led_inack           ; Pass         ; Inapplicable ; Pass         ; Inapplicable ; Inapplicable ; Pass      ; Pass         ; Inapplicable ; Pass      ; Pass      ; Inapplicable ; Inapplicable ; Inapplicable ; Inapplicable ; Inapplicable ; Inapplicable ; Inapplicable ; Inapplicable ; Inapplicable ; Inapplicable ; Inapplicable ; Inapplicable ; Inapplicable ; Inapplicable ; Inapplicable ; Inapplicable ; Inapplicable ; Pass      ; Inapplicable ; Inapplicable ;
; led_io_space        ; Pass         ; Inapplicable ; Pass         ; Inapplicable ; Inapplicable ; Pass      ; Pass         ; Inapplicable ; Pass      ; Pass      ; Inapplicable ; Inapplicable ; Inapplicable ; Inapplicable ; Inapplicable ; Inapplicable ; Inapplicable ; Inapplicable ; Inapplicable ; Inapplicable ; Inapplicable ; Inapplicable ; Inapplicable ; Inapplicable ; Inapplicable ; Inapplicable ; Inapplicable ; Pass      ; Inapplicable ; Inapplicable ;
; led_err             ; Pass         ; Inapplicable ; Pass         ; Inapplicable ; Inapplicable ; Pass      ; Pass         ; Inapplicable ; Pass      ; Pass      ; Inapplicable ; Inapplicable ; Inapplicable ; Inapplicable ; Inapplicable ; Inapplicable ; Inapplicable ; Inapplicable ; Inapplicable ; Inapplicable ; Inapplicable ; Inapplicable ; Inapplicable ; Inapplicable ; Inapplicable ; Inapplicable ; Inapplicable ; Pass      ; Inapplicable ; Inapplicable ;
; led_addr_en         ; Pass         ; Inapplicable ; Pass         ; Inapplicable ; Inapplicable ; Pass      ; Pass         ; Inapplicable ; Pass      ; Pass      ; Inapplicable ; Inapplicable ; Inapplicable ; Inapplicable ; Inapplicable ; Inapplicable ; Inapplicable ; Inapplicable ; Inapplicable ; Inapplicable ; Inapplicable ; Inapplicable ; Inapplicable ; Inapplicable ; Inapplicable ; Inapplicable ; Inapplicable ; Pass      ; Inapplicable ; Inapplicable ;
; led_data_en         ; Pass         ; Inapplicable ; Pass         ; Inapplicable ; Inapplicable ; Pass      ; Pass         ; Inapplicable ; Pass      ; Pass      ; Inapplicable ; Inapplicable ; Inapplicable ; Inapplicable ; Inapplicable ; Inapplicable ; Inapplicable ; Inapplicable ; Inapplicable ; Inapplicable ; Inapplicable ; Inapplicable ; Inapplicable ; Inapplicable ; Inapplicable ; Inapplicable ; Inapplicable ; Pass      ; Inapplicable ; Inapplicable ;
; dcj_dal[0]          ; Pass         ; Inapplicable ; Pass         ; Inapplicable ; Inapplicable ; Pass      ; Pass         ; Inapplicable ; Pass      ; Pass      ; Inapplicable ; Inapplicable ; Inapplicable ; Inapplicable ; Pass         ; Inapplicable ; Inapplicable ; Pass         ; Inapplicable ; Inapplicable ; Inapplicable ; Inapplicable ; Inapplicable ; Inapplicable ; Inapplicable ; Inapplicable ; Inapplicable ; Pass      ; Inapplicable ; Inapplicable ;
; dcj_dal[1]          ; Pass         ; Inapplicable ; Pass         ; Inapplicable ; Inapplicable ; Pass      ; Pass         ; Inapplicable ; Pass      ; Pass      ; Inapplicable ; Inapplicable ; Inapplicable ; Inapplicable ; Pass         ; Inapplicable ; Inapplicable ; Pass         ; Inapplicable ; Inapplicable ; Inapplicable ; Inapplicable ; Inapplicable ; Inapplicable ; Inapplicable ; Inapplicable ; Inapplicable ; Pass      ; Inapplicable ; Inapplicable ;
; dcj_dal[2]          ; Pass         ; Inapplicable ; Pass         ; Inapplicable ; Inapplicable ; Pass      ; Pass         ; Inapplicable ; Pass      ; Pass      ; Inapplicable ; Inapplicable ; Inapplicable ; Inapplicable ; Pass         ; Inapplicable ; Inapplicable ; Pass         ; Inapplicable ; Inapplicable ; Inapplicable ; Inapplicable ; Inapplicable ; Inapplicable ; Inapplicable ; Inapplicable ; Inapplicable ; Pass      ; Inapplicable ; Inapplicable ;
; dcj_dal[3]          ; Pass         ; Inapplicable ; Pass         ; Inapplicable ; Inapplicable ; Pass      ; Pass         ; Inapplicable ; Pass      ; Pass      ; Inapplicable ; Inapplicable ; Inapplicable ; Inapplicable ; Pass         ; Inapplicable ; Inapplicable ; Pass         ; Inapplicable ; Inapplicable ; Inapplicable ; Inapplicable ; Inapplicable ; Inapplicable ; Inapplicable ; Inapplicable ; Inapplicable ; Pass      ; Inapplicable ; Inapplicable ;
; dcj_dal[4]          ; Pass         ; Inapplicable ; Pass         ; Inapplicable ; Inapplicable ; Pass      ; Pass         ; Inapplicable ; Pass      ; Pass      ; Inapplicable ; Inapplicable ; Inapplicable ; Inapplicable ; Pass         ; Inapplicable ; Inapplicable ; Pass         ; Inapplicable ; Inapplicable ; Inapplicable ; Inapplicable ; Inapplicable ; Inapplicable ; Inapplicable ; Inapplicable ; Inapplicable ; Pass      ; Inapplicable ; Inapplicable ;
; dcj_dal[5]          ; Pass         ; Inapplicable ; Pass         ; Inapplicable ; Inapplicable ; Pass      ; Pass         ; Inapplicable ; Pass      ; Pass      ; Inapplicable ; Inapplicable ; Inapplicable ; Inapplicable ; Pass         ; Inapplicable ; Inapplicable ; Pass         ; Inapplicable ; Inapplicable ; Inapplicable ; Inapplicable ; Inapplicable ; Inapplicable ; Inapplicable ; Inapplicable ; Inapplicable ; Pass      ; Inapplicable ; Inapplicable ;
; dcj_dal[6]          ; Pass         ; Inapplicable ; Pass         ; Inapplicable ; Inapplicable ; Pass      ; Pass         ; Inapplicable ; Pass      ; Pass      ; Inapplicable ; Inapplicable ; Inapplicable ; Inapplicable ; Pass         ; Inapplicable ; Inapplicable ; Pass         ; Inapplicable ; Inapplicable ; Inapplicable ; Inapplicable ; Inapplicable ; Inapplicable ; Inapplicable ; Inapplicable ; Inapplicable ; Pass      ; Inapplicable ; Inapplicable ;
; dcj_dal[7]          ; Pass         ; Inapplicable ; Pass         ; Inapplicable ; Inapplicable ; Pass      ; Pass         ; Inapplicable ; Pass      ; Pass      ; Inapplicable ; Inapplicable ; Inapplicable ; Inapplicable ; Pass         ; Inapplicable ; Inapplicable ; Pass         ; Inapplicable ; Inapplicable ; Inapplicable ; Inapplicable ; Inapplicable ; Inapplicable ; Inapplicable ; Inapplicable ; Inapplicable ; Pass      ; Inapplicable ; Inapplicable ;
; dcj_dal[8]          ; Pass         ; Inapplicable ; Pass         ; Inapplicable ; Inapplicable ; Pass      ; Pass         ; Inapplicable ; Pass      ; Pass      ; Inapplicable ; Inapplicable ; Inapplicable ; Inapplicable ; Pass         ; Inapplicable ; Inapplicable ; Pass         ; Inapplicable ; Inapplicable ; Inapplicable ; Inapplicable ; Inapplicable ; Inapplicable ; Inapplicable ; Inapplicable ; Inapplicable ; Pass      ; Inapplicable ; Inapplicable ;
; dcj_dal[9]          ; Pass         ; Inapplicable ; Pass         ; Inapplicable ; Inapplicable ; Pass      ; Pass         ; Inapplicable ; Pass      ; Pass      ; Inapplicable ; Inapplicable ; Inapplicable ; Inapplicable ; Pass         ; Inapplicable ; Inapplicable ; Pass         ; Inapplicable ; Inapplicable ; Inapplicable ; Inapplicable ; Inapplicable ; Inapplicable ; Inapplicable ; Inapplicable ; Inapplicable ; Pass      ; Inapplicable ; Inapplicable ;
; dcj_dal[10]         ; Pass         ; Inapplicable ; Pass         ; Inapplicable ; Inapplicable ; Pass      ; Pass         ; Inapplicable ; Pass      ; Pass      ; Inapplicable ; Inapplicable ; Inapplicable ; Inapplicable ; Pass         ; Inapplicable ; Inapplicable ; Pass         ; Inapplicable ; Inapplicable ; Inapplicable ; Inapplicable ; Inapplicable ; Inapplicable ; Inapplicable ; Inapplicable ; Inapplicable ; Pass      ; Inapplicable ; Inapplicable ;
; dcj_dal[11]         ; Pass         ; Inapplicable ; Pass         ; Inapplicable ; Inapplicable ; Pass      ; Pass         ; Inapplicable ; Pass      ; Pass      ; Inapplicable ; Inapplicable ; Inapplicable ; Inapplicable ; Pass         ; Inapplicable ; Inapplicable ; Pass         ; Inapplicable ; Inapplicable ; Inapplicable ; Inapplicable ; Inapplicable ; Inapplicable ; Inapplicable ; Inapplicable ; Inapplicable ; Pass      ; Inapplicable ; Inapplicable ;
; dcj_dal[12]         ; Pass         ; Inapplicable ; Pass         ; Inapplicable ; Inapplicable ; Pass      ; Pass         ; Inapplicable ; Pass      ; Pass      ; Inapplicable ; Inapplicable ; Inapplicable ; Inapplicable ; Pass         ; Inapplicable ; Inapplicable ; Pass         ; Inapplicable ; Inapplicable ; Inapplicable ; Inapplicable ; Inapplicable ; Inapplicable ; Inapplicable ; Inapplicable ; Inapplicable ; Pass      ; Inapplicable ; Inapplicable ;
; dcj_dal[13]         ; Pass         ; Inapplicable ; Pass         ; Inapplicable ; Inapplicable ; Pass      ; Pass         ; Inapplicable ; Pass      ; Pass      ; Inapplicable ; Inapplicable ; Inapplicable ; Inapplicable ; Pass         ; Inapplicable ; Inapplicable ; Pass         ; Inapplicable ; Inapplicable ; Inapplicable ; Inapplicable ; Inapplicable ; Inapplicable ; Inapplicable ; Inapplicable ; Inapplicable ; Pass      ; Inapplicable ; Inapplicable ;
; dcj_dal[14]         ; Pass         ; Inapplicable ; Pass         ; Inapplicable ; Inapplicable ; Pass      ; Pass         ; Inapplicable ; Pass      ; Pass      ; Inapplicable ; Inapplicable ; Inapplicable ; Inapplicable ; Pass         ; Inapplicable ; Inapplicable ; Pass         ; Inapplicable ; Inapplicable ; Inapplicable ; Inapplicable ; Inapplicable ; Inapplicable ; Inapplicable ; Inapplicable ; Inapplicable ; Pass      ; Inapplicable ; Inapplicable ;
; dcj_dal[15]         ; Pass         ; Inapplicable ; Pass         ; Inapplicable ; Inapplicable ; Pass      ; Pass         ; Inapplicable ; Pass      ; Pass      ; Inapplicable ; Inapplicable ; Inapplicable ; Inapplicable ; Pass         ; Inapplicable ; Inapplicable ; Pass         ; Inapplicable ; Inapplicable ; Inapplicable ; Inapplicable ; Inapplicable ; Inapplicable ; Inapplicable ; Inapplicable ; Inapplicable ; Pass      ; Inapplicable ; Inapplicable ;
; dcj_init_n          ; Pass         ; Inapplicable ; Pass         ; Inapplicable ; Inapplicable ; Pass      ; Pass         ; Inapplicable ; Pass      ; Pass      ; Inapplicable ; Inapplicable ; Inapplicable ; Inapplicable ; Pass         ; Inapplicable ; Inapplicable ; Pass         ; Inapplicable ; Inapplicable ; Pass         ; Inapplicable ; Inapplicable ; Inapplicable ; Inapplicable ; Inapplicable ; Inapplicable ; Pass      ; Inapplicable ; Inapplicable ;
; dcj_dv              ; Pass         ; Inapplicable ; Pass         ; Inapplicable ; Inapplicable ; Pass      ; Pass         ; Inapplicable ; Pass      ; Pass      ; Inapplicable ; Inapplicable ; Inapplicable ; Inapplicable ; Pass         ; Inapplicable ; Inapplicable ; Pass         ; Inapplicable ; Inapplicable ; Pass         ; Inapplicable ; Inapplicable ; Inapplicable ; Inapplicable ; Inapplicable ; Inapplicable ; Pass      ; Inapplicable ; Inapplicable ;
; dcj_miss_n          ; Pass         ; Inapplicable ; Pass         ; Inapplicable ; Inapplicable ; Pass      ; Pass         ; Inapplicable ; Pass      ; Pass      ; Inapplicable ; Inapplicable ; Inapplicable ; Inapplicable ; Pass         ; Inapplicable ; Inapplicable ; Pass         ; Inapplicable ; Inapplicable ; Pass         ; Inapplicable ; Inapplicable ; Inapplicable ; Inapplicable ; Inapplicable ; Inapplicable ; Pass      ; Inapplicable ; Inapplicable ;
; sram_dq_lo[0]       ; Pass         ; Inapplicable ; Pass         ; Inapplicable ; Inapplicable ; Pass      ; Pass         ; Inapplicable ; Pass      ; Pass      ; Inapplicable ; Inapplicable ; Inapplicable ; Inapplicable ; Pass         ; Inapplicable ; Inapplicable ; Pass         ; Inapplicable ; Inapplicable ; Inapplicable ; Inapplicable ; Inapplicable ; Inapplicable ; Inapplicable ; Inapplicable ; Inapplicable ; Pass      ; Inapplicable ; Inapplicable ;
; sram_dq_lo[1]       ; Pass         ; Inapplicable ; Pass         ; Inapplicable ; Inapplicable ; Pass      ; Pass         ; Inapplicable ; Pass      ; Pass      ; Inapplicable ; Inapplicable ; Inapplicable ; Inapplicable ; Pass         ; Inapplicable ; Inapplicable ; Pass         ; Inapplicable ; Inapplicable ; Inapplicable ; Inapplicable ; Inapplicable ; Inapplicable ; Inapplicable ; Inapplicable ; Inapplicable ; Pass      ; Inapplicable ; Inapplicable ;
; sram_dq_lo[2]       ; Pass         ; Inapplicable ; Pass         ; Inapplicable ; Inapplicable ; Pass      ; Pass         ; Inapplicable ; Pass      ; Pass      ; Inapplicable ; Inapplicable ; Inapplicable ; Inapplicable ; Pass         ; Inapplicable ; Inapplicable ; Pass         ; Inapplicable ; Inapplicable ; Inapplicable ; Inapplicable ; Inapplicable ; Inapplicable ; Inapplicable ; Inapplicable ; Inapplicable ; Pass      ; Inapplicable ; Inapplicable ;
; sram_dq_lo[3]       ; Pass         ; Inapplicable ; Pass         ; Inapplicable ; Inapplicable ; Pass      ; Pass         ; Inapplicable ; Pass      ; Pass      ; Inapplicable ; Inapplicable ; Inapplicable ; Inapplicable ; Pass         ; Inapplicable ; Inapplicable ; Pass         ; Inapplicable ; Inapplicable ; Inapplicable ; Inapplicable ; Inapplicable ; Inapplicable ; Inapplicable ; Inapplicable ; Inapplicable ; Pass      ; Inapplicable ; Inapplicable ;
; sram_dq_lo[4]       ; Pass         ; Inapplicable ; Pass         ; Inapplicable ; Inapplicable ; Pass      ; Pass         ; Inapplicable ; Pass      ; Pass      ; Inapplicable ; Inapplicable ; Inapplicable ; Inapplicable ; Pass         ; Inapplicable ; Inapplicable ; Pass         ; Inapplicable ; Inapplicable ; Inapplicable ; Inapplicable ; Inapplicable ; Inapplicable ; Inapplicable ; Inapplicable ; Inapplicable ; Pass      ; Inapplicable ; Inapplicable ;
; sram_dq_lo[5]       ; Pass         ; Inapplicable ; Pass         ; Inapplicable ; Inapplicable ; Pass      ; Pass         ; Inapplicable ; Pass      ; Pass      ; Inapplicable ; Inapplicable ; Inapplicable ; Inapplicable ; Pass         ; Inapplicable ; Inapplicable ; Pass         ; Inapplicable ; Inapplicable ; Inapplicable ; Inapplicable ; Inapplicable ; Inapplicable ; Inapplicable ; Inapplicable ; Inapplicable ; Pass      ; Inapplicable ; Inapplicable ;
; sram_dq_lo[6]       ; Pass         ; Inapplicable ; Pass         ; Inapplicable ; Inapplicable ; Pass      ; Pass         ; Inapplicable ; Pass      ; Pass      ; Inapplicable ; Inapplicable ; Inapplicable ; Inapplicable ; Pass         ; Inapplicable ; Inapplicable ; Pass         ; Inapplicable ; Inapplicable ; Inapplicable ; Inapplicable ; Inapplicable ; Inapplicable ; Inapplicable ; Inapplicable ; Inapplicable ; Pass      ; Inapplicable ; Inapplicable ;
; sram_dq_lo[7]       ; Pass         ; Inapplicable ; Pass         ; Inapplicable ; Inapplicable ; Pass      ; Pass         ; Inapplicable ; Pass      ; Pass      ; Inapplicable ; Inapplicable ; Inapplicable ; Inapplicable ; Pass         ; Inapplicable ; Inapplicable ; Pass         ; Inapplicable ; Inapplicable ; Inapplicable ; Inapplicable ; Inapplicable ; Inapplicable ; Inapplicable ; Inapplicable ; Inapplicable ; Pass      ; Inapplicable ; Inapplicable ;
; sram_dq_hi[0]       ; Pass         ; Inapplicable ; Pass         ; Inapplicable ; Inapplicable ; Pass      ; Pass         ; Inapplicable ; Pass      ; Pass      ; Inapplicable ; Inapplicable ; Inapplicable ; Inapplicable ; Pass         ; Inapplicable ; Inapplicable ; Pass         ; Inapplicable ; Inapplicable ; Inapplicable ; Inapplicable ; Inapplicable ; Inapplicable ; Inapplicable ; Inapplicable ; Inapplicable ; Pass      ; Inapplicable ; Inapplicable ;
; sram_dq_hi[1]       ; Pass         ; Inapplicable ; Pass         ; Inapplicable ; Inapplicable ; Pass      ; Pass         ; Inapplicable ; Pass      ; Pass      ; Inapplicable ; Inapplicable ; Inapplicable ; Inapplicable ; Pass         ; Inapplicable ; Inapplicable ; Pass         ; Inapplicable ; Inapplicable ; Inapplicable ; Inapplicable ; Inapplicable ; Inapplicable ; Inapplicable ; Inapplicable ; Inapplicable ; Pass      ; Inapplicable ; Inapplicable ;
; sram_dq_hi[2]       ; Pass         ; Inapplicable ; Pass         ; Inapplicable ; Inapplicable ; Pass      ; Pass         ; Inapplicable ; Pass      ; Pass      ; Inapplicable ; Inapplicable ; Inapplicable ; Inapplicable ; Pass         ; Inapplicable ; Inapplicable ; Pass         ; Inapplicable ; Inapplicable ; Inapplicable ; Inapplicable ; Inapplicable ; Inapplicable ; Inapplicable ; Inapplicable ; Inapplicable ; Pass      ; Inapplicable ; Inapplicable ;
; sram_dq_hi[3]       ; Pass         ; Inapplicable ; Pass         ; Inapplicable ; Inapplicable ; Pass      ; Pass         ; Inapplicable ; Pass      ; Pass      ; Inapplicable ; Inapplicable ; Inapplicable ; Inapplicable ; Pass         ; Inapplicable ; Inapplicable ; Pass         ; Inapplicable ; Inapplicable ; Inapplicable ; Inapplicable ; Inapplicable ; Inapplicable ; Inapplicable ; Inapplicable ; Inapplicable ; Pass      ; Inapplicable ; Inapplicable ;
; sram_dq_hi[4]       ; Pass         ; Inapplicable ; Pass         ; Inapplicable ; Inapplicable ; Pass      ; Pass         ; Inapplicable ; Pass      ; Pass      ; Inapplicable ; Inapplicable ; Inapplicable ; Inapplicable ; Pass         ; Inapplicable ; Inapplicable ; Pass         ; Inapplicable ; Inapplicable ; Inapplicable ; Inapplicable ; Inapplicable ; Inapplicable ; Inapplicable ; Inapplicable ; Inapplicable ; Pass      ; Inapplicable ; Inapplicable ;
; sram_dq_hi[5]       ; Pass         ; Inapplicable ; Pass         ; Inapplicable ; Inapplicable ; Pass      ; Pass         ; Inapplicable ; Pass      ; Pass      ; Inapplicable ; Inapplicable ; Inapplicable ; Inapplicable ; Pass         ; Inapplicable ; Inapplicable ; Pass         ; Inapplicable ; Inapplicable ; Inapplicable ; Inapplicable ; Inapplicable ; Inapplicable ; Inapplicable ; Inapplicable ; Inapplicable ; Pass      ; Inapplicable ; Inapplicable ;
; sram_dq_hi[6]       ; Pass         ; Inapplicable ; Pass         ; Inapplicable ; Inapplicable ; Pass      ; Pass         ; Inapplicable ; Pass      ; Pass      ; Inapplicable ; Inapplicable ; Inapplicable ; Inapplicable ; Pass         ; Inapplicable ; Inapplicable ; Pass         ; Inapplicable ; Inapplicable ; Inapplicable ; Inapplicable ; Inapplicable ; Inapplicable ; Inapplicable ; Inapplicable ; Inapplicable ; Pass      ; Inapplicable ; Inapplicable ;
; sram_dq_hi[7]       ; Pass         ; Inapplicable ; Pass         ; Inapplicable ; Inapplicable ; Pass      ; Pass         ; Inapplicable ; Pass      ; Pass      ; Inapplicable ; Inapplicable ; Inapplicable ; Inapplicable ; Pass         ; Inapplicable ; Inapplicable ; Pass         ; Inapplicable ; Inapplicable ; Inapplicable ; Inapplicable ; Inapplicable ; Inapplicable ; Inapplicable ; Inapplicable ; Inapplicable ; Pass      ; Inapplicable ; Inapplicable ;
; led_i2c_scl         ; Pass         ; Inapplicable ; Pass         ; Inapplicable ; Inapplicable ; Pass      ; Pass         ; Inapplicable ; Pass      ; Pass      ; Inapplicable ; Inapplicable ; Inapplicable ; Inapplicable ; Pass         ; Inapplicable ; Inapplicable ; Pass         ; Inapplicable ; Inapplicable ; Pass         ; Inapplicable ; Inapplicable ; Inapplicable ; Inapplicable ; Inapplicable ; Inapplicable ; Pass      ; Inapplicable ; Inapplicable ;
; led_i2c_sda         ; Pass         ; Inapplicable ; Pass         ; Inapplicable ; Inapplicable ; Pass      ; Pass         ; Inapplicable ; Pass      ; Pass      ; Inapplicable ; Inapplicable ; Inapplicable ; Inapplicable ; Pass         ; Inapplicable ; Inapplicable ; Pass         ; Inapplicable ; Inapplicable ; Pass         ; Inapplicable ; Inapplicable ; Inapplicable ; Inapplicable ; Inapplicable ; Inapplicable ; Pass      ; Inapplicable ; Inapplicable ;
; clk50               ; Pass         ; Inapplicable ; Pass         ; Inapplicable ; Inapplicable ; Pass      ; Pass         ; Inapplicable ; Pass      ; Pass      ; Inapplicable ; Inapplicable ; Inapplicable ; Inapplicable ; Pass         ; Inapplicable ; Inapplicable ; Pass         ; Inapplicable ; Inapplicable ; Inapplicable ; Inapplicable ; Inapplicable ; Inapplicable ; Inapplicable ; Inapplicable ; Inapplicable ; Pass      ; Inapplicable ; Inapplicable ;
; dcj_bufctl_n        ; Pass         ; Inapplicable ; Pass         ; Inapplicable ; Inapplicable ; Pass      ; Pass         ; Inapplicable ; Pass      ; Pass      ; Inapplicable ; Inapplicable ; Inapplicable ; Inapplicable ; Pass         ; Inapplicable ; Inapplicable ; Pass         ; Inapplicable ; Inapplicable ; Inapplicable ; Inapplicable ; Inapplicable ; Inapplicable ; Inapplicable ; Inapplicable ; Inapplicable ; Pass      ; Inapplicable ; Inapplicable ;
; dcj_bs[1]           ; Pass         ; Inapplicable ; Pass         ; Inapplicable ; Inapplicable ; Pass      ; Pass         ; Inapplicable ; Pass      ; Pass      ; Inapplicable ; Inapplicable ; Inapplicable ; Inapplicable ; Pass         ; Inapplicable ; Inapplicable ; Pass         ; Inapplicable ; Inapplicable ; Inapplicable ; Inapplicable ; Inapplicable ; Inapplicable ; Inapplicable ; Inapplicable ; Inapplicable ; Pass      ; Inapplicable ; Inapplicable ;
; dcj_ale_n           ; Pass         ; Inapplicable ; Pass         ; Inapplicable ; Inapplicable ; Pass      ; Pass         ; Inapplicable ; Pass      ; Pass      ; Inapplicable ; Inapplicable ; Inapplicable ; Inapplicable ; Pass         ; Inapplicable ; Inapplicable ; Pass         ; Inapplicable ; Inapplicable ; Inapplicable ; Inapplicable ; Inapplicable ; Inapplicable ; Inapplicable ; Inapplicable ; Inapplicable ; Pass      ; Inapplicable ; Inapplicable ;
; dcj_bs[0]           ; Pass         ; Inapplicable ; Pass         ; Inapplicable ; Inapplicable ; Pass      ; Pass         ; Inapplicable ; Pass      ; Pass      ; Inapplicable ; Inapplicable ; Inapplicable ; Inapplicable ; Pass         ; Inapplicable ; Inapplicable ; Pass         ; Inapplicable ; Inapplicable ; Inapplicable ; Inapplicable ; Inapplicable ; Inapplicable ; Inapplicable ; Inapplicable ; Inapplicable ; Pass      ; Inapplicable ; Inapplicable ;
; dcj_aio[3]          ; Pass         ; Inapplicable ; Pass         ; Inapplicable ; Inapplicable ; Pass      ; Pass         ; Inapplicable ; Pass      ; Pass      ; Inapplicable ; Inapplicable ; Inapplicable ; Inapplicable ; Pass         ; Inapplicable ; Inapplicable ; Pass         ; Inapplicable ; Inapplicable ; Inapplicable ; Inapplicable ; Inapplicable ; Inapplicable ; Inapplicable ; Inapplicable ; Inapplicable ; Pass      ; Inapplicable ; Inapplicable ;
; dcj_aio[2]          ; Pass         ; Inapplicable ; Pass         ; Inapplicable ; Inapplicable ; Pass      ; Pass         ; Inapplicable ; Pass      ; Pass      ; Inapplicable ; Inapplicable ; Inapplicable ; Inapplicable ; Pass         ; Inapplicable ; Inapplicable ; Pass         ; Inapplicable ; Inapplicable ; Inapplicable ; Inapplicable ; Inapplicable ; Inapplicable ; Inapplicable ; Inapplicable ; Inapplicable ; Pass      ; Inapplicable ; Inapplicable ;
; dcj_aio[1]          ; Pass         ; Inapplicable ; Pass         ; Inapplicable ; Inapplicable ; Pass      ; Pass         ; Inapplicable ; Pass      ; Pass      ; Inapplicable ; Inapplicable ; Inapplicable ; Inapplicable ; Pass         ; Inapplicable ; Inapplicable ; Pass         ; Inapplicable ; Inapplicable ; Inapplicable ; Inapplicable ; Inapplicable ; Inapplicable ; Inapplicable ; Inapplicable ; Inapplicable ; Pass      ; Inapplicable ; Inapplicable ;
; dcj_dal_hi[21]      ; Pass         ; Inapplicable ; Pass         ; Inapplicable ; Inapplicable ; Pass      ; Pass         ; Inapplicable ; Pass      ; Pass      ; Inapplicable ; Inapplicable ; Inapplicable ; Inapplicable ; Pass         ; Inapplicable ; Inapplicable ; Pass         ; Inapplicable ; Inapplicable ; Inapplicable ; Inapplicable ; Inapplicable ; Inapplicable ; Inapplicable ; Inapplicable ; Inapplicable ; Pass      ; Inapplicable ; Inapplicable ;
; dcj_dal_hi[20]      ; Pass         ; Inapplicable ; Pass         ; Inapplicable ; Inapplicable ; Pass      ; Pass         ; Inapplicable ; Pass      ; Pass      ; Inapplicable ; Inapplicable ; Inapplicable ; Inapplicable ; Pass         ; Inapplicable ; Inapplicable ; Pass         ; Inapplicable ; Inapplicable ; Inapplicable ; Inapplicable ; Inapplicable ; Inapplicable ; Inapplicable ; Inapplicable ; Inapplicable ; Pass      ; Inapplicable ; Inapplicable ;
; dcj_dal_hi[19]      ; Pass         ; Inapplicable ; Pass         ; Inapplicable ; Inapplicable ; Pass      ; Pass         ; Inapplicable ; Pass      ; Pass      ; Inapplicable ; Inapplicable ; Inapplicable ; Inapplicable ; Pass         ; Inapplicable ; Inapplicable ; Pass         ; Inapplicable ; Inapplicable ; Inapplicable ; Inapplicable ; Inapplicable ; Inapplicable ; Inapplicable ; Inapplicable ; Inapplicable ; Pass      ; Inapplicable ; Inapplicable ;
; dcj_dal_hi[18]      ; Pass         ; Inapplicable ; Pass         ; Inapplicable ; Inapplicable ; Pass      ; Pass         ; Inapplicable ; Pass      ; Pass      ; Inapplicable ; Inapplicable ; Inapplicable ; Inapplicable ; Pass         ; Inapplicable ; Inapplicable ; Pass         ; Inapplicable ; Inapplicable ; Inapplicable ; Inapplicable ; Inapplicable ; Inapplicable ; Inapplicable ; Inapplicable ; Inapplicable ; Pass      ; Inapplicable ; Inapplicable ;
; dcj_dal_hi[17]      ; Pass         ; Inapplicable ; Pass         ; Inapplicable ; Inapplicable ; Pass      ; Pass         ; Inapplicable ; Pass      ; Pass      ; Inapplicable ; Inapplicable ; Inapplicable ; Inapplicable ; Pass         ; Inapplicable ; Inapplicable ; Pass         ; Inapplicable ; Inapplicable ; Inapplicable ; Inapplicable ; Inapplicable ; Inapplicable ; Inapplicable ; Inapplicable ; Inapplicable ; Pass      ; Inapplicable ; Inapplicable ;
; dcj_dal_hi[16]      ; Pass         ; Inapplicable ; Pass         ; Inapplicable ; Inapplicable ; Pass      ; Pass         ; Inapplicable ; Pass      ; Pass      ; Inapplicable ; Inapplicable ; Inapplicable ; Inapplicable ; Pass         ; Inapplicable ; Inapplicable ; Pass         ; Inapplicable ; Inapplicable ; Inapplicable ; Inapplicable ; Inapplicable ; Inapplicable ; Inapplicable ; Inapplicable ; Inapplicable ; Pass      ; Inapplicable ; Inapplicable ;
; dcj_aio[0]          ; Pass         ; Inapplicable ; Pass         ; Inapplicable ; Inapplicable ; Pass      ; Pass         ; Inapplicable ; Pass      ; Pass      ; Inapplicable ; Inapplicable ; Inapplicable ; Inapplicable ; Pass         ; Inapplicable ; Inapplicable ; Pass         ; Inapplicable ; Inapplicable ; Inapplicable ; Inapplicable ; Inapplicable ; Inapplicable ; Inapplicable ; Inapplicable ; Inapplicable ; Pass      ; Inapplicable ; Inapplicable ;
; dcj_sctl_n          ; Pass         ; Inapplicable ; Pass         ; Inapplicable ; Inapplicable ; Pass      ; Pass         ; Inapplicable ; Pass      ; Pass      ; Inapplicable ; Inapplicable ; Inapplicable ; Inapplicable ; Pass         ; Inapplicable ; Inapplicable ; Pass         ; Inapplicable ; Inapplicable ; Inapplicable ; Inapplicable ; Inapplicable ; Inapplicable ; Inapplicable ; Inapplicable ; Inapplicable ; Pass      ; Inapplicable ; Inapplicable ;
; uart_rx             ; Pass         ; Inapplicable ; Pass         ; Inapplicable ; Inapplicable ; Pass      ; Pass         ; Inapplicable ; Pass      ; Pass      ; Inapplicable ; Inapplicable ; Inapplicable ; Inapplicable ; Pass         ; Inapplicable ; Inapplicable ; Pass         ; Inapplicable ; Inapplicable ; Inapplicable ; Inapplicable ; Inapplicable ; Inapplicable ; Inapplicable ; Inapplicable ; Inapplicable ; Pass      ; Inapplicable ; Inapplicable ;
; altera_reserved_tms ; Inapplicable ; Inapplicable ; Inapplicable ; Inapplicable ; Inapplicable ; Pass      ; Inapplicable ; Inapplicable ; Pass      ; Pass      ; Inapplicable ; Inapplicable ; Inapplicable ; Inapplicable ; Inapplicable ; Inapplicable ; Inapplicable ; Inapplicable ; Inapplicable ; Inapplicable ; Inapplicable ; Inapplicable ; Inapplicable ; Inapplicable ; Inapplicable ; Inapplicable ; Inapplicable ; Pass      ; Inapplicable ; Inapplicable ;
; altera_reserved_tck ; Inapplicable ; Inapplicable ; Inapplicable ; Inapplicable ; Inapplicable ; Pass      ; Inapplicable ; Inapplicable ; Pass      ; Pass      ; Inapplicable ; Inapplicable ; Inapplicable ; Inapplicable ; Inapplicable ; Inapplicable ; Inapplicable ; Inapplicable ; Inapplicable ; Inapplicable ; Inapplicable ; Inapplicable ; Inapplicable ; Inapplicable ; Inapplicable ; Inapplicable ; Inapplicable ; Pass      ; Inapplicable ; Inapplicable ;
; altera_reserved_tdi ; Inapplicable ; Inapplicable ; Inapplicable ; Inapplicable ; Inapplicable ; Pass      ; Inapplicable ; Inapplicable ; Pass      ; Pass      ; Inapplicable ; Inapplicable ; Inapplicable ; Inapplicable ; Inapplicable ; Inapplicable ; Inapplicable ; Inapplicable ; Inapplicable ; Inapplicable ; Inapplicable ; Inapplicable ; Inapplicable ; Inapplicable ; Inapplicable ; Inapplicable ; Inapplicable ; Pass      ; Inapplicable ; Inapplicable ;
; altera_reserved_tdo ; Inapplicable ; Inapplicable ; Inapplicable ; Inapplicable ; Inapplicable ; Pass      ; Inapplicable ; Inapplicable ; Pass      ; Pass      ; Inapplicable ; Inapplicable ; Inapplicable ; Inapplicable ; Inapplicable ; Inapplicable ; Inapplicable ; Inapplicable ; Inapplicable ; Inapplicable ; Inapplicable ; Inapplicable ; Inapplicable ; Inapplicable ; Inapplicable ; Inapplicable ; Inapplicable ; Pass      ; Inapplicable ; Inapplicable ;
+---------------------+--------------+--------------+--------------+--------------+--------------+-----------+--------------+--------------+-----------+-----------+--------------+--------------+--------------+--------------+--------------+--------------+--------------+--------------+--------------+--------------+--------------+--------------+--------------+--------------+--------------+--------------+--------------+-----------+--------------+--------------+


+---------------------------------------------------------------------------------------------+
; Fitter Device Options                                                                       ;
+------------------------------------------------------------------+--------------------------+
; Option                                                           ; Setting                  ;
+------------------------------------------------------------------+--------------------------+
; Enable user-supplied start-up clock (CLKUSR)                     ; Off                      ;
; Enable device-wide reset (DEV_CLRn)                              ; Off                      ;
; Enable device-wide output enable (DEV_OE)                        ; Off                      ;
; Enable INIT_DONE output                                          ; Off                      ;
; Configuration scheme                                             ; Active Serial            ;
; Error detection CRC                                              ; Off                      ;
; Enable open drain on CRC_ERROR pin                               ; Off                      ;
; Enable input tri-state on active configuration pins in user mode ; Off                      ;
; Configuration Voltage Level                                      ; Auto                     ;
; Force Configuration Voltage Level                                ; Off                      ;
; nCEO                                                             ; As output driving ground ;
; Data[0]                                                          ; As input tri-stated      ;
; Data[1]/ASDO                                                     ; As input tri-stated      ;
; Data[7..2]                                                       ; Unreserved               ;
; FLASH_nCE/nCSO                                                   ; As input tri-stated      ;
; Other Active Parallel pins                                       ; Unreserved               ;
; DCLK                                                             ; As output driving ground ;
+------------------------------------------------------------------+--------------------------+


+------------------------------------+
; Operating Settings and Conditions  ;
+---------------------------+--------+
; Setting                   ; Value  ;
+---------------------------+--------+
; Nominal Core Voltage      ; 1.20 V ;
; Low Junction Temperature  ; 0 °C   ;
; High Junction Temperature ; 85 °C  ;
+---------------------------+--------+


+-----------------+
; Fitter Messages ;
+-----------------+
Warning (18236): Number of processors has not been specified which may cause overloading on shared machines.  Set the global assignment NUM_PARALLEL_PROCESSORS in your QSF to an appropriate value for best performance.
Info (20030): Parallel compilation is enabled and will use 16 of the 18 processors detected
Info (119006): Selected device EP4CE15F23C8 for design "dcj11_helloworld"
Info (21077): Low junction temperature is 0 degrees C
Info (21077): High junction temperature is 85 degrees C
Info (171003): Fitter is performing an Auto Fit compilation, which may decrease Fitter effort to reduce compilation time
Info (176444): Device migration not selected. If you intend to use device migration later, you may need to change the pin assignments as they may be incompatible with other devices
    Info (176445): Device EP4CE40F23C8 is compatible
    Info (176445): Device EP4CE30F23C8 is compatible
    Info (176445): Device EP4CE55F23C8 is compatible
    Info (176445): Device EP4CE75F23C8 is compatible
    Info (176445): Device EP4CE115F23C8 is compatible
Info (169124): Fitter converted 5 user pins into dedicated programming pins
    Info (169125): Pin ~ALTERA_ASDO_DATA1~ is reserved at location D1
    Info (169125): Pin ~ALTERA_FLASH_nCE_nCSO~ is reserved at location E2
    Info (169125): Pin ~ALTERA_DCLK~ is reserved at location K2
    Info (169125): Pin ~ALTERA_DATA0~ is reserved at location K1
    Info (169125): Pin ~ALTERA_nCEO~ is reserved at location K22
Warning (15714): Some pins have incomplete I/O assignments. Refer to the I/O Assignment Warnings report for details
Info (176045): Design uses memory blocks. Violating setup or hold times of memory block address registers for either read or write operations could cause memory contents to be corrupted. Make sure that all memory block address registers meet the setup and hold time requirements.
Info (332164): Evaluating HDL-embedded SDC commands
    Info (332165): Entity sld_hub
        Info (332166): create_clock -name altera_reserved_tck [get_ports {altera_reserved_tck}] -period 10MHz   
        Info (332166): set_clock_groups -asynchronous -group {altera_reserved_tck}
Critical Warning (332012): Synopsys Design Constraints File file not found: 'dcj11_helloworld.sdc'. A Synopsys Design Constraints File is required by the Timing Analyzer to get proper timing constraints. Without it, the Compiler will not properly optimize the design.
Warning (332060): Node: clk50 was determined to be a clock but was found without an associated clock assignment.
    Info (13166): Register dcj11_sram_2kb_hello_core:core|mem_write_pending is being clocked by clk50
Warning (332060): Node: dcj_ale_n was determined to be a clock but was found without an associated clock assignment.
    Info (13166): Register ale_toggle is being clocked by dcj_ale_n
Warning (332060): Node: dcj_sctl_n was determined to be a clock but was found without an associated clock assignment.
    Info (13166): Register sctl_toggle is being clocked by dcj_sctl_n
Critical Warning (332168): The following clock transfers have no clock uncertainty assignment. For more accurate results, apply clock uncertainty assignments or use the derive_clock_uncertainty command.
    Critical Warning (332169): From altera_reserved_tck (Rise) to altera_reserved_tck (Rise) (setup and hold)
    Critical Warning (332169): From altera_reserved_tck (Rise) to altera_reserved_tck (Fall) (setup and hold)
Info (332129): Detected timing requirements -- optimizing circuit to achieve only the specified requirements
Info (332111): Found 1 clocks
    Info (332111):   Period   Clock Name
    Info (332111): ======== ============
    Info (332111):  100.000 altera_reserved_tck
Info (176353): Automatically promoted node clk50~input (placed in PIN G21 (CLK4, DIFFCLK_2p)) File: Y:/QuartusPrj/dcj11_helloworld/task7_sram_2kb_hello/top.v Line: 18
    Info (176355): Automatically promoted destinations to use location or clock signal Global Clock CLKCTRL_G9
Info (176353): Automatically promoted node altera_internal_jtag~TCKUTAP 
    Info (176355): Automatically promoted destinations to use location or clock signal Global Clock
Info (176353): Automatically promoted node sld_signaltap:auto_signaltap_0|sld_signaltap_impl:sld_signaltap_body|sld_signaltap_implb:sld_signaltap_body|reset_all  File: c:/intelfpga/18.1/quartus/libraries/megafunctions/sld_signaltap_impl.vhd Line: 882
    Info (176355): Automatically promoted destinations to use location or clock signal Global Clock
    Info (176356): Following destination nodes may be non-global or may not use global or regional clocks
        Info (176357): Destination node sld_signaltap:auto_signaltap_0|sld_signaltap_impl:sld_signaltap_body|sld_signaltap_implb:sld_signaltap_body|sld_buffer_manager:sld_buffer_manager_inst|last_buffer_write_address_sig[0]~0 File: c:/intelfpga/18.1/quartus/libraries/megafunctions/sld_buffer_manager.vhd Line: 356
        Info (176357): Destination node sld_signaltap:auto_signaltap_0|sld_signaltap_impl:sld_signaltap_body|sld_signaltap_implb:sld_signaltap_body|sld_offload_buffer_mgr:\stp_non_zero_depth_offload_gen:stp_offload_buff_mgr_inst|acq_buf_read_reset~0 File: c:/intelfpga/18.1/quartus/libraries/megafunctions/sld_buffer_manager.vhd Line: 638
        Info (176357): Destination node sld_signaltap:auto_signaltap_0|sld_signaltap_impl:sld_signaltap_body|sld_signaltap_implb:sld_signaltap_body|sld_offload_buffer_mgr:\stp_non_zero_depth_offload_gen:stp_offload_buff_mgr_inst|acq_buf_read_reset File: c:/intelfpga/18.1/quartus/libraries/megafunctions/sld_buffer_manager.vhd Line: 638
Info (176353): Automatically promoted node fpga_reset_n  File: Y:/QuartusPrj/dcj11_helloworld/task7_sram_2kb_hello/top.v Line: 65
    Info (176355): Automatically promoted destinations to use location or clock signal Global Clock
    Info (176356): Following destination nodes may be non-global or may not use global or regional clocks
        Info (176357): Destination node dcj11_sram_2kb_hello_core:core|Kl11Lite:kl11|rxReady File: Y:/QuartusPrj/dcj11_helloworld/task7_sram_2kb_hello/generated/Kl11Lite.sv Line: 23
        Info (176357): Destination node dcj11_sram_2kb_hello_core:core|Kl11Lite:kl11|rxIntEnable File: Y:/QuartusPrj/dcj11_helloworld/task7_sram_2kb_hello/generated/Kl11Lite.sv Line: 25
        Info (176357): Destination node dcj11_sram_2kb_hello_core:core|Kl11Lite:kl11|Queue64_UInt8:txQueue|maybe_full File: Y:/QuartusPrj/dcj11_helloworld/task7_sram_2kb_hello/generated/Queue64_UInt8.sv Line: 15
        Info (176357): Destination node dcj11_sram_2kb_hello_core:core|UartTx:tx|busy File: Y:/QuartusPrj/dcj11_helloworld/task7_sram_2kb_hello/generated/UartTx.sv Line: 11
        Info (176357): Destination node dcj11_sram_2kb_hello_core:core|Kl11Lite:kl11|txIntEnable File: Y:/QuartusPrj/dcj11_helloworld/task7_sram_2kb_hello/generated/Kl11Lite.sv Line: 26
        Info (176357): Destination node dcj11_sram_2kb_hello_core:core|UartTx:tx|txReg File: Y:/QuartusPrj/dcj11_helloworld/task7_sram_2kb_hello/generated/UartTx.sv Line: 16
        Info (176357): Destination node aw21024_led_panel:led_panel|state[0] File: Y:/QuartusPrj/dcj11_helloworld/task7_sram_2kb_hello/generated/aw21024_led_panel.sv Line: 61
        Info (176357): Destination node aw21024_led_panel:led_panel|state[1] File: Y:/QuartusPrj/dcj11_helloworld/task7_sram_2kb_hello/generated/aw21024_led_panel.sv Line: 61
        Info (176357): Destination node aw21024_led_panel:led_panel|state[2] File: Y:/QuartusPrj/dcj11_helloworld/task7_sram_2kb_hello/generated/aw21024_led_panel.sv Line: 61
        Info (176357): Destination node dcj11_sram_2kb_hello_core:core|Kl11Lite:kl11|UartRx:rx|validReg File: Y:/QuartusPrj/dcj11_helloworld/task7_sram_2kb_hello/generated/UartRx.sv Line: 18
        Info (176358): Non-global destination nodes limited to 10 nodes
Info (176353): Automatically promoted node always2~0 
    Info (176355): Automatically promoted destinations to use location or clock signal Global Clock
Info (176233): Starting register packing
Info (176235): Finished register packing
    Extra Info (176219): No registers were packed into other blocks
Info (171121): Fitter preparation operations ending: elapsed time is 00:00:01
Info (14896): Fitter has disabled Advanced Physical Optimization because it is not supported for the current family.
Info (170189): Fitter placement preparation operations beginning
Info (170190): Fitter placement preparation operations ending: elapsed time is 00:00:00
Info (170191): Fitter placement operations beginning
Info (170137): Fitter placement was successful
Info (170192): Fitter placement operations ending: elapsed time is 00:00:01
Info (170193): Fitter routing operations beginning
Info (170195): Router estimated average interconnect usage is 5% of the available device resources
    Info (170196): Router estimated peak interconnect usage is 16% of the available device resources in the region that extends from location X21_Y10 to location X30_Y19
Info (170199): The Fitter performed an Auto Fit compilation.  Optimizations were skipped to reduce compilation time.
    Info (170201): Optimizations that may affect the design's routability were skipped
    Info (170200): Optimizations that may affect the design's timing were skipped
Info (170194): Fitter routing operations ending: elapsed time is 00:00:01
Info (11888): Total time spent on timing analysis during the Fitter is 0.54 seconds.
Info (334003): Started post-fitting delay annotation
Info (334004): Delay annotation completed successfully
Info (334003): Started post-fitting delay annotation
Info (334004): Delay annotation completed successfully
Info (11218): Fitter post-fit operations ending: elapsed time is 00:00:01
Warning (169177): 56 pins must meet Intel FPGA requirements for 3.3-, 3.0-, and 2.5-V interfaces. For more information, refer to AN 447: Interfacing Cyclone IV E Devices with 3.3/3.0/2.5-V LVTTL/LVCMOS I/O Systems.
    Info (169178): Pin dcj_strb_n uses I/O standard 3.3-V LVCMOS at W21 File: Y:/QuartusPrj/dcj11_helloworld/task7_sram_2kb_hello/top.v Line: 27
    Info (169178): Pin dcj_clk2 uses I/O standard 3.3-V LVCMOS at U22 File: Y:/QuartusPrj/dcj11_helloworld/task7_sram_2kb_hello/top.v Line: 28
    Info (169178): Pin dcj_dal[0] uses I/O standard 3.3-V LVCMOS at AB9 File: Y:/QuartusPrj/dcj11_helloworld/task7_sram_2kb_hello/top.v Line: 20
    Info (169178): Pin dcj_dal[1] uses I/O standard 3.3-V LVCMOS at AA15 File: Y:/QuartusPrj/dcj11_helloworld/task7_sram_2kb_hello/top.v Line: 20
    Info (169178): Pin dcj_dal[2] uses I/O standard 3.3-V LVCMOS at AB16 File: Y:/QuartusPrj/dcj11_helloworld/task7_sram_2kb_hello/top.v Line: 20
    Info (169178): Pin dcj_dal[3] uses I/O standard 3.3-V LVCMOS at AA16 File: Y:/QuartusPrj/dcj11_helloworld/task7_sram_2kb_hello/top.v Line: 20
    Info (169178): Pin dcj_dal[4] uses I/O standard 3.3-V LVCMOS at AB17 File: Y:/QuartusPrj/dcj11_helloworld/task7_sram_2kb_hello/top.v Line: 20
    Info (169178): Pin dcj_dal[5] uses I/O standard 3.3-V LVCMOS at AA17 File: Y:/QuartusPrj/dcj11_helloworld/task7_sram_2kb_hello/top.v Line: 20
    Info (169178): Pin dcj_dal[6] uses I/O standard 3.3-V LVCMOS at AA8 File: Y:/QuartusPrj/dcj11_helloworld/task7_sram_2kb_hello/top.v Line: 20
    Info (169178): Pin dcj_dal[7] uses I/O standard 3.3-V LVCMOS at AB8 File: Y:/QuartusPrj/dcj11_helloworld/task7_sram_2kb_hello/top.v Line: 20
    Info (169178): Pin dcj_dal[8] uses I/O standard 3.3-V LVCMOS at AA9 File: Y:/QuartusPrj/dcj11_helloworld/task7_sram_2kb_hello/top.v Line: 20
    Info (169178): Pin dcj_dal[9] uses I/O standard 3.3-V LVCMOS at AA10 File: Y:/QuartusPrj/dcj11_helloworld/task7_sram_2kb_hello/top.v Line: 20
    Info (169178): Pin dcj_dal[10] uses I/O standard 3.3-V LVCMOS at AB10 File: Y:/QuartusPrj/dcj11_helloworld/task7_sram_2kb_hello/top.v Line: 20
    Info (169178): Pin dcj_dal[11] uses I/O standard 3.3-V LVCMOS at AB13 File: Y:/QuartusPrj/dcj11_helloworld/task7_sram_2kb_hello/top.v Line: 20
    Info (169178): Pin dcj_dal[12] uses I/O standard 3.3-V LVCMOS at AA13 File: Y:/QuartusPrj/dcj11_helloworld/task7_sram_2kb_hello/top.v Line: 20
    Info (169178): Pin dcj_dal[13] uses I/O standard 3.3-V LVCMOS at AB14 File: Y:/QuartusPrj/dcj11_helloworld/task7_sram_2kb_hello/top.v Line: 20
    Info (169178): Pin dcj_dal[14] uses I/O standard 3.3-V LVCMOS at AA14 File: Y:/QuartusPrj/dcj11_helloworld/task7_sram_2kb_hello/top.v Line: 20
    Info (169178): Pin dcj_dal[15] uses I/O standard 3.3-V LVCMOS at AB15 File: Y:/QuartusPrj/dcj11_helloworld/task7_sram_2kb_hello/top.v Line: 20
    Info (169178): Pin dcj_init_n uses I/O standard 3.3-V LVCMOS at W20 File: Y:/QuartusPrj/dcj11_helloworld/task7_sram_2kb_hello/top.v Line: 29
    Info (169178): Pin dcj_dv uses I/O standard 3.3-V LVCMOS at Y17 File: Y:/QuartusPrj/dcj11_helloworld/task7_sram_2kb_hello/top.v Line: 34
    Info (169178): Pin dcj_miss_n uses I/O standard 3.3-V LVCMOS at V21 File: Y:/QuartusPrj/dcj11_helloworld/task7_sram_2kb_hello/top.v Line: 35
    Info (169178): Pin sram_dq_lo[0] uses I/O standard 3.3-V LVCMOS at AA1 File: Y:/QuartusPrj/dcj11_helloworld/task7_sram_2kb_hello/top.v Line: 38
    Info (169178): Pin sram_dq_lo[1] uses I/O standard 3.3-V LVCMOS at Y2 File: Y:/QuartusPrj/dcj11_helloworld/task7_sram_2kb_hello/top.v Line: 38
    Info (169178): Pin sram_dq_lo[2] uses I/O standard 3.3-V LVCMOS at Y1 File: Y:/QuartusPrj/dcj11_helloworld/task7_sram_2kb_hello/top.v Line: 38
    Info (169178): Pin sram_dq_lo[3] uses I/O standard 3.3-V LVCMOS at W2 File: Y:/QuartusPrj/dcj11_helloworld/task7_sram_2kb_hello/top.v Line: 38
    Info (169178): Pin sram_dq_lo[4] uses I/O standard 3.3-V LVCMOS at W1 File: Y:/QuartusPrj/dcj11_helloworld/task7_sram_2kb_hello/top.v Line: 38
    Info (169178): Pin sram_dq_lo[5] uses I/O standard 3.3-V LVCMOS at V2 File: Y:/QuartusPrj/dcj11_helloworld/task7_sram_2kb_hello/top.v Line: 38
    Info (169178): Pin sram_dq_lo[6] uses I/O standard 3.3-V LVCMOS at V1 File: Y:/QuartusPrj/dcj11_helloworld/task7_sram_2kb_hello/top.v Line: 38
    Info (169178): Pin sram_dq_lo[7] uses I/O standard 3.3-V LVCMOS at U2 File: Y:/QuartusPrj/dcj11_helloworld/task7_sram_2kb_hello/top.v Line: 38
    Info (169178): Pin sram_dq_hi[0] uses I/O standard 3.3-V LVCMOS at A17 File: Y:/QuartusPrj/dcj11_helloworld/task7_sram_2kb_hello/top.v Line: 39
    Info (169178): Pin sram_dq_hi[1] uses I/O standard 3.3-V LVCMOS at B17 File: Y:/QuartusPrj/dcj11_helloworld/task7_sram_2kb_hello/top.v Line: 39
    Info (169178): Pin sram_dq_hi[2] uses I/O standard 3.3-V LVCMOS at A18 File: Y:/QuartusPrj/dcj11_helloworld/task7_sram_2kb_hello/top.v Line: 39
    Info (169178): Pin sram_dq_hi[3] uses I/O standard 3.3-V LVCMOS at B18 File: Y:/QuartusPrj/dcj11_helloworld/task7_sram_2kb_hello/top.v Line: 39
    Info (169178): Pin sram_dq_hi[4] uses I/O standard 3.3-V LVCMOS at A19 File: Y:/QuartusPrj/dcj11_helloworld/task7_sram_2kb_hello/top.v Line: 39
    Info (169178): Pin sram_dq_hi[5] uses I/O standard 3.3-V LVCMOS at B19 File: Y:/QuartusPrj/dcj11_helloworld/task7_sram_2kb_hello/top.v Line: 39
    Info (169178): Pin sram_dq_hi[6] uses I/O standard 3.3-V LVCMOS at A20 File: Y:/QuartusPrj/dcj11_helloworld/task7_sram_2kb_hello/top.v Line: 39
    Info (169178): Pin sram_dq_hi[7] uses I/O standard 3.3-V LVCMOS at B20 File: Y:/QuartusPrj/dcj11_helloworld/task7_sram_2kb_hello/top.v Line: 39
    Info (169178): Pin led_i2c_scl uses I/O standard 3.3-V LVCMOS at Y7 File: Y:/QuartusPrj/dcj11_helloworld/task7_sram_2kb_hello/top.v Line: 56
    Info (169178): Pin led_i2c_sda uses I/O standard 3.3-V LVCMOS at Y6 File: Y:/QuartusPrj/dcj11_helloworld/task7_sram_2kb_hello/top.v Line: 57
    Info (169178): Pin clk50 uses I/O standard 3.3-V LVCMOS at G21 File: Y:/QuartusPrj/dcj11_helloworld/task7_sram_2kb_hello/top.v Line: 18
    Info (169178): Pin dcj_bufctl_n uses I/O standard 3.3-V LVCMOS at Y21 File: Y:/QuartusPrj/dcj11_helloworld/task7_sram_2kb_hello/top.v Line: 26
    Info (169178): Pin dcj_bs[1] uses I/O standard 3.3-V LVCMOS at AB7 File: Y:/QuartusPrj/dcj11_helloworld/task7_sram_2kb_hello/top.v Line: 23
    Info (169178): Pin dcj_ale_n uses I/O standard 3.3-V LVCMOS at Y22 File: Y:/QuartusPrj/dcj11_helloworld/task7_sram_2kb_hello/top.v Line: 24
    Info (169178): Pin dcj_bs[0] uses I/O standard 3.3-V LVCMOS at AA7 File: Y:/QuartusPrj/dcj11_helloworld/task7_sram_2kb_hello/top.v Line: 23
    Info (169178): Pin dcj_aio[3] uses I/O standard 3.3-V LVCMOS at AB4 File: Y:/QuartusPrj/dcj11_helloworld/task7_sram_2kb_hello/top.v Line: 22
    Info (169178): Pin dcj_aio[2] uses I/O standard 3.3-V LVCMOS at AA4 File: Y:/QuartusPrj/dcj11_helloworld/task7_sram_2kb_hello/top.v Line: 22
    Info (169178): Pin dcj_aio[1] uses I/O standard 3.3-V LVCMOS at AB3 File: Y:/QuartusPrj/dcj11_helloworld/task7_sram_2kb_hello/top.v Line: 22
    Info (169178): Pin dcj_dal_hi[21] uses I/O standard 3.3-V LVCMOS at AA18 File: Y:/QuartusPrj/dcj11_helloworld/task7_sram_2kb_hello/top.v Line: 21
    Info (169178): Pin dcj_dal_hi[20] uses I/O standard 3.3-V LVCMOS at AB19 File: Y:/QuartusPrj/dcj11_helloworld/task7_sram_2kb_hello/top.v Line: 21
    Info (169178): Pin dcj_dal_hi[19] uses I/O standard 3.3-V LVCMOS at AA19 File: Y:/QuartusPrj/dcj11_helloworld/task7_sram_2kb_hello/top.v Line: 21
    Info (169178): Pin dcj_dal_hi[18] uses I/O standard 3.3-V LVCMOS at AB20 File: Y:/QuartusPrj/dcj11_helloworld/task7_sram_2kb_hello/top.v Line: 21
    Info (169178): Pin dcj_dal_hi[17] uses I/O standard 3.3-V LVCMOS at AA20 File: Y:/QuartusPrj/dcj11_helloworld/task7_sram_2kb_hello/top.v Line: 21
    Info (169178): Pin dcj_dal_hi[16] uses I/O standard 3.3-V LVCMOS at AA21 File: Y:/QuartusPrj/dcj11_helloworld/task7_sram_2kb_hello/top.v Line: 21
    Info (169178): Pin dcj_aio[0] uses I/O standard 3.3-V LVCMOS at AA3 File: Y:/QuartusPrj/dcj11_helloworld/task7_sram_2kb_hello/top.v Line: 22
    Info (169178): Pin dcj_sctl_n uses I/O standard 3.3-V LVCMOS at W22 File: Y:/QuartusPrj/dcj11_helloworld/task7_sram_2kb_hello/top.v Line: 25
    Info (169178): Pin uart_rx uses I/O standard 3.3-V LVCMOS at C1 File: Y:/QuartusPrj/dcj11_helloworld/task7_sram_2kb_hello/top.v Line: 45
Warning (169064): Following 2 pins have no output enable or a GND or VCC output enable - later changes to this connectivity may change fitting results
    Info (169065): Pin dcj_dv has a permanently disabled output enable File: Y:/QuartusPrj/dcj11_helloworld/task7_sram_2kb_hello/top.v Line: 34
    Info (169065): Pin dcj_miss_n has a permanently disabled output enable File: Y:/QuartusPrj/dcj11_helloworld/task7_sram_2kb_hello/top.v Line: 35
Info (144001): Generated suppressed messages file Y:/QuartusPrj/dcj11_helloworld/output_files/dcj11_helloworld.fit.smsg
Info: Quartus Prime Fitter was successful. 0 errors, 11 warnings
    Info: Peak virtual memory: 904 megabytes
    Info: Processing ended: Fri Jun 26 22:24:57 2026
    Info: Elapsed time: 00:00:10
    Info: Total CPU time (on all processors): 00:00:00


+----------------------------+
; Fitter Suppressed Messages ;
+----------------------------+
The suppressed messages can be found in Y:/QuartusPrj/dcj11_helloworld/output_files/dcj11_helloworld.fit.smsg.


