Analysis & Synthesis report for dcj11_helloworld
Fri Jun 26 22:24:41 2026
Quartus Prime Version 18.1.0 Build 625 09/12/2018 SJ Standard Edition


---------------------
; Table of Contents ;
---------------------
  1. Legal Notice
  2. Analysis & Synthesis Summary
  3. Analysis & Synthesis Settings
  4. Parallel Compilation
  5. Analysis & Synthesis Source Files Read
  6. Analysis & Synthesis IP Cores Summary
  7. Partition Status Summary
  8. Dependent File Changes for Partition Top
  9. Partition for Top-Level Resource Utilization by Entity
 10. State Machine - |top|dcj11_sram_2kb_hello_core:core|preload_state
 11. State Machine - |top|dcj11_sram_2kb_hello_core:core|sram_dual_x8_bus16:sram_ip|state
 12. Registers Removed During Synthesis
 13. Registers Added for RAM Pass-Through Logic
 14. Multiplexer Restructuring Statistics (Restructuring Performed)
 15. Source assignments for dcj11_sram_2kb_hello_core:core|Kl11Lite:kl11|Queue64_UInt8:txQueue|ram_64x8:ram_ext|altsyncram:Memory_rtl_0|altsyncram_8ac1:auto_generated
 16. Parameter Settings for User Entity Instance: Top-level Entity: |top
 17. Parameter Settings for User Entity Instance: dcj11_sram_2kb_hello_core:core
 18. Parameter Settings for User Entity Instance: dcj11_sram_2kb_hello_core:core|sram_dual_x8_bus16:sram_ip
 19. Parameter Settings for Inferred Entity Instance: dcj11_sram_2kb_hello_core:core|Kl11Lite:kl11|Queue64_UInt8:txQueue|ram_64x8:ram_ext|altsyncram:Memory_rtl_0
 20. Partition Dependent Files
 21. Post-Synthesis Netlist Statistics for Top Partition
 22. Source assignments for sld_signaltap:auto_signaltap_0
 23. Parameter Settings for Inferred Entity Instance: sld_signaltap:auto_signaltap_0
 24. Port Connectivity Checks: "aw21024_led_panel:led_panel|Aw21024I2cBurstWriter:writer"
 25. Port Connectivity Checks: "dcj11_sram_2kb_hello_core:core|Kl11Lite:kl11|Queue64_UInt8:txQueue|ram_64x8:ram_ext"
 26. Signal Tap Logic Analyzer Settings
 27. Elapsed Time Per Partition
 28. Analysis & Synthesis Messages
 29. Analysis & Synthesis Suppressed Messages



----------------
; Legal Notice ;
----------------
Copyright (C) 2018  Intel Corporation. All rights reserved.
Your use of Intel Corporation's design tools, logic functions 
and other software and tools, and its AMPP partner logic 
functions, and any output files from any of the foregoing 
(including device programming or simulation files), and any 
associated documentation or information are expressly subject 
to the terms and conditions of the Intel Program License 
Subscription Agreement, the Intel Quartus Prime License Agreement,
the Intel FPGA IP License Agreement, or other applicable license
agreement, including, without limitation, that your use is for
the sole purpose of programming logic devices manufactured by
Intel and sold by Intel or its authorized distributors.  Please
refer to the applicable agreement for further details.



+--------------------------------------------------------------------------------------+
; Analysis & Synthesis Summary                                                         ;
+------------------------------------+-------------------------------------------------+
; Analysis & Synthesis Status        ; Successful - Fri Jun 26 22:24:41 2026           ;
; Quartus Prime Version              ; 18.1.0 Build 625 09/12/2018 SJ Standard Edition ;
; Revision Name                      ; dcj11_helloworld                                ;
; Top-level Entity Name              ; top                                             ;
; Family                             ; Cyclone IV E                                    ;
; Total logic elements               ; N/A until Partition Merge                       ;
;     Total combinational functions  ; N/A until Partition Merge                       ;
;     Dedicated logic registers      ; N/A until Partition Merge                       ;
; Total registers                    ; N/A until Partition Merge                       ;
; Total pins                         ; N/A until Partition Merge                       ;
; Total virtual pins                 ; N/A until Partition Merge                       ;
; Total memory bits                  ; N/A until Partition Merge                       ;
; Embedded Multiplier 9-bit elements ; N/A until Partition Merge                       ;
; Total PLLs                         ; N/A until Partition Merge                       ;
+------------------------------------+-------------------------------------------------+


+------------------------------------------------------------------------------------------------------------+
; Analysis & Synthesis Settings                                                                              ;
+------------------------------------------------------------------+--------------------+--------------------+
; Option                                                           ; Setting            ; Default Value      ;
+------------------------------------------------------------------+--------------------+--------------------+
; Device                                                           ; EP4CE15F23C8       ;                    ;
; Top-level entity name                                            ; top                ; dcj11_helloworld   ;
; Family name                                                      ; Cyclone IV E       ; Cyclone V          ;
; Use smart compilation                                            ; Off                ; Off                ;
; Enable parallel Assembler and Timing Analyzer during compilation ; On                 ; On                 ;
; Enable compact report table                                      ; Off                ; Off                ;
; Restructure Multiplexers                                         ; Auto               ; Auto               ;
; Create Debugging Nodes for IP Cores                              ; Off                ; Off                ;
; Preserve fewer node names                                        ; On                 ; On                 ;
; Intel FPGA IP Evaluation Mode                                    ; Enable             ; Enable             ;
; Verilog Version                                                  ; Verilog_2001       ; Verilog_2001       ;
; VHDL Version                                                     ; VHDL_1993          ; VHDL_1993          ;
; State Machine Processing                                         ; Auto               ; Auto               ;
; Safe State Machine                                               ; Off                ; Off                ;
; Extract Verilog State Machines                                   ; On                 ; On                 ;
; Extract VHDL State Machines                                      ; On                 ; On                 ;
; Ignore Verilog initial constructs                                ; Off                ; Off                ;
; Iteration limit for constant Verilog loops                       ; 5000               ; 5000               ;
; Iteration limit for non-constant Verilog loops                   ; 250                ; 250                ;
; Add Pass-Through Logic to Inferred RAMs                          ; On                 ; On                 ;
; Infer RAMs from Raw Logic                                        ; On                 ; On                 ;
; Parallel Synthesis                                               ; On                 ; On                 ;
; DSP Block Balancing                                              ; Auto               ; Auto               ;
; NOT Gate Push-Back                                               ; On                 ; On                 ;
; Power-Up Don't Care                                              ; On                 ; On                 ;
; Remove Redundant Logic Cells                                     ; Off                ; Off                ;
; Remove Duplicate Registers                                       ; On                 ; On                 ;
; Ignore CARRY Buffers                                             ; Off                ; Off                ;
; Ignore CASCADE Buffers                                           ; Off                ; Off                ;
; Ignore GLOBAL Buffers                                            ; Off                ; Off                ;
; Ignore ROW GLOBAL Buffers                                        ; Off                ; Off                ;
; Ignore LCELL Buffers                                             ; Off                ; Off                ;
; Ignore SOFT Buffers                                              ; On                 ; On                 ;
; Limit AHDL Integers to 32 Bits                                   ; Off                ; Off                ;
; Optimization Technique                                           ; Balanced           ; Balanced           ;
; Carry Chain Length                                               ; 70                 ; 70                 ;
; Auto Carry Chains                                                ; On                 ; On                 ;
; Auto Open-Drain Pins                                             ; On                 ; On                 ;
; Perform WYSIWYG Primitive Resynthesis                            ; Off                ; Off                ;
; Auto ROM Replacement                                             ; On                 ; On                 ;
; Auto RAM Replacement                                             ; On                 ; On                 ;
; Auto DSP Block Replacement                                       ; On                 ; On                 ;
; Auto Shift Register Replacement                                  ; Auto               ; Auto               ;
; Allow Shift Register Merging across Hierarchies                  ; Auto               ; Auto               ;
; Auto Clock Enable Replacement                                    ; On                 ; On                 ;
; Strict RAM Replacement                                           ; Off                ; Off                ;
; Allow Synchronous Control Signals                                ; On                 ; On                 ;
; Force Use of Synchronous Clear Signals                           ; Off                ; Off                ;
; Auto RAM Block Balancing                                         ; On                 ; On                 ;
; Auto RAM to Logic Cell Conversion                                ; Off                ; Off                ;
; Auto Resource Sharing                                            ; Off                ; Off                ;
; Allow Any RAM Size For Recognition                               ; Off                ; Off                ;
; Allow Any ROM Size For Recognition                               ; Off                ; Off                ;
; Allow Any Shift Register Size For Recognition                    ; Off                ; Off                ;
; Use LogicLock Constraints during Resource Balancing              ; On                 ; On                 ;
; Ignore translate_off and synthesis_off directives                ; Off                ; Off                ;
; Timing-Driven Synthesis                                          ; On                 ; On                 ;
; Report Parameter Settings                                        ; On                 ; On                 ;
; Report Source Assignments                                        ; On                 ; On                 ;
; Report Connectivity Checks                                       ; On                 ; On                 ;
; Ignore Maximum Fan-Out Assignments                               ; Off                ; Off                ;
; Synchronization Register Chain Length                            ; 2                  ; 2                  ;
; Power Optimization During Synthesis                              ; Normal compilation ; Normal compilation ;
; HDL message level                                                ; Level2             ; Level2             ;
; Suppress Register Optimization Related Messages                  ; Off                ; Off                ;
; Number of Removed Registers Reported in Synthesis Report         ; 5000               ; 5000               ;
; Number of Swept Nodes Reported in Synthesis Report               ; 5000               ; 5000               ;
; Number of Inverted Registers Reported in Synthesis Report        ; 100                ; 100                ;
; Clock MUX Protection                                             ; On                 ; On                 ;
; Auto Gated Clock Conversion                                      ; Off                ; Off                ;
; Block Design Naming                                              ; Auto               ; Auto               ;
; SDC constraint protection                                        ; Off                ; Off                ;
; Synthesis Effort                                                 ; Auto               ; Auto               ;
; Shift Register Replacement - Allow Asynchronous Clear Signal     ; On                 ; On                 ;
; Pre-Mapping Resynthesis Optimization                             ; Off                ; Off                ;
; Analysis & Synthesis Message Level                               ; Medium             ; Medium             ;
; Disable Register Merging Across Hierarchies                      ; Auto               ; Auto               ;
; Resource Aware Inference For Block RAM                           ; On                 ; On                 ;
+------------------------------------------------------------------+--------------------+--------------------+


+------------------------------------------+
; Parallel Compilation                     ;
+----------------------------+-------------+
; Processors                 ; Number      ;
+----------------------------+-------------+
; Number detected on machine ; 18          ;
; Maximum allowed            ; 16          ;
;                            ;             ;
; Average used               ; 1.00        ;
; Maximum used               ; 16          ;
;                            ;             ;
; Usage by Processor         ; % Time Used ;
;     Processor 1            ; 100.0%      ;
;     Processor 2            ;   0.1%      ;
;     Processor 3            ;   0.0%      ;
;     Processor 4            ;   0.0%      ;
;     Processor 5            ;   0.0%      ;
;     Processor 6            ;   0.0%      ;
;     Processor 7            ;   0.0%      ;
;     Processor 8            ;   0.0%      ;
;     Processor 9            ;   0.0%      ;
;     Processors 10-16       ;   0.0%      ;
+----------------------------+-------------+


+---------------------------------------------------------------------------------------------------------------------------------------------------------------------------------------------------------------------------------------------+
; Analysis & Synthesis Source Files Read                                                                                                                                                                                                      ;
+--------------------------------------------------------------------+-----------------+------------------------------------+---------------------------------------------------------------------------------------------------+-------------+
; File Name with User-Entered Path                                   ; Used in Netlist ; File Type                          ; File Name with Absolute Path                                                                      ; Library     ;
+--------------------------------------------------------------------+-----------------+------------------------------------+---------------------------------------------------------------------------------------------------+-------------+
; task7_sram_2kb_hello/generated/UartTx.sv                           ; yes             ; User SystemVerilog HDL File        ; Y:/QuartusPrj/dcj11_helloworld/task7_sram_2kb_hello/generated/UartTx.sv                           ;             ;
; task7_sram_2kb_hello/generated/UartRx.sv                           ; yes             ; User SystemVerilog HDL File        ; Y:/QuartusPrj/dcj11_helloworld/task7_sram_2kb_hello/generated/UartRx.sv                           ;             ;
; task7_sram_2kb_hello/generated/ram_64x8.sv                         ; yes             ; User SystemVerilog HDL File        ; Y:/QuartusPrj/dcj11_helloworld/task7_sram_2kb_hello/generated/ram_64x8.sv                         ;             ;
; task7_sram_2kb_hello/generated/Queue64_UInt8.sv                    ; yes             ; User SystemVerilog HDL File        ; Y:/QuartusPrj/dcj11_helloworld/task7_sram_2kb_hello/generated/Queue64_UInt8.sv                    ;             ;
; task7_sram_2kb_hello/generated/Kl11Lite.sv                         ; yes             ; User SystemVerilog HDL File        ; Y:/QuartusPrj/dcj11_helloworld/task7_sram_2kb_hello/generated/Kl11Lite.sv                         ;             ;
; task7_sram_2kb_hello/generated/Aw21024I2cBurstWriter.sv            ; yes             ; User SystemVerilog HDL File        ; Y:/QuartusPrj/dcj11_helloworld/task7_sram_2kb_hello/generated/Aw21024I2cBurstWriter.sv            ;             ;
; task7_sram_2kb_hello/generated/aw21024_led_panel.sv                ; yes             ; User SystemVerilog HDL File        ; Y:/QuartusPrj/dcj11_helloworld/task7_sram_2kb_hello/generated/aw21024_led_panel.sv                ;             ;
; task7_sram_2kb_hello/top.v                                         ; yes             ; User Verilog HDL File              ; Y:/QuartusPrj/dcj11_helloworld/task7_sram_2kb_hello/top.v                                         ;             ;
; task7_sram_2kb_hello/sram_dual_x8_bus16.v                          ; yes             ; User Verilog HDL File              ; Y:/QuartusPrj/dcj11_helloworld/task7_sram_2kb_hello/sram_dual_x8_bus16.v                          ;             ;
; task7_sram_2kb_hello/dcj11_sram_2kb_hello_core.v                   ; yes             ; User Verilog HDL File              ; Y:/QuartusPrj/dcj11_helloworld/task7_sram_2kb_hello/dcj11_sram_2kb_hello_core.v                   ;             ;
; sld_signaltap.vhd                                                  ; yes             ; Megafunction                       ; c:/intelfpga/18.1/quartus/libraries/megafunctions/sld_signaltap.vhd                               ;             ;
; sld_signaltap_impl.vhd                                             ; yes             ; Encrypted Megafunction             ; c:/intelfpga/18.1/quartus/libraries/megafunctions/sld_signaltap_impl.vhd                          ;             ;
; sld_ela_control.vhd                                                ; yes             ; Encrypted Megafunction             ; c:/intelfpga/18.1/quartus/libraries/megafunctions/sld_ela_control.vhd                             ;             ;
; lpm_shiftreg.tdf                                                   ; yes             ; Megafunction                       ; c:/intelfpga/18.1/quartus/libraries/megafunctions/lpm_shiftreg.tdf                                ;             ;
; lpm_constant.inc                                                   ; yes             ; Megafunction                       ; c:/intelfpga/18.1/quartus/libraries/megafunctions/lpm_constant.inc                                ;             ;
; dffeea.inc                                                         ; yes             ; Megafunction                       ; c:/intelfpga/18.1/quartus/libraries/megafunctions/dffeea.inc                                      ;             ;
; aglobal181.inc                                                     ; yes             ; Megafunction                       ; c:/intelfpga/18.1/quartus/libraries/megafunctions/aglobal181.inc                                  ;             ;
; sld_mbpmg.vhd                                                      ; yes             ; Encrypted Megafunction             ; c:/intelfpga/18.1/quartus/libraries/megafunctions/sld_mbpmg.vhd                                   ;             ;
; sld_ela_trigger_flow_mgr.vhd                                       ; yes             ; Encrypted Megafunction             ; c:/intelfpga/18.1/quartus/libraries/megafunctions/sld_ela_trigger_flow_mgr.vhd                    ;             ;
; sld_buffer_manager.vhd                                             ; yes             ; Encrypted Megafunction             ; c:/intelfpga/18.1/quartus/libraries/megafunctions/sld_buffer_manager.vhd                          ;             ;
; altsyncram.tdf                                                     ; yes             ; Megafunction                       ; c:/intelfpga/18.1/quartus/libraries/megafunctions/altsyncram.tdf                                  ;             ;
; stratix_ram_block.inc                                              ; yes             ; Megafunction                       ; c:/intelfpga/18.1/quartus/libraries/megafunctions/stratix_ram_block.inc                           ;             ;
; lpm_mux.inc                                                        ; yes             ; Megafunction                       ; c:/intelfpga/18.1/quartus/libraries/megafunctions/lpm_mux.inc                                     ;             ;
; lpm_decode.inc                                                     ; yes             ; Megafunction                       ; c:/intelfpga/18.1/quartus/libraries/megafunctions/lpm_decode.inc                                  ;             ;
; a_rdenreg.inc                                                      ; yes             ; Megafunction                       ; c:/intelfpga/18.1/quartus/libraries/megafunctions/a_rdenreg.inc                                   ;             ;
; altrom.inc                                                         ; yes             ; Megafunction                       ; c:/intelfpga/18.1/quartus/libraries/megafunctions/altrom.inc                                      ;             ;
; altram.inc                                                         ; yes             ; Megafunction                       ; c:/intelfpga/18.1/quartus/libraries/megafunctions/altram.inc                                      ;             ;
; altdpram.inc                                                       ; yes             ; Megafunction                       ; c:/intelfpga/18.1/quartus/libraries/megafunctions/altdpram.inc                                    ;             ;
; db/altsyncram_cb24.tdf                                             ; yes             ; Auto-Generated Megafunction        ; Y:/QuartusPrj/dcj11_helloworld/db/altsyncram_cb24.tdf                                             ;             ;
; altdpram.tdf                                                       ; yes             ; Megafunction                       ; c:/intelfpga/18.1/quartus/libraries/megafunctions/altdpram.tdf                                    ;             ;
; memmodes.inc                                                       ; yes             ; Megafunction                       ; c:/intelfpga/18.1/quartus/libraries/others/maxplus2/memmodes.inc                                  ;             ;
; a_hdffe.inc                                                        ; yes             ; Megafunction                       ; c:/intelfpga/18.1/quartus/libraries/megafunctions/a_hdffe.inc                                     ;             ;
; alt_le_rden_reg.inc                                                ; yes             ; Megafunction                       ; c:/intelfpga/18.1/quartus/libraries/megafunctions/alt_le_rden_reg.inc                             ;             ;
; altsyncram.inc                                                     ; yes             ; Megafunction                       ; c:/intelfpga/18.1/quartus/libraries/megafunctions/altsyncram.inc                                  ;             ;
; lpm_mux.tdf                                                        ; yes             ; Megafunction                       ; c:/intelfpga/18.1/quartus/libraries/megafunctions/lpm_mux.tdf                                     ;             ;
; muxlut.inc                                                         ; yes             ; Megafunction                       ; c:/intelfpga/18.1/quartus/libraries/megafunctions/muxlut.inc                                      ;             ;
; bypassff.inc                                                       ; yes             ; Megafunction                       ; c:/intelfpga/18.1/quartus/libraries/megafunctions/bypassff.inc                                    ;             ;
; altshift.inc                                                       ; yes             ; Megafunction                       ; c:/intelfpga/18.1/quartus/libraries/megafunctions/altshift.inc                                    ;             ;
; db/mux_tsc.tdf                                                     ; yes             ; Auto-Generated Megafunction        ; Y:/QuartusPrj/dcj11_helloworld/db/mux_tsc.tdf                                                     ;             ;
; lpm_decode.tdf                                                     ; yes             ; Megafunction                       ; c:/intelfpga/18.1/quartus/libraries/megafunctions/lpm_decode.tdf                                  ;             ;
; declut.inc                                                         ; yes             ; Megafunction                       ; c:/intelfpga/18.1/quartus/libraries/megafunctions/declut.inc                                      ;             ;
; lpm_compare.inc                                                    ; yes             ; Megafunction                       ; c:/intelfpga/18.1/quartus/libraries/megafunctions/lpm_compare.inc                                 ;             ;
; db/decode_dvf.tdf                                                  ; yes             ; Auto-Generated Megafunction        ; Y:/QuartusPrj/dcj11_helloworld/db/decode_dvf.tdf                                                  ;             ;
; lpm_counter.tdf                                                    ; yes             ; Megafunction                       ; c:/intelfpga/18.1/quartus/libraries/megafunctions/lpm_counter.tdf                                 ;             ;
; lpm_add_sub.inc                                                    ; yes             ; Megafunction                       ; c:/intelfpga/18.1/quartus/libraries/megafunctions/lpm_add_sub.inc                                 ;             ;
; cmpconst.inc                                                       ; yes             ; Megafunction                       ; c:/intelfpga/18.1/quartus/libraries/megafunctions/cmpconst.inc                                    ;             ;
; lpm_counter.inc                                                    ; yes             ; Megafunction                       ; c:/intelfpga/18.1/quartus/libraries/megafunctions/lpm_counter.inc                                 ;             ;
; alt_counter_stratix.inc                                            ; yes             ; Megafunction                       ; c:/intelfpga/18.1/quartus/libraries/megafunctions/alt_counter_stratix.inc                         ;             ;
; db/cntr_igi.tdf                                                    ; yes             ; Auto-Generated Megafunction        ; Y:/QuartusPrj/dcj11_helloworld/db/cntr_igi.tdf                                                    ;             ;
; db/cmpr_tgc.tdf                                                    ; yes             ; Auto-Generated Megafunction        ; Y:/QuartusPrj/dcj11_helloworld/db/cmpr_tgc.tdf                                                    ;             ;
; db/cntr_m9j.tdf                                                    ; yes             ; Auto-Generated Megafunction        ; Y:/QuartusPrj/dcj11_helloworld/db/cntr_m9j.tdf                                                    ;             ;
; db/cntr_ggi.tdf                                                    ; yes             ; Auto-Generated Megafunction        ; Y:/QuartusPrj/dcj11_helloworld/db/cntr_ggi.tdf                                                    ;             ;
; db/cmpr_rgc.tdf                                                    ; yes             ; Auto-Generated Megafunction        ; Y:/QuartusPrj/dcj11_helloworld/db/cmpr_rgc.tdf                                                    ;             ;
; db/cntr_23j.tdf                                                    ; yes             ; Auto-Generated Megafunction        ; Y:/QuartusPrj/dcj11_helloworld/db/cntr_23j.tdf                                                    ;             ;
; db/cmpr_ngc.tdf                                                    ; yes             ; Auto-Generated Megafunction        ; Y:/QuartusPrj/dcj11_helloworld/db/cmpr_ngc.tdf                                                    ;             ;
; sld_rom_sr.vhd                                                     ; yes             ; Encrypted Megafunction             ; c:/intelfpga/18.1/quartus/libraries/megafunctions/sld_rom_sr.vhd                                  ;             ;
; sld_jtag_endpoint_adapter.vhd                                      ; yes             ; Encrypted Megafunction             ; c:/intelfpga/18.1/quartus/libraries/megafunctions/sld_jtag_endpoint_adapter.vhd                   ;             ;
; sld_jtag_endpoint_adapter_impl.sv                                  ; yes             ; Encrypted Megafunction             ; c:/intelfpga/18.1/quartus/libraries/megafunctions/sld_jtag_endpoint_adapter_impl.sv               ;             ;
; sld_hub.vhd                                                        ; yes             ; Encrypted Megafunction             ; c:/intelfpga/18.1/quartus/libraries/megafunctions/sld_hub.vhd                                     ; altera_sld  ;
; db/ip/sldb25c66b5/alt_sld_fab.v                                    ; yes             ; Encrypted Altera IP File           ; Y:/QuartusPrj/dcj11_helloworld/db/ip/sldb25c66b5/alt_sld_fab.v                                    ; alt_sld_fab ;
; db/ip/sldb25c66b5/submodules/alt_sld_fab_alt_sld_fab.v             ; yes             ; Encrypted Altera IP File           ; Y:/QuartusPrj/dcj11_helloworld/db/ip/sldb25c66b5/submodules/alt_sld_fab_alt_sld_fab.v             ; alt_sld_fab ;
; db/ip/sldb25c66b5/submodules/alt_sld_fab_alt_sld_fab_ident.sv      ; yes             ; Auto-Found SystemVerilog HDL File  ; Y:/QuartusPrj/dcj11_helloworld/db/ip/sldb25c66b5/submodules/alt_sld_fab_alt_sld_fab_ident.sv      ; alt_sld_fab ;
; db/ip/sldb25c66b5/submodules/alt_sld_fab_alt_sld_fab_presplit.sv   ; yes             ; Encrypted Altera IP File           ; Y:/QuartusPrj/dcj11_helloworld/db/ip/sldb25c66b5/submodules/alt_sld_fab_alt_sld_fab_presplit.sv   ; alt_sld_fab ;
; db/ip/sldb25c66b5/submodules/alt_sld_fab_alt_sld_fab_sldfabric.vhd ; yes             ; Encrypted Altera IP File           ; Y:/QuartusPrj/dcj11_helloworld/db/ip/sldb25c66b5/submodules/alt_sld_fab_alt_sld_fab_sldfabric.vhd ; alt_sld_fab ;
; db/ip/sldb25c66b5/submodules/alt_sld_fab_alt_sld_fab_splitter.sv   ; yes             ; Encrypted Altera IP File           ; Y:/QuartusPrj/dcj11_helloworld/db/ip/sldb25c66b5/submodules/alt_sld_fab_alt_sld_fab_splitter.sv   ; alt_sld_fab ;
; sld_jtag_hub.vhd                                                   ; yes             ; Encrypted Megafunction             ; c:/intelfpga/18.1/quartus/libraries/megafunctions/sld_jtag_hub.vhd                                ;             ;
; db/altsyncram_8ac1.tdf                                             ; yes             ; Auto-Generated Megafunction        ; Y:/QuartusPrj/dcj11_helloworld/db/altsyncram_8ac1.tdf                                             ;             ;
+--------------------------------------------------------------------+-----------------+------------------------------------+---------------------------------------------------------------------------------------------------+-------------+


+------------------------------------------------------------------------------------------------------------------------------------------------------------------------------------------------------------------------------------------------------------------------------------------------------------------------------------------------------------+
; Analysis & Synthesis IP Cores Summary                                                                                                                                                                                                                                                                                                                      ;
+--------+--------------+---------+--------------+--------------+--------------------------------------------------------------------------------------------------------------------------------------------------------------------------------------------------------------------------------------------------------------------------+-----------------+
; Vendor ; IP Core Name ; Version ; Release Date ; License Type ; Entity Instance                                                                                                                                                                                                                                                          ; IP Include File ;
+--------+--------------+---------+--------------+--------------+--------------------------------------------------------------------------------------------------------------------------------------------------------------------------------------------------------------------------------------------------------------------------+-----------------+
; Altera ; Signal Tap   ; N/A     ; N/A          ; Licensed     ; |top|sld_hub:auto_hub|alt_sld_fab_with_jtag_input:\instrumentation_fabric_with_node_gen:fabric_gen_new_way:with_jtag_input_gen:instrumentation_fabric|alt_sld_fab:instrumentation_fabric                                                                                 ;                 ;
; Altera ; Signal Tap   ; N/A     ; N/A          ; Licensed     ; |top|sld_hub:auto_hub|alt_sld_fab_with_jtag_input:\instrumentation_fabric_with_node_gen:fabric_gen_new_way:with_jtag_input_gen:instrumentation_fabric|alt_sld_fab:instrumentation_fabric|alt_sld_fab_alt_sld_fab:alt_sld_fab                                             ;                 ;
; Altera ; Signal Tap   ; N/A     ; N/A          ; Licensed     ; |top|sld_hub:auto_hub|alt_sld_fab_with_jtag_input:\instrumentation_fabric_with_node_gen:fabric_gen_new_way:with_jtag_input_gen:instrumentation_fabric|alt_sld_fab:instrumentation_fabric|alt_sld_fab_alt_sld_fab:alt_sld_fab|alt_sld_fab_alt_sld_fab_presplit:presplit   ;                 ;
; Altera ; Signal Tap   ; N/A     ; N/A          ; Licensed     ; |top|sld_hub:auto_hub|alt_sld_fab_with_jtag_input:\instrumentation_fabric_with_node_gen:fabric_gen_new_way:with_jtag_input_gen:instrumentation_fabric|alt_sld_fab:instrumentation_fabric|alt_sld_fab_alt_sld_fab:alt_sld_fab|alt_sld_fab_alt_sld_fab_sldfabric:sldfabric ;                 ;
; Altera ; Signal Tap   ; N/A     ; N/A          ; Licensed     ; |top|sld_hub:auto_hub|alt_sld_fab_with_jtag_input:\instrumentation_fabric_with_node_gen:fabric_gen_new_way:with_jtag_input_gen:instrumentation_fabric|alt_sld_fab:instrumentation_fabric|alt_sld_fab_alt_sld_fab:alt_sld_fab|alt_sld_fab_alt_sld_fab_splitter:splitter   ;                 ;
+--------+--------------+---------+--------------+--------------+--------------------------------------------------------------------------------------------------------------------------------------------------------------------------------------------------------------------------------------------------------------------------+-----------------+


+------------------------------------------------------------------------+
; Partition Status Summary                                               ;
+--------------------------------+-------------+-------------------------+
; Partition Name                 ; Synthesized ; Reason                  ;
+--------------------------------+-------------+-------------------------+
; Top                            ; yes         ; Dependent files changed ;
; sld_signaltap:auto_signaltap_0 ; no          ; No relevant changes     ;
; sld_hub:auto_hub               ; no          ; No relevant changes     ;
+--------------------------------+-------------+-------------------------+


+----------------------------------------------------------------------------------------------------------------------------------------------------------------------------------------+
; Dependent File Changes for Partition Top                                                                                                                                               ;
+--------------------------------+--------------------------------------------------+-------------------+----------+----------------------------------+----------------------------------+
; Hierarchy                      ; File Name                                        ; Relative Location ; Change   ; Old                              ; New                              ;
+--------------------------------+--------------------------------------------------+-------------------+----------+----------------------------------+----------------------------------+
; dcj11_sram_2kb_hello_core:core ; task7_sram_2kb_hello/dcj11_sram_2kb_hello_core.v ; Project Directory ; Checksum ; 4edaffc36efeac6eba210b24d07af785 ; 78f01e60d2d48a9e83fe59fe241976f5 ;
; |                              ; task7_sram_2kb_hello/top.v                       ; Project Directory ; Checksum ; f2463bad845042f5ba3e411bf5d6cf11 ; 954385aaa348833bcf30057775e76a6b ;
+--------------------------------+--------------------------------------------------+-------------------+----------+----------------------------------+----------------------------------+


+----------------------------------------------------------------------------------------------------------------------------------------------------------------------------------------------------------------------------------------------------------------------------------------------------------------------------------------------------------------------------+
; Partition for Top-Level Resource Utilization by Entity                                                                                                                                                                                                                                                                                                                     ;
+----------------------------------------------------+---------------------+---------------------------+-------------+--------------+---------+-----------+------+--------------+-------------------------------------------------------------------------------------------------------------------------------------------------+---------------------------+--------------+
; Compilation Hierarchy Node                         ; Combinational ALUTs ; Dedicated Logic Registers ; Memory Bits ; DSP Elements ; DSP 9x9 ; DSP 18x18 ; Pins ; Virtual Pins ; Full Hierarchy Name                                                                                                                             ; Entity Name               ; Library Name ;
+----------------------------------------------------+---------------------+---------------------------+-------------+--------------+---------+-----------+------+--------------+-------------------------------------------------------------------------------------------------------------------------------------------------+---------------------------+--------------+
; |top                                               ; 1323 (96)           ; 804 (112)                 ; 512         ; 0            ; 0       ; 0         ; 0    ; 0            ; |top                                                                                                                                            ; top                       ; work         ;
;    |aw21024_led_panel:led_panel|                   ; 431 (276)           ; 266 (186)                 ; 0           ; 0            ; 0       ; 0         ; 0    ; 0            ; |top|aw21024_led_panel:led_panel                                                                                                                ; aw21024_led_panel         ; work         ;
;       |Aw21024I2cBurstWriter:writer|               ; 155 (155)           ; 80 (80)                   ; 0           ; 0            ; 0       ; 0         ; 0    ; 0            ; |top|aw21024_led_panel:led_panel|Aw21024I2cBurstWriter:writer                                                                                   ; Aw21024I2cBurstWriter     ; work         ;
;    |dcj11_sram_2kb_hello_core:core|                ; 796 (489)           ; 426 (228)                 ; 512         ; 0            ; 0       ; 0         ; 0    ; 0            ; |top|dcj11_sram_2kb_hello_core:core                                                                                                             ; dcj11_sram_2kb_hello_core ; work         ;
;       |Kl11Lite:kl11|                              ; 147 (37)            ; 79 (11)                   ; 512         ; 0            ; 0       ; 0         ; 0    ; 0            ; |top|dcj11_sram_2kb_hello_core:core|Kl11Lite:kl11                                                                                               ; Kl11Lite                  ; work         ;
;          |Queue64_UInt8:txQueue|                   ; 31 (27)             ; 34 (13)                   ; 512         ; 0            ; 0       ; 0         ; 0    ; 0            ; |top|dcj11_sram_2kb_hello_core:core|Kl11Lite:kl11|Queue64_UInt8:txQueue                                                                         ; Queue64_UInt8             ; work         ;
;             |ram_64x8:ram_ext|                     ; 4 (4)               ; 21 (21)                   ; 512         ; 0            ; 0       ; 0         ; 0    ; 0            ; |top|dcj11_sram_2kb_hello_core:core|Kl11Lite:kl11|Queue64_UInt8:txQueue|ram_64x8:ram_ext                                                        ; ram_64x8                  ; work         ;
;                |altsyncram:Memory_rtl_0|           ; 0 (0)               ; 0 (0)                     ; 512         ; 0            ; 0       ; 0         ; 0    ; 0            ; |top|dcj11_sram_2kb_hello_core:core|Kl11Lite:kl11|Queue64_UInt8:txQueue|ram_64x8:ram_ext|altsyncram:Memory_rtl_0                                ; altsyncram                ; work         ;
;                   |altsyncram_8ac1:auto_generated| ; 0 (0)               ; 0 (0)                     ; 512         ; 0            ; 0       ; 0         ; 0    ; 0            ; |top|dcj11_sram_2kb_hello_core:core|Kl11Lite:kl11|Queue64_UInt8:txQueue|ram_64x8:ram_ext|altsyncram:Memory_rtl_0|altsyncram_8ac1:auto_generated ; altsyncram_8ac1           ; work         ;
;          |UartRx:rx|                               ; 79 (79)             ; 34 (34)                   ; 0           ; 0            ; 0       ; 0         ; 0    ; 0            ; |top|dcj11_sram_2kb_hello_core:core|Kl11Lite:kl11|UartRx:rx                                                                                     ; UartRx                    ; work         ;
;       |UartTx:tx|                                  ; 41 (41)             ; 23 (23)                   ; 0           ; 0            ; 0       ; 0         ; 0    ; 0            ; |top|dcj11_sram_2kb_hello_core:core|UartTx:tx                                                                                                   ; UartTx                    ; work         ;
;       |sram_dual_x8_bus16:sram_ip|                 ; 119 (119)           ; 96 (96)                   ; 0           ; 0            ; 0       ; 0         ; 0    ; 0            ; |top|dcj11_sram_2kb_hello_core:core|sram_dual_x8_bus16:sram_ip                                                                                  ; sram_dual_x8_bus16        ; work         ;
+----------------------------------------------------+---------------------+---------------------------+-------------+--------------+---------+-----------+------+--------------+-------------------------------------------------------------------------------------------------------------------------------------------------+---------------------------+--------------+
Note: For table entries with two numbers listed, the numbers in parentheses indicate the number of resources of the given type used by the specific entity alone. The numbers listed outside of parentheses indicate the total resources of the given type used by the specific entity and all of its sub-entities in the hierarchy.


Encoding Type:  One-Hot
+-----------------------------------------------------------------------------------------------------------------------------------------------------------------------+
; State Machine - |top|dcj11_sram_2kb_hello_core:core|preload_state                                                                                                     ;
+------------------------------+-----------------------------+------------------------+------------------------------+-------------------------+------------------------+
; Name                         ; preload_state.PRE_PROG_WAIT ; preload_state.PRE_PROG ; preload_state.PRE_CLEAR_WAIT ; preload_state.PRE_CLEAR ; preload_state.PRE_DONE ;
+------------------------------+-----------------------------+------------------------+------------------------------+-------------------------+------------------------+
; preload_state.PRE_CLEAR      ; 0                           ; 0                      ; 0                            ; 0                       ; 0                      ;
; preload_state.PRE_CLEAR_WAIT ; 0                           ; 0                      ; 1                            ; 1                       ; 0                      ;
; preload_state.PRE_PROG       ; 0                           ; 1                      ; 0                            ; 1                       ; 0                      ;
; preload_state.PRE_PROG_WAIT  ; 1                           ; 0                      ; 0                            ; 1                       ; 0                      ;
; preload_state.PRE_DONE       ; 0                           ; 0                      ; 0                            ; 1                       ; 1                      ;
+------------------------------+-----------------------------+------------------------+------------------------------+-------------------------+------------------------+


Encoding Type:  One-Hot
+--------------------------------------------------------------------------------------+
; State Machine - |top|dcj11_sram_2kb_hello_core:core|sram_dual_x8_bus16:sram_ip|state ;
+---------------+---------------+--------------+---------------------------------------+
; Name          ; state.ST_IDLE ; state.ST_END ; state.ST_WAIT                         ;
+---------------+---------------+--------------+---------------------------------------+
; state.ST_IDLE ; 0             ; 0            ; 0                                     ;
; state.ST_WAIT ; 1             ; 0            ; 1                                     ;
; state.ST_END  ; 1             ; 1            ; 0                                     ;
+---------------+---------------+--------------+---------------------------------------+


+---------------------------------------------------------------------------------------------------------------------------------------------------------------+
; Registers Removed During Synthesis                                                                                                                            ;
+-------------------------------------------------------------------------+-------------------------------------------------------------------------------------+
; Register name                                                           ; Reason for Removal                                                                  ;
+-------------------------------------------------------------------------+-------------------------------------------------------------------------------------+
; aw21024_led_panel:led_panel|Aw21024I2cBurstWriter:writer|regAddrReg[7]  ; Merged with aw21024_led_panel:led_panel|Aw21024I2cBurstWriter:writer|devAddrReg[6]  ;
; aw21024_led_panel:led_panel|Aw21024I2cBurstWriter:writer|devAddrReg[3]  ; Merged with aw21024_led_panel:led_panel|Aw21024I2cBurstWriter:writer|devAddrReg[6]  ;
; aw21024_led_panel:led_panel|Aw21024I2cBurstWriter:writer|regAddrReg[4]  ; Merged with aw21024_led_panel:led_panel|Aw21024I2cBurstWriter:writer|devAddrReg[6]  ;
; aw21024_led_panel:led_panel|Aw21024I2cBurstWriter:writer|devAddrReg[1]  ; Merged with aw21024_led_panel:led_panel|Aw21024I2cBurstWriter:writer|devAddrReg[6]  ;
; aw21024_led_panel:led_panel|Aw21024I2cBurstWriter:writer|lengthReg[2]   ; Merged with aw21024_led_panel:led_panel|Aw21024I2cBurstWriter:writer|devAddrReg[6]  ;
; aw21024_led_panel:led_panel|Aw21024I2cBurstWriter:writer|devAddrReg[4]  ; Merged with aw21024_led_panel:led_panel|Aw21024I2cBurstWriter:writer|devAddrReg[5]  ;
; aw21024_led_panel:led_panel|Aw21024I2cBurstWriter:writer|lengthReg[1]   ; Merged with aw21024_led_panel:led_panel|Aw21024I2cBurstWriter:writer|devAddrReg[2]  ;
; aw21024_led_panel:led_panel|Aw21024I2cBurstWriter:writer|regAddrReg[3]  ; Merged with aw21024_led_panel:led_panel|Aw21024I2cBurstWriter:writer|regAddrReg[6]  ;
; aw21024_led_panel:led_panel|Aw21024I2cBurstWriter:writer|regAddrReg[2]  ; Merged with aw21024_led_panel:led_panel|Aw21024I2cBurstWriter:writer|regAddrReg[5]  ;
; aw21024_led_panel:led_panel|Aw21024I2cBurstWriter:writer|lengthReg[3]   ; Merged with aw21024_led_panel:led_panel|Aw21024I2cBurstWriter:writer|lengthReg[4]   ;
; aw21024_led_panel:led_panel|Aw21024I2cBurstWriter:writer|devAddrReg[2]  ; Merged with aw21024_led_panel:led_panel|Aw21024I2cBurstWriter:writer|devAddrReg[6]  ;
; aw21024_led_panel:led_panel|Aw21024I2cBurstWriter:writer|currentByte[4] ; Merged with aw21024_led_panel:led_panel|Aw21024I2cBurstWriter:writer|currentByte[7] ;
; latched_dal[15]                                                         ; Merged with latched_addr[15]                                                        ;
; latched_dal[14]                                                         ; Merged with latched_addr[14]                                                        ;
; latched_dal[13]                                                         ; Merged with latched_addr[13]                                                        ;
; latched_dal[12]                                                         ; Merged with latched_addr[12]                                                        ;
; latched_dal[11]                                                         ; Merged with latched_addr[11]                                                        ;
; latched_dal[10]                                                         ; Merged with latched_addr[10]                                                        ;
; latched_dal[9]                                                          ; Merged with latched_addr[9]                                                         ;
; latched_dal[8]                                                          ; Merged with latched_addr[8]                                                         ;
; latched_dal[7]                                                          ; Merged with latched_addr[7]                                                         ;
; latched_dal[6]                                                          ; Merged with latched_addr[6]                                                         ;
; latched_dal[5]                                                          ; Merged with latched_addr[5]                                                         ;
; latched_dal[4]                                                          ; Merged with latched_addr[4]                                                         ;
; latched_dal[3]                                                          ; Merged with latched_addr[3]                                                         ;
; latched_dal[2]                                                          ; Merged with latched_addr[2]                                                         ;
; latched_dal[1]                                                          ; Merged with latched_addr[1]                                                         ;
; latched_dal[0]                                                          ; Merged with latched_addr[0]                                                         ;
; aw21024_led_panel:led_panel|Aw21024I2cBurstWriter:writer|devAddrReg[6]  ; Stuck at GND due to stuck port data_in                                              ;
; dcj11_sram_2kb_hello_core:core|UartTx:tx|shifter[9]                     ; Stuck at VCC due to stuck port data_in                                              ;
; dcj11_sram_2kb_hello_core:core|mem_write_aio[0]                         ; Stuck at VCC due to stuck port data_in                                              ;
; dcj11_sram_2kb_hello_core:core|mem_write_aio[2,3]                       ; Stuck at GND due to stuck port data_in                                              ;
; dcj11_sram_2kb_hello_core:core|preload_state~7                          ; Lost fanout                                                                         ;
; dcj11_sram_2kb_hello_core:core|preload_state~8                          ; Lost fanout                                                                         ;
; Total Number of Removed Registers = 35                                  ;                                                                                     ;
+-------------------------------------------------------------------------+-------------------------------------------------------------------------------------+


+----------------------------------------------------------------------------------------------------------------------------------------------------------------------------------------------------------------+
; Registers Added for RAM Pass-Through Logic                                                                                                                                                                     ;
+-------------------------------------------------------------------------------------------------------------+--------------------------------------------------------------------------------------------------+
; Register Name                                                                                               ; RAM Name                                                                                         ;
+-------------------------------------------------------------------------------------------------------------+--------------------------------------------------------------------------------------------------+
; dcj11_sram_2kb_hello_core:core|Kl11Lite:kl11|Queue64_UInt8:txQueue|ram_64x8:ram_ext|Memory_rtl_0_bypass[0]  ; dcj11_sram_2kb_hello_core:core|Kl11Lite:kl11|Queue64_UInt8:txQueue|ram_64x8:ram_ext|Memory_rtl_0 ;
; dcj11_sram_2kb_hello_core:core|Kl11Lite:kl11|Queue64_UInt8:txQueue|ram_64x8:ram_ext|Memory_rtl_0_bypass[1]  ; dcj11_sram_2kb_hello_core:core|Kl11Lite:kl11|Queue64_UInt8:txQueue|ram_64x8:ram_ext|Memory_rtl_0 ;
; dcj11_sram_2kb_hello_core:core|Kl11Lite:kl11|Queue64_UInt8:txQueue|ram_64x8:ram_ext|Memory_rtl_0_bypass[2]  ; dcj11_sram_2kb_hello_core:core|Kl11Lite:kl11|Queue64_UInt8:txQueue|ram_64x8:ram_ext|Memory_rtl_0 ;
; dcj11_sram_2kb_hello_core:core|Kl11Lite:kl11|Queue64_UInt8:txQueue|ram_64x8:ram_ext|Memory_rtl_0_bypass[3]  ; dcj11_sram_2kb_hello_core:core|Kl11Lite:kl11|Queue64_UInt8:txQueue|ram_64x8:ram_ext|Memory_rtl_0 ;
; dcj11_sram_2kb_hello_core:core|Kl11Lite:kl11|Queue64_UInt8:txQueue|ram_64x8:ram_ext|Memory_rtl_0_bypass[4]  ; dcj11_sram_2kb_hello_core:core|Kl11Lite:kl11|Queue64_UInt8:txQueue|ram_64x8:ram_ext|Memory_rtl_0 ;
; dcj11_sram_2kb_hello_core:core|Kl11Lite:kl11|Queue64_UInt8:txQueue|ram_64x8:ram_ext|Memory_rtl_0_bypass[5]  ; dcj11_sram_2kb_hello_core:core|Kl11Lite:kl11|Queue64_UInt8:txQueue|ram_64x8:ram_ext|Memory_rtl_0 ;
; dcj11_sram_2kb_hello_core:core|Kl11Lite:kl11|Queue64_UInt8:txQueue|ram_64x8:ram_ext|Memory_rtl_0_bypass[6]  ; dcj11_sram_2kb_hello_core:core|Kl11Lite:kl11|Queue64_UInt8:txQueue|ram_64x8:ram_ext|Memory_rtl_0 ;
; dcj11_sram_2kb_hello_core:core|Kl11Lite:kl11|Queue64_UInt8:txQueue|ram_64x8:ram_ext|Memory_rtl_0_bypass[7]  ; dcj11_sram_2kb_hello_core:core|Kl11Lite:kl11|Queue64_UInt8:txQueue|ram_64x8:ram_ext|Memory_rtl_0 ;
; dcj11_sram_2kb_hello_core:core|Kl11Lite:kl11|Queue64_UInt8:txQueue|ram_64x8:ram_ext|Memory_rtl_0_bypass[8]  ; dcj11_sram_2kb_hello_core:core|Kl11Lite:kl11|Queue64_UInt8:txQueue|ram_64x8:ram_ext|Memory_rtl_0 ;
; dcj11_sram_2kb_hello_core:core|Kl11Lite:kl11|Queue64_UInt8:txQueue|ram_64x8:ram_ext|Memory_rtl_0_bypass[9]  ; dcj11_sram_2kb_hello_core:core|Kl11Lite:kl11|Queue64_UInt8:txQueue|ram_64x8:ram_ext|Memory_rtl_0 ;
; dcj11_sram_2kb_hello_core:core|Kl11Lite:kl11|Queue64_UInt8:txQueue|ram_64x8:ram_ext|Memory_rtl_0_bypass[10] ; dcj11_sram_2kb_hello_core:core|Kl11Lite:kl11|Queue64_UInt8:txQueue|ram_64x8:ram_ext|Memory_rtl_0 ;
; dcj11_sram_2kb_hello_core:core|Kl11Lite:kl11|Queue64_UInt8:txQueue|ram_64x8:ram_ext|Memory_rtl_0_bypass[11] ; dcj11_sram_2kb_hello_core:core|Kl11Lite:kl11|Queue64_UInt8:txQueue|ram_64x8:ram_ext|Memory_rtl_0 ;
; dcj11_sram_2kb_hello_core:core|Kl11Lite:kl11|Queue64_UInt8:txQueue|ram_64x8:ram_ext|Memory_rtl_0_bypass[12] ; dcj11_sram_2kb_hello_core:core|Kl11Lite:kl11|Queue64_UInt8:txQueue|ram_64x8:ram_ext|Memory_rtl_0 ;
; dcj11_sram_2kb_hello_core:core|Kl11Lite:kl11|Queue64_UInt8:txQueue|ram_64x8:ram_ext|Memory_rtl_0_bypass[13] ; dcj11_sram_2kb_hello_core:core|Kl11Lite:kl11|Queue64_UInt8:txQueue|ram_64x8:ram_ext|Memory_rtl_0 ;
; dcj11_sram_2kb_hello_core:core|Kl11Lite:kl11|Queue64_UInt8:txQueue|ram_64x8:ram_ext|Memory_rtl_0_bypass[14] ; dcj11_sram_2kb_hello_core:core|Kl11Lite:kl11|Queue64_UInt8:txQueue|ram_64x8:ram_ext|Memory_rtl_0 ;
; dcj11_sram_2kb_hello_core:core|Kl11Lite:kl11|Queue64_UInt8:txQueue|ram_64x8:ram_ext|Memory_rtl_0_bypass[15] ; dcj11_sram_2kb_hello_core:core|Kl11Lite:kl11|Queue64_UInt8:txQueue|ram_64x8:ram_ext|Memory_rtl_0 ;
; dcj11_sram_2kb_hello_core:core|Kl11Lite:kl11|Queue64_UInt8:txQueue|ram_64x8:ram_ext|Memory_rtl_0_bypass[16] ; dcj11_sram_2kb_hello_core:core|Kl11Lite:kl11|Queue64_UInt8:txQueue|ram_64x8:ram_ext|Memory_rtl_0 ;
; dcj11_sram_2kb_hello_core:core|Kl11Lite:kl11|Queue64_UInt8:txQueue|ram_64x8:ram_ext|Memory_rtl_0_bypass[17] ; dcj11_sram_2kb_hello_core:core|Kl11Lite:kl11|Queue64_UInt8:txQueue|ram_64x8:ram_ext|Memory_rtl_0 ;
; dcj11_sram_2kb_hello_core:core|Kl11Lite:kl11|Queue64_UInt8:txQueue|ram_64x8:ram_ext|Memory_rtl_0_bypass[18] ; dcj11_sram_2kb_hello_core:core|Kl11Lite:kl11|Queue64_UInt8:txQueue|ram_64x8:ram_ext|Memory_rtl_0 ;
; dcj11_sram_2kb_hello_core:core|Kl11Lite:kl11|Queue64_UInt8:txQueue|ram_64x8:ram_ext|Memory_rtl_0_bypass[19] ; dcj11_sram_2kb_hello_core:core|Kl11Lite:kl11|Queue64_UInt8:txQueue|ram_64x8:ram_ext|Memory_rtl_0 ;
; dcj11_sram_2kb_hello_core:core|Kl11Lite:kl11|Queue64_UInt8:txQueue|ram_64x8:ram_ext|Memory_rtl_0_bypass[20] ; dcj11_sram_2kb_hello_core:core|Kl11Lite:kl11|Queue64_UInt8:txQueue|ram_64x8:ram_ext|Memory_rtl_0 ;
+-------------------------------------------------------------------------------------------------------------+--------------------------------------------------------------------------------------------------+


+--------------------------------------------------------------------------------------------------------------------------------------------------------------------------------------------------------+
; Multiplexer Restructuring Statistics (Restructuring Performed)                                                                                                                                         ;
+--------------------+-----------+---------------+----------------------+------------------------+------------+------------------------------------------------------------------------------------------+
; Multiplexer Inputs ; Bus Width ; Baseline Area ; Area if Restructured ; Saving if Restructured ; Registered ; Example Multiplexer Output                                                               ;
+--------------------+-----------+---------------+----------------------+------------------------+------------+------------------------------------------------------------------------------------------+
; 3:1                ; 2 bits    ; 4 LEs         ; 2 LEs                ; 2 LEs                  ; Yes        ; |top|dcj11_sram_2kb_hello_core:core|last_bs[1]                                           ;
; 3:1                ; 8 bits    ; 16 LEs        ; 8 LEs                ; 8 LEs                  ; Yes        ; |top|dcj11_sram_2kb_hello_core:core|Kl11Lite:kl11|rxData[3]                              ;
; 3:1                ; 6 bits    ; 12 LEs        ; 6 LEs                ; 6 LEs                  ; Yes        ; |top|dcj11_sram_2kb_hello_core:core|Kl11Lite:kl11|Queue64_UInt8:txQueue|enq_ptr_value[5] ;
; 3:1                ; 22 bits   ; 44 LEs        ; 22 LEs               ; 22 LEs                 ; Yes        ; |top|dcj11_sram_2kb_hello_core:core|sram_dual_x8_bus16:sram_ip|sram_addr[17]             ;
; 3:1                ; 38 bits   ; 76 LEs        ; 38 LEs               ; 38 LEs                 ; Yes        ; |top|aw21024_led_panel:led_panel|sampledData[4]                                          ;
; 3:1                ; 20 bits   ; 40 LEs        ; 20 LEs               ; 20 LEs                 ; Yes        ; |top|aw21024_led_panel:led_panel|sampleCount[16]                                         ;
; 3:1                ; 38 bits   ; 76 LEs        ; 38 LEs               ; 38 LEs                 ; Yes        ; |top|aw21024_led_panel:led_panel|refreshData[15]                                         ;
; 3:1                ; 38 bits   ; 76 LEs        ; 38 LEs               ; 38 LEs                 ; Yes        ; |top|aw21024_led_panel:led_panel|Aw21024I2cBurstWriter:writer|dataValueReg[8]            ;
; 3:1                ; 8 bits    ; 16 LEs        ; 8 LEs                ; 8 LEs                  ; Yes        ; |top|aw21024_led_panel:led_panel|Aw21024I2cBurstWriter:writer|tickCount[5]               ;
; 3:1                ; 16 bits   ; 32 LEs        ; 16 LEs               ; 16 LEs                 ; Yes        ; |top|dcj11_sram_2kb_hello_core:core|sram_dual_x8_bus16:sram_ip|rdata[12]                 ;
; 4:1                ; 11 bits   ; 22 LEs        ; 11 LEs               ; 11 LEs                 ; Yes        ; |top|dcj11_sram_2kb_hello_core:core|last_addr[0]                                         ;
; 4:1                ; 11 bits   ; 22 LEs        ; 22 LEs               ; 0 LEs                  ; Yes        ; |top|dcj11_sram_2kb_hello_core:core|last_addr[9]                                         ;
; 4:1                ; 4 bits    ; 8 LEs         ; 4 LEs                ; 4 LEs                  ; Yes        ; |top|dcj11_sram_2kb_hello_core:core|UartTx:tx|bitIndex[3]                                ;
; 4:1                ; 3 bits    ; 6 LEs         ; 3 LEs                ; 3 LEs                  ; Yes        ; |top|aw21024_led_panel:led_panel|refreshIndex[1]                                         ;
; 4:1                ; 2 bits    ; 4 LEs         ; 4 LEs                ; 0 LEs                  ; Yes        ; |top|aw21024_led_panel:led_panel|Aw21024I2cBurstWriter:writer|lengthReg[4]               ;
; 4:1                ; 3 bits    ; 6 LEs         ; 3 LEs                ; 3 LEs                  ; Yes        ; |top|dcj11_sram_2kb_hello_core:core|Kl11Lite:kl11|UartRx:rx|bitIndex[2]                  ;
; 4:1                ; 38 bits   ; 76 LEs        ; 38 LEs               ; 38 LEs                 ; Yes        ; |top|aw21024_led_panel:led_panel|displayedAddr[13]                                       ;
; 4:1                ; 6 bits    ; 12 LEs        ; 6 LEs                ; 6 LEs                  ; Yes        ; |top|aw21024_led_panel:led_panel|Aw21024I2cBurstWriter:writer|byteIndex[1]               ;
; 4:1                ; 32 bits   ; 64 LEs        ; 32 LEs               ; 32 LEs                 ; Yes        ; |top|init_count[9]                                                                       ;
; 4:1                ; 3 bits    ; 6 LEs         ; 6 LEs                ; 0 LEs                  ; Yes        ; |top|aw21024_led_panel:led_panel|Aw21024I2cBurstWriter:writer|regAddrReg[1]              ;
; 4:1                ; 23 bits   ; 46 LEs        ; 46 LEs               ; 0 LEs                  ; Yes        ; |top|aw21024_led_panel:led_panel|holdCount[10]                                           ;
; 4:1                ; 9 bits    ; 18 LEs        ; 9 LEs                ; 9 LEs                  ; Yes        ; |top|dcj11_sram_2kb_hello_core:core|Kl11Lite:kl11|UartRx:rx|idleHighCount[6]             ;
; 5:1                ; 9 bits    ; 27 LEs        ; 18 LEs               ; 9 LEs                  ; Yes        ; |top|dcj11_sram_2kb_hello_core:core|UartTx:tx|bitTimer[8]                                ;
; 5:1                ; 8 bits    ; 24 LEs        ; 16 LEs               ; 8 LEs                  ; Yes        ; |top|dcj11_sram_2kb_hello_core:core|UartTx:tx|shifter[1]                                 ;
; 5:1                ; 4 bits    ; 12 LEs        ; 8 LEs                ; 4 LEs                  ; Yes        ; |top|aw21024_led_panel:led_panel|initIndex[1]                                            ;
; 5:1                ; 26 bits   ; 78 LEs        ; 26 LEs               ; 52 LEs                 ; Yes        ; |top|dcj11_sram_2kb_hello_core:core|abort_pulse_count[12]                                ;
; 5:1                ; 6 bits    ; 18 LEs        ; 12 LEs               ; 6 LEs                  ; Yes        ; |top|dcj11_sram_2kb_hello_core:core|abort_pulse_count[4]                                 ;
; 5:1                ; 8 bits    ; 24 LEs        ; 16 LEs               ; 8 LEs                  ; Yes        ; |top|dcj11_sram_2kb_hello_core:core|Kl11Lite:kl11|UartRx:rx|dataReg[6]                   ;
; 5:1                ; 2 bits    ; 6 LEs         ; 4 LEs                ; 2 LEs                  ; Yes        ; |top|aw21024_led_panel:led_panel|Aw21024I2cBurstWriter:writer|currentByte[2]             ;
; 5:1                ; 6 bits    ; 18 LEs        ; 6 LEs                ; 12 LEs                 ; Yes        ; |top|dcj11_sram_2kb_hello_core:core|preload_index[1]                                     ;
; 5:1                ; 32 bits   ; 96 LEs        ; 64 LEs               ; 32 LEs                 ; Yes        ; |top|dcj11_sram_2kb_hello_core:core|abort_led_pulse_count[11]                            ;
; 6:1                ; 3 bits    ; 12 LEs        ; 3 LEs                ; 9 LEs                  ; Yes        ; |top|aw21024_led_panel:led_panel|Aw21024I2cBurstWriter:writer|bitIndex[0]                ;
; 6:1                ; 3 bits    ; 12 LEs        ; 3 LEs                ; 9 LEs                  ; Yes        ; |top|dcj11_sram_2kb_hello_core:core|mem_read_live_settle[2]                              ;
; 7:1                ; 17 bits   ; 68 LEs        ; 17 LEs               ; 51 LEs                 ; Yes        ; |top|aw21024_led_panel:led_panel|delayCount[12]                                          ;
; 7:1                ; 10 bits   ; 40 LEs        ; 20 LEs               ; 20 LEs                 ; Yes        ; |top|dcj11_sram_2kb_hello_core:core|ctrl_addr[15]                                        ;
; 6:1                ; 32 bits   ; 128 LEs       ; 32 LEs               ; 96 LEs                 ; Yes        ; |top|dcj11_sram_2kb_hello_core:core|sram_dual_x8_bus16:sram_ip|wait_count[20]            ;
; 8:1                ; 2 bits    ; 10 LEs        ; 2 LEs                ; 8 LEs                  ; Yes        ; |top|dcj11_sram_2kb_hello_core:core|ctrl_byte_en[0]                                      ;
; 10:1               ; 9 bits    ; 54 LEs        ; 27 LEs               ; 27 LEs                 ; Yes        ; |top|dcj11_sram_2kb_hello_core:core|Kl11Lite:kl11|UartRx:rx|bitTimer[7]                  ;
; 9:1                ; 6 bits    ; 36 LEs        ; 24 LEs               ; 12 LEs                 ; Yes        ; |top|dcj11_sram_2kb_hello_core:core|last_data_phase[10]                                  ;
; 9:1                ; 16 bits   ; 96 LEs        ; 32 LEs               ; 64 LEs                 ; Yes        ; |top|dcj11_sram_2kb_hello_core:core|ctrl_wdata[9]                                        ;
; 9:1                ; 5 bits    ; 30 LEs        ; 10 LEs               ; 20 LEs                 ; Yes        ; |top|dcj11_sram_2kb_hello_core:core|ctrl_addr[10]                                        ;
; 9:1                ; 6 bits    ; 36 LEs        ; 12 LEs               ; 24 LEs                 ; Yes        ; |top|dcj11_sram_2kb_hello_core:core|ctrl_addr[6]                                         ;
; 10:1               ; 2 bits    ; 12 LEs        ; 10 LEs               ; 2 LEs                  ; Yes        ; |top|aw21024_led_panel:led_panel|Aw21024I2cBurstWriter:writer|kindReg[2]                 ;
; 10:1               ; 2 bits    ; 12 LEs        ; 8 LEs                ; 4 LEs                  ; Yes        ; |top|dcj11_sram_2kb_hello_core:core|last_data_phase[15]                                  ;
; 10:1               ; 8 bits    ; 48 LEs        ; 32 LEs               ; 16 LEs                 ; Yes        ; |top|dcj11_sram_2kb_hello_core:core|last_data_phase[7]                                   ;
; 3:1                ; 4 bits    ; 8 LEs         ; 4 LEs                ; 4 LEs                  ; Yes        ; |top|dcj11_sram_2kb_hello_core:core|last_aio[0]                                          ;
; 3:1                ; 16 bits   ; 32 LEs        ; 32 LEs               ; 0 LEs                  ; Yes        ; |top|dcj11_sram_2kb_hello_core:core|sram_dual_x8_bus16:sram_ip|sram_dq_hi_out[4]         ;
; 6:1                ; 3 bits    ; 12 LEs        ; 9 LEs                ; 3 LEs                  ; Yes        ; |top|dcj11_sram_2kb_hello_core:core|sram_dual_x8_bus16:sram_ip|sram_we_lo_n              ;
; 3:1                ; 6 bits    ; 12 LEs        ; 6 LEs                ; 6 LEs                  ; No         ; |top|dcj11_sram_2kb_hello_core:core|Kl11Lite:kl11|io_busRdata[4]                         ;
; 3:1                ; 2 bits    ; 4 LEs         ; 2 LEs                ; 2 LEs                  ; No         ; |top|dcj11_sram_2kb_hello_core:core|sram_dual_x8_bus16:sram_ip|sram_dq_hi_drive          ;
; 3:1                ; 8 bits    ; 16 LEs        ; 16 LEs               ; 0 LEs                  ; No         ; |top|dcj11_sram_2kb_hello_core:core|data_for_write                                       ;
; 3:1                ; 6 bits    ; 12 LEs        ; 12 LEs               ; 0 LEs                  ; No         ; |top|dcj11_sram_2kb_hello_core:core|Kl11Lite:kl11|Queue64_UInt8:txQueue|deq_ptr_value    ;
; 4:1                ; 2 bits    ; 4 LEs         ; 4 LEs                ; 0 LEs                  ; No         ; |top|dcj11_sram_2kb_hello_core:core|Kl11Lite:kl11|io_busRdata[6]                         ;
; 4:1                ; 8 bits    ; 16 LEs        ; 16 LEs               ; 0 LEs                  ; No         ; |top|dcj11_sram_2kb_hello_core:core|dal_out[11]                                          ;
; 4:1                ; 8 bits    ; 16 LEs        ; 16 LEs               ; 0 LEs                  ; No         ; |top|dcj11_sram_2kb_hello_core:core|dal_out[6]                                           ;
; 8:1                ; 2 bits    ; 10 LEs        ; 6 LEs                ; 4 LEs                  ; No         ; |top|dcj11_sram_2kb_hello_core:core|preload_state                                        ;
+--------------------+-----------+---------------+----------------------+------------------------+------------+------------------------------------------------------------------------------------------+


+-------------------------------------------------------------------------------------------------------------------------------------------------------------------+
; Source assignments for dcj11_sram_2kb_hello_core:core|Kl11Lite:kl11|Queue64_UInt8:txQueue|ram_64x8:ram_ext|altsyncram:Memory_rtl_0|altsyncram_8ac1:auto_generated ;
+---------------------------------+--------------------+------+-----------------------------------------------------------------------------------------------------+
; Assignment                      ; Value              ; From ; To                                                                                                  ;
+---------------------------------+--------------------+------+-----------------------------------------------------------------------------------------------------+
; OPTIMIZE_POWER_DURING_SYNTHESIS ; NORMAL_COMPILATION ; -    ; -                                                                                                   ;
+---------------------------------+--------------------+------+-----------------------------------------------------------------------------------------------------+


+---------------------------------------------------------------------+
; Parameter Settings for User Entity Instance: Top-level Entity: |top ;
+-------------------------------+----------+--------------------------+
; Parameter Name                ; Value    ; Type                     ;
+-------------------------------+----------+--------------------------+
; CLK_HZ                        ; 50000000 ; Signed Integer           ;
; INIT_HOLD_CYCLES              ; 12500000 ; Signed Integer           ;
; POWER_ON_RESET_CYCLES         ; 16       ; Signed Integer           ;
; SRAM_READ_WAIT_CYCLES         ; 4        ; Signed Integer           ;
; SRAM_WRITE_WAIT_CYCLES        ; 4        ; Signed Integer           ;
; SRAM_LIVE_DAL_SETTLE_CYCLES   ; 2        ; Signed Integer           ;
; NXM_ABORT_PULSE_CYCLES        ; 64       ; Signed Integer           ;
; NXM_ABORT_LED_PULSE_CYCLES    ; 1000000  ; Signed Integer           ;
; LED_I2C_HZ                    ; 100000   ; Signed Integer           ;
; LED_POWERUP_DELAY_CYCLES      ; 100000   ; Signed Integer           ;
; LED_OSC_DELAY_CYCLES          ; 10000    ; Signed Integer           ;
; FPGA_DRIVE_INIT               ; 1        ; Unsigned Binary          ;
; DRIVE_MEM_READ_WITHOUT_BUFCTL ; 1        ; Unsigned Binary          ;
+-------------------------------+----------+--------------------------+
Note: In order to hide this table in the UI and the text report file, please set the "Show Parameter Settings in Synthesis Report" option in "Analysis and Synthesis Settings -> More Settings" to "Off".


+-----------------------------------------------------------------------------+
; Parameter Settings for User Entity Instance: dcj11_sram_2kb_hello_core:core ;
+-------------------------------+----------+----------------------------------+
; Parameter Name                ; Value    ; Type                             ;
+-------------------------------+----------+----------------------------------+
; CLK_HZ                        ; 50000000 ; Signed Integer                   ;
; UART_BAUD                     ; 115200   ; Signed Integer                   ;
; SRAM_READ_WAIT_CYCLES         ; 4        ; Signed Integer                   ;
; SRAM_WRITE_WAIT_CYCLES        ; 4        ; Signed Integer                   ;
; DRIVE_MEM_READ_WITHOUT_BUFCTL ; 1        ; Unsigned Binary                  ;
; SRAM_LIVE_DAL_SETTLE_CYCLES   ; 2        ; Signed Integer                   ;
; NXM_ABORT_PULSE_CYCLES        ; 64       ; Signed Integer                   ;
; NXM_ABORT_LED_PULSE_CYCLES    ; 1000000  ; Signed Integer                   ;
+-------------------------------+----------+----------------------------------+
Note: In order to hide this table in the UI and the text report file, please set the "Show Parameter Settings in Synthesis Report" option in "Analysis and Synthesis Settings -> More Settings" to "Off".


+--------------------------------------------------------------------------------------------------------+
; Parameter Settings for User Entity Instance: dcj11_sram_2kb_hello_core:core|sram_dual_x8_bus16:sram_ip ;
+-------------------+-------+----------------------------------------------------------------------------+
; Parameter Name    ; Value ; Type                                                                       ;
+-------------------+-------+----------------------------------------------------------------------------+
; READ_WAIT_CYCLES  ; 4     ; Signed Integer                                                             ;
; WRITE_WAIT_CYCLES ; 4     ; Signed Integer                                                             ;
+-------------------+-------+----------------------------------------------------------------------------+
Note: In order to hide this table in the UI and the text report file, please set the "Show Parameter Settings in Synthesis Report" option in "Analysis and Synthesis Settings -> More Settings" to "Off".


+--------------------------------------------------------------------------------------------------------------------------------------------------------------+
; Parameter Settings for Inferred Entity Instance: dcj11_sram_2kb_hello_core:core|Kl11Lite:kl11|Queue64_UInt8:txQueue|ram_64x8:ram_ext|altsyncram:Memory_rtl_0 ;
+------------------------------------+----------------------+--------------------------------------------------------------------------------------------------+
; Parameter Name                     ; Value                ; Type                                                                                             ;
+------------------------------------+----------------------+--------------------------------------------------------------------------------------------------+
; BYTE_SIZE_BLOCK                    ; 8                    ; Untyped                                                                                          ;
; AUTO_CARRY_CHAINS                  ; ON                   ; AUTO_CARRY                                                                                       ;
; IGNORE_CARRY_BUFFERS               ; OFF                  ; IGNORE_CARRY                                                                                     ;
; AUTO_CASCADE_CHAINS                ; ON                   ; AUTO_CASCADE                                                                                     ;
; IGNORE_CASCADE_BUFFERS             ; OFF                  ; IGNORE_CASCADE                                                                                   ;
; WIDTH_BYTEENA                      ; 1                    ; Untyped                                                                                          ;
; OPERATION_MODE                     ; DUAL_PORT            ; Untyped                                                                                          ;
; WIDTH_A                            ; 8                    ; Untyped                                                                                          ;
; WIDTHAD_A                          ; 6                    ; Untyped                                                                                          ;
; NUMWORDS_A                         ; 64                   ; Untyped                                                                                          ;
; OUTDATA_REG_A                      ; UNREGISTERED         ; Untyped                                                                                          ;
; ADDRESS_ACLR_A                     ; NONE                 ; Untyped                                                                                          ;
; OUTDATA_ACLR_A                     ; NONE                 ; Untyped                                                                                          ;
; WRCONTROL_ACLR_A                   ; NONE                 ; Untyped                                                                                          ;
; INDATA_ACLR_A                      ; NONE                 ; Untyped                                                                                          ;
; BYTEENA_ACLR_A                     ; NONE                 ; Untyped                                                                                          ;
; WIDTH_B                            ; 8                    ; Untyped                                                                                          ;
; WIDTHAD_B                          ; 6                    ; Untyped                                                                                          ;
; NUMWORDS_B                         ; 64                   ; Untyped                                                                                          ;
; INDATA_REG_B                       ; CLOCK1               ; Untyped                                                                                          ;
; WRCONTROL_WRADDRESS_REG_B          ; CLOCK1               ; Untyped                                                                                          ;
; RDCONTROL_REG_B                    ; CLOCK1               ; Untyped                                                                                          ;
; ADDRESS_REG_B                      ; CLOCK0               ; Untyped                                                                                          ;
; OUTDATA_REG_B                      ; UNREGISTERED         ; Untyped                                                                                          ;
; BYTEENA_REG_B                      ; CLOCK1               ; Untyped                                                                                          ;
; INDATA_ACLR_B                      ; NONE                 ; Untyped                                                                                          ;
; WRCONTROL_ACLR_B                   ; NONE                 ; Untyped                                                                                          ;
; ADDRESS_ACLR_B                     ; NONE                 ; Untyped                                                                                          ;
; OUTDATA_ACLR_B                     ; NONE                 ; Untyped                                                                                          ;
; RDCONTROL_ACLR_B                   ; NONE                 ; Untyped                                                                                          ;
; BYTEENA_ACLR_B                     ; NONE                 ; Untyped                                                                                          ;
; WIDTH_BYTEENA_A                    ; 1                    ; Untyped                                                                                          ;
; WIDTH_BYTEENA_B                    ; 1                    ; Untyped                                                                                          ;
; RAM_BLOCK_TYPE                     ; AUTO                 ; Untyped                                                                                          ;
; BYTE_SIZE                          ; 8                    ; Untyped                                                                                          ;
; READ_DURING_WRITE_MODE_MIXED_PORTS ; DONT_CARE            ; Untyped                                                                                          ;
; READ_DURING_WRITE_MODE_PORT_A      ; NEW_DATA_NO_NBE_READ ; Untyped                                                                                          ;
; READ_DURING_WRITE_MODE_PORT_B      ; NEW_DATA_NO_NBE_READ ; Untyped                                                                                          ;
; INIT_FILE                          ; UNUSED               ; Untyped                                                                                          ;
; INIT_FILE_LAYOUT                   ; PORT_A               ; Untyped                                                                                          ;
; MAXIMUM_DEPTH                      ; 0                    ; Untyped                                                                                          ;
; CLOCK_ENABLE_INPUT_A               ; NORMAL               ; Untyped                                                                                          ;
; CLOCK_ENABLE_INPUT_B               ; NORMAL               ; Untyped                                                                                          ;
; CLOCK_ENABLE_OUTPUT_A              ; NORMAL               ; Untyped                                                                                          ;
; CLOCK_ENABLE_OUTPUT_B              ; NORMAL               ; Untyped                                                                                          ;
; CLOCK_ENABLE_CORE_A                ; USE_INPUT_CLKEN      ; Untyped                                                                                          ;
; CLOCK_ENABLE_CORE_B                ; USE_INPUT_CLKEN      ; Untyped                                                                                          ;
; ENABLE_ECC                         ; FALSE                ; Untyped                                                                                          ;
; ECC_PIPELINE_STAGE_ENABLED         ; FALSE                ; Untyped                                                                                          ;
; WIDTH_ECCSTATUS                    ; 3                    ; Untyped                                                                                          ;
; DEVICE_FAMILY                      ; Cyclone IV E         ; Untyped                                                                                          ;
; CBXI_PARAMETER                     ; altsyncram_8ac1      ; Untyped                                                                                          ;
+------------------------------------+----------------------+--------------------------------------------------------------------------------------------------+
Note: In order to hide this table in the UI and the text report file, please set the "Show Parameter Settings in Synthesis Report" option in "Analysis and Synthesis Settings -> More Settings" to "Off".


+--------------------------------------------------------------------------------------------------------------------------+
; Partition Dependent Files                                                                                                ;
+---------------------------------------------------------+-------------------+---------+----------------------------------+
; File                                                    ; Location          ; Library ; Checksum                         ;
+---------------------------------------------------------+-------------------+---------+----------------------------------+
; task7_sram_2kb_hello/dcj11_sram_2kb_hello_core.v        ; Project Directory ; work    ; 78f01e60d2d48a9e83fe59fe241976f5 ;
; task7_sram_2kb_hello/generated/aw21024_led_panel.sv     ; Project Directory ; work    ; cfeccaae19a6a61bbd379cd220846845 ;
; task7_sram_2kb_hello/generated/Aw21024I2cBurstWriter.sv ; Project Directory ; work    ; 2596691b4864575a9b16be64c9a26928 ;
; task7_sram_2kb_hello/generated/Kl11Lite.sv              ; Project Directory ; work    ; e5258bf880ab57cc9da548293975c535 ;
; task7_sram_2kb_hello/generated/Queue64_UInt8.sv         ; Project Directory ; work    ; a57f077ee520c53f88481fd11ea507a3 ;
; task7_sram_2kb_hello/generated/ram_64x8.sv              ; Project Directory ; work    ; 26f77f187fe9759a8dc3940696a52be1 ;
; task7_sram_2kb_hello/generated/UartRx.sv                ; Project Directory ; work    ; f80f34a79128e61fd8d8cd77ddc9646a ;
; task7_sram_2kb_hello/generated/UartTx.sv                ; Project Directory ; work    ; 946641b1ea55c8177dddd2c518673ec2 ;
; task7_sram_2kb_hello/sram_dual_x8_bus16.v               ; Project Directory ; work    ; e5c30a6067eaaec028f740cc3f16690a ;
; task7_sram_2kb_hello/top.v                              ; Project Directory ; work    ; 954385aaa348833bcf30057775e76a6b ;
+---------------------------------------------------------+-------------------+---------+----------------------------------+


+-----------------------------------------------------+
; Post-Synthesis Netlist Statistics for Top Partition ;
+-----------------------+-----------------------------+
; Type                  ; Count                       ;
+-----------------------+-----------------------------+
; boundary_port         ; 97                          ;
; cycloneiii_ff         ; 804                         ;
;     CLR               ; 59                          ;
;     CLR SCLR SLD      ; 7                           ;
;     ENA               ; 286                         ;
;     ENA CLR           ; 169                         ;
;     ENA CLR SCLR      ; 18                          ;
;     ENA CLR SCLR SLD  ; 16                          ;
;     ENA CLR SLD       ; 5                           ;
;     ENA SCLR          ; 114                         ;
;     ENA SLD           ; 41                          ;
;     SCLR              ; 48                          ;
;     SLD               ; 3                           ;
;     plain             ; 38                          ;
; cycloneiii_io_obuf    ; 37                          ;
; cycloneiii_lcell_comb ; 1323                        ;
;     arith             ; 271                         ;
;         2 data inputs ; 268                         ;
;         3 data inputs ; 3                           ;
;     normal            ; 1052                        ;
;         0 data inputs ; 2                           ;
;         1 data inputs ; 40                          ;
;         2 data inputs ; 282                         ;
;         3 data inputs ; 148                         ;
;         4 data inputs ; 580                         ;
; cycloneiii_ram_block  ; 8                           ;
;                       ;                             ;
; Max LUT depth         ; 8.00                        ;
; Average LUT depth     ; 3.30                        ;
+-----------------------+-----------------------------+


+-------------------------------------------------------+
; Source assignments for sld_signaltap:auto_signaltap_0 ;
+-----------------+-------+------+----------------------+
; Assignment      ; Value ; From ; To                   ;
+-----------------+-------+------+----------------------+
; MESSAGE_DISABLE ; 13410 ; -    ; -                    ;
+-----------------+-------+------+----------------------+


+-----------------------------------------------------------------------------------------------------------------------------------------------------------------------------------------------------------------------------------------------------------------------------------------------------------------+
; Parameter Settings for Inferred Entity Instance: sld_signaltap:auto_signaltap_0                                                                                                                                                                                                                                 ;
+-------------------------------------------------+----------------------------------------------------------------------------------------------------------------------------------------------------------------------------------------------------------------------------------------------+----------------+
; Parameter Name                                  ; Value                                                                                                                                                                                                                                        ; Type           ;
+-------------------------------------------------+----------------------------------------------------------------------------------------------------------------------------------------------------------------------------------------------------------------------------------------------+----------------+
; lpm_type                                        ; sld_signaltap                                                                                                                                                                                                                                ; String         ;
; sld_node_info                                   ; 805334528                                                                                                                                                                                                                                    ; Untyped        ;
; SLD_SECTION_ID                                  ; hdl_signaltap_0                                                                                                                                                                                                                              ; String         ;
; SLD_IP_VERSION                                  ; 6                                                                                                                                                                                                                                            ; Signed Integer ;
; SLD_IP_MINOR_VERSION                            ; 0                                                                                                                                                                                                                                            ; Signed Integer ;
; SLD_COMMON_IP_VERSION                           ; 0                                                                                                                                                                                                                                            ; Signed Integer ;
; sld_data_bits                                   ; 70                                                                                                                                                                                                                                           ; Untyped        ;
; sld_trigger_bits                                ; 70                                                                                                                                                                                                                                           ; Untyped        ;
; SLD_NODE_CRC_BITS                               ; 32                                                                                                                                                                                                                                           ; Signed Integer ;
; SLD_NODE_CRC_HIWORD                             ; 41394                                                                                                                                                                                                                                        ; Signed Integer ;
; SLD_NODE_CRC_LOWORD                             ; 50132                                                                                                                                                                                                                                        ; Signed Integer ;
; sld_incremental_routing                         ; 1                                                                                                                                                                                                                                            ; Untyped        ;
; sld_sample_depth                                ; 4096                                                                                                                                                                                                                                         ; Untyped        ;
; sld_segment_size                                ; 4096                                                                                                                                                                                                                                         ; Untyped        ;
; sld_ram_block_type                              ; AUTO                                                                                                                                                                                                                                         ; Untyped        ;
; sld_state_bits                                  ; 11                                                                                                                                                                                                                                           ; Untyped        ;
; sld_buffer_full_stop                            ; 1                                                                                                                                                                                                                                            ; Untyped        ;
; SLD_MEM_ADDRESS_BITS                            ; 7                                                                                                                                                                                                                                            ; Signed Integer ;
; SLD_DATA_BIT_CNTR_BITS                          ; 4                                                                                                                                                                                                                                            ; Signed Integer ;
; sld_trigger_level                               ; 1                                                                                                                                                                                                                                            ; Untyped        ;
; sld_trigger_in_enabled                          ; 0                                                                                                                                                                                                                                            ; Untyped        ;
; SLD_HPS_TRIGGER_IN_ENABLED                      ; 0                                                                                                                                                                                                                                            ; Signed Integer ;
; SLD_HPS_TRIGGER_OUT_ENABLED                     ; 0                                                                                                                                                                                                                                            ; Signed Integer ;
; SLD_HPS_EVENT_ENABLED                           ; 0                                                                                                                                                                                                                                            ; Signed Integer ;
; SLD_HPS_EVENT_ID                                ; 0                                                                                                                                                                                                                                            ; Signed Integer ;
; sld_advanced_trigger_entity                     ; basic,1,                                                                                                                                                                                                                                     ; Untyped        ;
; sld_trigger_level_pipeline                      ; 1                                                                                                                                                                                                                                            ; Untyped        ;
; sld_trigger_pipeline                            ; 0                                                                                                                                                                                                                                            ; Untyped        ;
; sld_ram_pipeline                                ; 0                                                                                                                                                                                                                                            ; Untyped        ;
; sld_counter_pipeline                            ; 0                                                                                                                                                                                                                                            ; Untyped        ;
; sld_enable_advanced_trigger                     ; 0                                                                                                                                                                                                                                            ; Untyped        ;
; SLD_ADVANCED_TRIGGER_1                          ; NONE                                                                                                                                                                                                                                         ; String         ;
; SLD_ADVANCED_TRIGGER_2                          ; NONE                                                                                                                                                                                                                                         ; String         ;
; SLD_ADVANCED_TRIGGER_3                          ; NONE                                                                                                                                                                                                                                         ; String         ;
; SLD_ADVANCED_TRIGGER_4                          ; NONE                                                                                                                                                                                                                                         ; String         ;
; SLD_ADVANCED_TRIGGER_5                          ; NONE                                                                                                                                                                                                                                         ; String         ;
; SLD_ADVANCED_TRIGGER_6                          ; NONE                                                                                                                                                                                                                                         ; String         ;
; SLD_ADVANCED_TRIGGER_7                          ; NONE                                                                                                                                                                                                                                         ; String         ;
; SLD_ADVANCED_TRIGGER_8                          ; NONE                                                                                                                                                                                                                                         ; String         ;
; SLD_ADVANCED_TRIGGER_9                          ; NONE                                                                                                                                                                                                                                         ; String         ;
; SLD_ADVANCED_TRIGGER_10                         ; NONE                                                                                                                                                                                                                                         ; String         ;
; sld_inversion_mask_length                       ; 236                                                                                                                                                                                                                                          ; Untyped        ;
; sld_inversion_mask                              ; 00000000000000000000000000000000000000000000000000000000000000000000000000000000000000000000000000000000000000000000000000000000000000000000000000000000000000000000000000000000000000000000000000000000000000000000000000000000000000000000 ; Untyped        ;
; sld_power_up_trigger                            ; 0                                                                                                                                                                                                                                            ; Untyped        ;
; SLD_STATE_FLOW_MGR_ENTITY                       ; state_flow_mgr_entity.vhd                                                                                                                                                                                                                    ; String         ;
; sld_state_flow_use_generated                    ; 0                                                                                                                                                                                                                                            ; Untyped        ;
; sld_current_resource_width                      ; 1                                                                                                                                                                                                                                            ; Untyped        ;
; sld_attribute_mem_mode                          ; OFF                                                                                                                                                                                                                                          ; Untyped        ;
; sld_storage_qualifier_bits                      ; 70                                                                                                                                                                                                                                           ; Untyped        ;
; SLD_STORAGE_QUALIFIER_GAP_RECORD                ; 0                                                                                                                                                                                                                                            ; Signed Integer ;
; SLD_STORAGE_QUALIFIER_MODE                      ; OFF                                                                                                                                                                                                                                          ; String         ;
; SLD_STORAGE_QUALIFIER_ENABLE_ADVANCED_CONDITION ; 0                                                                                                                                                                                                                                            ; Signed Integer ;
; sld_storage_qualifier_inversion_mask_length     ; 0                                                                                                                                                                                                                                            ; Untyped        ;
; SLD_STORAGE_QUALIFIER_ADVANCED_CONDITION_ENTITY ; basic                                                                                                                                                                                                                                        ; String         ;
; SLD_STORAGE_QUALIFIER_PIPELINE                  ; 0                                                                                                                                                                                                                                            ; Signed Integer ;
; SLD_CREATE_MONITOR_INTERFACE                    ; 0                                                                                                                                                                                                                                            ; Signed Integer ;
; SLD_USE_JTAG_SIGNAL_ADAPTER                     ; 1                                                                                                                                                                                                                                            ; Signed Integer ;
+-------------------------------------------------+----------------------------------------------------------------------------------------------------------------------------------------------------------------------------------------------------------------------------------------------+----------------+
Note: In order to hide this table in the UI and the text report file, please set the "Show Parameter Settings in Synthesis Report" option in "Analysis and Synthesis Settings -> More Settings" to "Off".


+--------------------------------------------------------------------------------------+
; Port Connectivity Checks: "aw21024_led_panel:led_panel|Aw21024I2cBurstWriter:writer" ;
+------------------+-------+----------+------------------------------------------------+
; Port             ; Type  ; Severity ; Details                                        ;
+------------------+-------+----------+------------------------------------------------+
; io_devAddr[5..4] ; Input ; Info     ; Stuck at VCC                                   ;
; io_devAddr[3..1] ; Input ; Info     ; Stuck at GND                                   ;
; io_devAddr[6]    ; Input ; Info     ; Stuck at GND                                   ;
; io_regAddr[7]    ; Input ; Info     ; Stuck at GND                                   ;
; io_regAddr[4]    ; Input ; Info     ; Stuck at GND                                   ;
; io_length[2..1]  ; Input ; Info     ; Stuck at GND                                   ;
+------------------+-------+----------+------------------------------------------------+


+-----------------------------------------------------------------------------------------------------------------+
; Port Connectivity Checks: "dcj11_sram_2kb_hello_core:core|Kl11Lite:kl11|Queue64_UInt8:txQueue|ram_64x8:ram_ext" ;
+-------+-------+----------+--------------------------------------------------------------------------------------+
; Port  ; Type  ; Severity ; Details                                                                              ;
+-------+-------+----------+--------------------------------------------------------------------------------------+
; R0_en ; Input ; Info     ; Stuck at VCC                                                                         ;
+-------+-------+----------+--------------------------------------------------------------------------------------+


+-------------------------------------------------------------------------------------------------------------------------------------------------------------------------------------------------------------------------------------------------------------------------+
; Signal Tap Logic Analyzer Settings                                                                                                                                                                                                                                      ;
+----------------+------------------+---------------------+------------------+--------------+----------+------------------------+----------------------+--------------------+-----------------------------+-----------------+------------------+--------------------------+
; Instance Index ; Instance Name    ; Trigger Input Width ; Data Input Width ; Sample Depth ; Segments ; Storage Qualifier Type ; Trigger Flow Control ; Trigger Conditions ; Advanced Trigger Conditions ; Trigger In Used ; Trigger Out Used ; Power-Up Trigger Enabled ;
+----------------+------------------+---------------------+------------------+--------------+----------+------------------------+----------------------+--------------------+-----------------------------+-----------------+------------------+--------------------------+
; 0              ; auto_signaltap_0 ; 70                  ; 70               ; 4096         ; 1        ; continuous             ; sequential           ; 1                  ; 0                           ; no              ; no               ; no                       ;
+----------------+------------------+---------------------+------------------+--------------+----------+------------------------+----------------------+--------------------+-----------------------------+-----------------+------------------+--------------------------+


+-------------------------------+
; Elapsed Time Per Partition    ;
+----------------+--------------+
; Partition Name ; Elapsed Time ;
+----------------+--------------+
; Top            ; 00:00:02     ;
+----------------+--------------+


+-------------------------------+
; Analysis & Synthesis Messages ;
+-------------------------------+
Info: *******************************************************************
Info: Running Quartus Prime Analysis & Synthesis
    Info: Version 18.1.0 Build 625 09/12/2018 SJ Standard Edition
    Info: Processing started: Fri Jun 26 22:24:03 2026
Info: Command: quartus_map --read_settings_files=on --write_settings_files=off dcj11_helloworld -c dcj11_helloworld
Warning (18236): Number of processors has not been specified which may cause overloading on shared machines.  Set the global assignment NUM_PARALLEL_PROCESSORS in your QSF to an appropriate value for best performance.
Info (20030): Parallel compilation is enabled and will use 16 of the 18 processors detected
Info (12021): Found 1 design units, including 1 entities, in source file task7_sram_2kb_hello/generated/uarttx.sv
    Info (12023): Found entity 1: UartTx File: Y:/QuartusPrj/dcj11_helloworld/task7_sram_2kb_hello/generated/UartTx.sv Line: 2
Info (12021): Found 1 design units, including 1 entities, in source file task7_sram_2kb_hello/generated/uartrx.sv
    Info (12023): Found entity 1: UartRx File: Y:/QuartusPrj/dcj11_helloworld/task7_sram_2kb_hello/generated/UartRx.sv Line: 2
Info (12021): Found 1 design units, including 1 entities, in source file task7_sram_2kb_hello/generated/ram_64x8.sv
    Info (12023): Found entity 1: ram_64x8 File: Y:/QuartusPrj/dcj11_helloworld/task7_sram_2kb_hello/generated/ram_64x8.sv Line: 3
Info (12021): Found 1 design units, including 1 entities, in source file task7_sram_2kb_hello/generated/queue64_uint8.sv
    Info (12023): Found entity 1: Queue64_UInt8 File: Y:/QuartusPrj/dcj11_helloworld/task7_sram_2kb_hello/generated/Queue64_UInt8.sv Line: 2
Info (12021): Found 1 design units, including 1 entities, in source file task7_sram_2kb_hello/generated/kl11lite.sv
    Info (12023): Found entity 1: Kl11Lite File: Y:/QuartusPrj/dcj11_helloworld/task7_sram_2kb_hello/generated/Kl11Lite.sv Line: 2
Info (12021): Found 1 design units, including 1 entities, in source file task7_sram_2kb_hello/generated/aw21024i2cburstwriter.sv
    Info (12023): Found entity 1: Aw21024I2cBurstWriter File: Y:/QuartusPrj/dcj11_helloworld/task7_sram_2kb_hello/generated/Aw21024I2cBurstWriter.sv Line: 2
Info (12021): Found 1 design units, including 1 entities, in source file task7_sram_2kb_hello/generated/aw21024_led_panel.sv
    Info (12023): Found entity 1: aw21024_led_panel File: Y:/QuartusPrj/dcj11_helloworld/task7_sram_2kb_hello/generated/aw21024_led_panel.sv Line: 2
Info (12021): Found 1 design units, including 1 entities, in source file task7_sram_2kb_hello/top.v
    Info (12023): Found entity 1: top File: Y:/QuartusPrj/dcj11_helloworld/task7_sram_2kb_hello/top.v Line: 3
Info (12021): Found 1 design units, including 1 entities, in source file task7_sram_2kb_hello/sram_dual_x8_bus16.v
    Info (12023): Found entity 1: sram_dual_x8_bus16 File: Y:/QuartusPrj/dcj11_helloworld/task7_sram_2kb_hello/sram_dual_x8_bus16.v Line: 6
Info (12021): Found 1 design units, including 1 entities, in source file task7_sram_2kb_hello/dcj11_sram_2kb_hello_core.v
    Info (12023): Found entity 1: dcj11_sram_2kb_hello_core File: Y:/QuartusPrj/dcj11_helloworld/task7_sram_2kb_hello/dcj11_sram_2kb_hello_core.v Line: 3
Info (12127): Elaborating entity "top" for the top level hierarchy
Warning (10036): Verilog HDL or VHDL warning at top.v(244): object "unused_dcj_inputs" assigned a value but never read File: Y:/QuartusPrj/dcj11_helloworld/task7_sram_2kb_hello/top.v Line: 244
Warning (10036): Verilog HDL or VHDL warning at top.v(249): object "unused_led_params" assigned a value but never read File: Y:/QuartusPrj/dcj11_helloworld/task7_sram_2kb_hello/top.v Line: 249
Info (12128): Elaborating entity "dcj11_sram_2kb_hello_core" for hierarchy "dcj11_sram_2kb_hello_core:core" File: Y:/QuartusPrj/dcj11_helloworld/task7_sram_2kb_hello/top.v Line: 230
Warning (10036): Verilog HDL or VHDL warning at dcj11_sram_2kb_hello_core.v(623): object "unused_diag_seen" assigned a value but never read File: Y:/QuartusPrj/dcj11_helloworld/task7_sram_2kb_hello/dcj11_sram_2kb_hello_core.v Line: 623
Warning (10036): Verilog HDL or VHDL warning at dcj11_sram_2kb_hello_core.v(624): object "unused_uart_params" assigned a value but never read File: Y:/QuartusPrj/dcj11_helloworld/task7_sram_2kb_hello/dcj11_sram_2kb_hello_core.v Line: 624
Info (10264): Verilog HDL Case Statement information at dcj11_sram_2kb_hello_core.v(423): all case item expressions in this case statement are onehot File: Y:/QuartusPrj/dcj11_helloworld/task7_sram_2kb_hello/dcj11_sram_2kb_hello_core.v Line: 423
Info (12128): Elaborating entity "sram_dual_x8_bus16" for hierarchy "dcj11_sram_2kb_hello_core:core|sram_dual_x8_bus16:sram_ip" File: Y:/QuartusPrj/dcj11_helloworld/task7_sram_2kb_hello/dcj11_sram_2kb_hello_core.v Line: 228
Warning (10036): Verilog HDL or VHDL warning at sram_dual_x8_bus16.v(155): object "unused_addr_bit0" assigned a value but never read File: Y:/QuartusPrj/dcj11_helloworld/task7_sram_2kb_hello/sram_dual_x8_bus16.v Line: 155
Warning (10036): Verilog HDL or VHDL warning at sram_dual_x8_bus16.v(156): object "unused_latched_byte_en" assigned a value but never read File: Y:/QuartusPrj/dcj11_helloworld/task7_sram_2kb_hello/sram_dual_x8_bus16.v Line: 156
Info (12128): Elaborating entity "Kl11Lite" for hierarchy "dcj11_sram_2kb_hello_core:core|Kl11Lite:kl11" File: Y:/QuartusPrj/dcj11_helloworld/task7_sram_2kb_hello/dcj11_sram_2kb_hello_core.v Line: 245
Info (12128): Elaborating entity "UartRx" for hierarchy "dcj11_sram_2kb_hello_core:core|Kl11Lite:kl11|UartRx:rx" File: Y:/QuartusPrj/dcj11_helloworld/task7_sram_2kb_hello/generated/Kl11Lite.sv Line: 57
Info (12128): Elaborating entity "Queue64_UInt8" for hierarchy "dcj11_sram_2kb_hello_core:core|Kl11Lite:kl11|Queue64_UInt8:txQueue" File: Y:/QuartusPrj/dcj11_helloworld/task7_sram_2kb_hello/generated/Kl11Lite.sv Line: 67
Info (12128): Elaborating entity "ram_64x8" for hierarchy "dcj11_sram_2kb_hello_core:core|Kl11Lite:kl11|Queue64_UInt8:txQueue|ram_64x8:ram_ext" File: Y:/QuartusPrj/dcj11_helloworld/task7_sram_2kb_hello/generated/Queue64_UInt8.sv Line: 45
Info (12128): Elaborating entity "UartTx" for hierarchy "dcj11_sram_2kb_hello_core:core|UartTx:tx" File: Y:/QuartusPrj/dcj11_helloworld/task7_sram_2kb_hello/dcj11_sram_2kb_hello_core.v Line: 254
Info (12128): Elaborating entity "aw21024_led_panel" for hierarchy "aw21024_led_panel:led_panel" File: Y:/QuartusPrj/dcj11_helloworld/task7_sram_2kb_hello/top.v Line: 241
Info (12128): Elaborating entity "Aw21024I2cBurstWriter" for hierarchy "aw21024_led_panel:led_panel|Aw21024I2cBurstWriter:writer" File: Y:/QuartusPrj/dcj11_helloworld/task7_sram_2kb_hello/generated/aw21024_led_panel.sv Line: 220
Info (12021): Found 1 design units, including 1 entities, in source file db/altsyncram_cb24.tdf
    Info (12023): Found entity 1: altsyncram_cb24 File: Y:/QuartusPrj/dcj11_helloworld/db/altsyncram_cb24.tdf Line: 27
Info (12021): Found 1 design units, including 1 entities, in source file db/mux_tsc.tdf
    Info (12023): Found entity 1: mux_tsc File: Y:/QuartusPrj/dcj11_helloworld/db/mux_tsc.tdf Line: 22
Info (12021): Found 1 design units, including 1 entities, in source file db/decode_dvf.tdf
    Info (12023): Found entity 1: decode_dvf File: Y:/QuartusPrj/dcj11_helloworld/db/decode_dvf.tdf Line: 22
Info (12021): Found 1 design units, including 1 entities, in source file db/cntr_igi.tdf
    Info (12023): Found entity 1: cntr_igi File: Y:/QuartusPrj/dcj11_helloworld/db/cntr_igi.tdf Line: 27
Info (12021): Found 1 design units, including 1 entities, in source file db/cmpr_tgc.tdf
    Info (12023): Found entity 1: cmpr_tgc File: Y:/QuartusPrj/dcj11_helloworld/db/cmpr_tgc.tdf Line: 22
Info (12021): Found 1 design units, including 1 entities, in source file db/cntr_m9j.tdf
    Info (12023): Found entity 1: cntr_m9j File: Y:/QuartusPrj/dcj11_helloworld/db/cntr_m9j.tdf Line: 25
Info (12021): Found 1 design units, including 1 entities, in source file db/cntr_ggi.tdf
    Info (12023): Found entity 1: cntr_ggi File: Y:/QuartusPrj/dcj11_helloworld/db/cntr_ggi.tdf Line: 27
Info (12021): Found 1 design units, including 1 entities, in source file db/cmpr_rgc.tdf
    Info (12023): Found entity 1: cmpr_rgc File: Y:/QuartusPrj/dcj11_helloworld/db/cmpr_rgc.tdf Line: 22
Info (12021): Found 1 design units, including 1 entities, in source file db/cntr_23j.tdf
    Info (12023): Found entity 1: cntr_23j File: Y:/QuartusPrj/dcj11_helloworld/db/cntr_23j.tdf Line: 27
Info (12021): Found 1 design units, including 1 entities, in source file db/cmpr_ngc.tdf
    Info (12023): Found entity 1: cmpr_ngc File: Y:/QuartusPrj/dcj11_helloworld/db/cmpr_ngc.tdf Line: 22
Info (12033): Analysis and Synthesis generated Signal Tap or debug node instance "auto_signaltap_0"
Info (11170): Starting IP generation for the debug fabric: alt_sld_fab.
Info (11172): 2026.06.26.22:24:31 Progress: Loading sldb25c66b5/alt_sld_fab_wrapper_hw.tcl
Info (11172): Alt_sld_fab.alt_sld_fab: SLD fabric agents which did not specify prefer_host were connected to JTAG
Info (11172): Alt_sld_fab: Generating alt_sld_fab "alt_sld_fab" for QUARTUS_SYNTH
Info (11172): Alt_sld_fab: "alt_sld_fab" instantiated alt_sld_fab "alt_sld_fab"
Info (11172): Presplit: "alt_sld_fab" instantiated altera_super_splitter "presplit"
Info (11172): Splitter: "alt_sld_fab" instantiated altera_sld_splitter "splitter"
Info (11172): Sldfabric: "alt_sld_fab" instantiated altera_sld_jtag_hub "sldfabric"
Info (11172): Ident: "alt_sld_fab" instantiated altera_connection_identification_hub "ident"
Info (11172): Alt_sld_fab: Done "alt_sld_fab" with 6 modules, 6 files
Info (11171): Finished IP generation for the debug fabric: alt_sld_fab.
Info (12021): Found 1 design units, including 1 entities, in source file db/ip/sldb25c66b5/alt_sld_fab.v
    Info (12023): Found entity 1: alt_sld_fab File: Y:/QuartusPrj/dcj11_helloworld/db/ip/sldb25c66b5/alt_sld_fab.v Line: 9
Info (12021): Found 1 design units, including 1 entities, in source file db/ip/sldb25c66b5/submodules/alt_sld_fab_alt_sld_fab.v
    Info (12023): Found entity 1: alt_sld_fab_alt_sld_fab File: Y:/QuartusPrj/dcj11_helloworld/db/ip/sldb25c66b5/submodules/alt_sld_fab_alt_sld_fab.v Line: 9
Info (12021): Found 1 design units, including 1 entities, in source file db/ip/sldb25c66b5/submodules/alt_sld_fab_alt_sld_fab_ident.sv
    Info (12023): Found entity 1: alt_sld_fab_alt_sld_fab_ident File: Y:/QuartusPrj/dcj11_helloworld/db/ip/sldb25c66b5/submodules/alt_sld_fab_alt_sld_fab_ident.sv Line: 33
Info (12021): Found 1 design units, including 1 entities, in source file db/ip/sldb25c66b5/submodules/alt_sld_fab_alt_sld_fab_presplit.sv
    Info (12023): Found entity 1: alt_sld_fab_alt_sld_fab_presplit File: Y:/QuartusPrj/dcj11_helloworld/db/ip/sldb25c66b5/submodules/alt_sld_fab_alt_sld_fab_presplit.sv Line: 3
Info (12021): Found 2 design units, including 1 entities, in source file db/ip/sldb25c66b5/submodules/alt_sld_fab_alt_sld_fab_sldfabric.vhd
    Info (12022): Found design unit 1: alt_sld_fab_alt_sld_fab_sldfabric-rtl File: Y:/QuartusPrj/dcj11_helloworld/db/ip/sldb25c66b5/submodules/alt_sld_fab_alt_sld_fab_sldfabric.vhd Line: 102
    Info (12023): Found entity 1: alt_sld_fab_alt_sld_fab_sldfabric File: Y:/QuartusPrj/dcj11_helloworld/db/ip/sldb25c66b5/submodules/alt_sld_fab_alt_sld_fab_sldfabric.vhd Line: 11
Info (12021): Found 1 design units, including 1 entities, in source file db/ip/sldb25c66b5/submodules/alt_sld_fab_alt_sld_fab_splitter.sv
    Info (12023): Found entity 1: alt_sld_fab_alt_sld_fab_splitter File: Y:/QuartusPrj/dcj11_helloworld/db/ip/sldb25c66b5/submodules/alt_sld_fab_alt_sld_fab_splitter.sv Line: 3
Info (12205): 1 design partition requires Analysis and Synthesis
    Info (12211): Partition "Top" requires synthesis because there were changes to its dependent source files
Info (12208): 2 design partitions do not require synthesis
    Info (12229): Partition "sld_signaltap:auto_signaltap_0" does not require synthesis because there were no relevant design changes
    Info (12229): Partition "sld_hub:auto_hub" does not require synthesis because there were no relevant design changes
Warning (276020): Inferred RAM node "dcj11_sram_2kb_hello_core:core|Kl11Lite:kl11|Queue64_UInt8:txQueue|ram_64x8:ram_ext|Memory_rtl_0" from synchronous design logic.  Pass-through logic has been added to match the read-during-write behavior of the original design.
Info (19000): Inferred 1 megafunctions from design logic
    Info (276029): Inferred altsyncram megafunction from the following design logic: "dcj11_sram_2kb_hello_core:core|Kl11Lite:kl11|Queue64_UInt8:txQueue|ram_64x8:ram_ext|Memory_rtl_0" 
        Info (286033): Parameter OPERATION_MODE set to DUAL_PORT
        Info (286033): Parameter WIDTH_A set to 8
        Info (286033): Parameter WIDTHAD_A set to 6
        Info (286033): Parameter NUMWORDS_A set to 64
        Info (286033): Parameter WIDTH_B set to 8
        Info (286033): Parameter WIDTHAD_B set to 6
        Info (286033): Parameter NUMWORDS_B set to 64
        Info (286033): Parameter ADDRESS_ACLR_A set to NONE
        Info (286033): Parameter OUTDATA_REG_B set to UNREGISTERED
        Info (286033): Parameter ADDRESS_ACLR_B set to NONE
        Info (286033): Parameter OUTDATA_ACLR_B set to NONE
        Info (286033): Parameter ADDRESS_REG_B set to CLOCK0
        Info (286033): Parameter INDATA_ACLR_A set to NONE
        Info (286033): Parameter WRCONTROL_ACLR_A set to NONE
Info (12130): Elaborated megafunction instantiation "dcj11_sram_2kb_hello_core:core|Kl11Lite:kl11|Queue64_UInt8:txQueue|ram_64x8:ram_ext|altsyncram:Memory_rtl_0"
Info (12133): Instantiated megafunction "dcj11_sram_2kb_hello_core:core|Kl11Lite:kl11|Queue64_UInt8:txQueue|ram_64x8:ram_ext|altsyncram:Memory_rtl_0" with the following parameter:
    Info (12134): Parameter "OPERATION_MODE" = "DUAL_PORT"
    Info (12134): Parameter "WIDTH_A" = "8"
    Info (12134): Parameter "WIDTHAD_A" = "6"
    Info (12134): Parameter "NUMWORDS_A" = "64"
    Info (12134): Parameter "WIDTH_B" = "8"
    Info (12134): Parameter "WIDTHAD_B" = "6"
    Info (12134): Parameter "NUMWORDS_B" = "64"
    Info (12134): Parameter "ADDRESS_ACLR_A" = "NONE"
    Info (12134): Parameter "OUTDATA_REG_B" = "UNREGISTERED"
    Info (12134): Parameter "ADDRESS_ACLR_B" = "NONE"
    Info (12134): Parameter "OUTDATA_ACLR_B" = "NONE"
    Info (12134): Parameter "ADDRESS_REG_B" = "CLOCK0"
    Info (12134): Parameter "INDATA_ACLR_A" = "NONE"
    Info (12134): Parameter "WRCONTROL_ACLR_A" = "NONE"
Info (12021): Found 1 design units, including 1 entities, in source file db/altsyncram_8ac1.tdf
    Info (12023): Found entity 1: altsyncram_8ac1 File: Y:/QuartusPrj/dcj11_helloworld/db/altsyncram_8ac1.tdf Line: 27
Info (281020): Starting Logic Optimization and Technology Mapping for Top Partition
Info (13000): Registers with preset signals will power-up high File: Y:/QuartusPrj/dcj11_helloworld/task7_sram_2kb_hello/dcj11_sram_2kb_hello_core.v Line: 406
Info (13003): DEV_CLRn pin will set, and not reset, register with preset signal due to NOT Gate Push-Back
Warning (13024): Output pins are stuck at VCC or GND
    Warning (13410): Pin "dcj_irq[1]" is stuck at GND File: Y:/QuartusPrj/dcj11_helloworld/task7_sram_2kb_hello/top.v Line: 32
    Warning (13410): Pin "dcj_event_n" is stuck at VCC File: Y:/QuartusPrj/dcj11_helloworld/task7_sram_2kb_hello/top.v Line: 33
Info (286031): Timing-Driven Synthesis is running on partition "Top"
Info (17049): 2 registers lost all their fanouts during netlist optimizations.
Info (21057): Implemented 1628 device resources after synthesis - the final resource count might be different
    Info (21058): Implemented 19 input pins
    Info (21059): Implemented 41 output pins
    Info (21060): Implemented 37 bidirectional pins
    Info (21061): Implemented 1523 logic cells
    Info (21064): Implemented 8 RAM segments
Info (144001): Generated suppressed messages file Y:/QuartusPrj/dcj11_helloworld/output_files/dcj11_helloworld.map.smsg
Info: Quartus Prime Analysis & Synthesis was successful. 0 errors, 11 warnings
    Info: Peak virtual memory: 736 megabytes
    Info: Processing ended: Fri Jun 26 22:24:42 2026
    Info: Elapsed time: 00:00:39
    Info: Total CPU time (on all processors): 00:00:00


+------------------------------------------+
; Analysis & Synthesis Suppressed Messages ;
+------------------------------------------+
The suppressed messages can be found in Y:/QuartusPrj/dcj11_helloworld/output_files/dcj11_helloworld.map.smsg.


